title,id,description,publishDate,category,heading,path,shortDate,thumbnail,url
กทม. บูรณาการ ปปส.-ตำรวจ ปูพรมตรวจค้น ยึดยาบ้า 23 ล้านเม็ด,558535,ชัชชาติ ลงพื้นที่เอง! ปิดล้อมชุมชนทุ่งครุ จับผู้ค้ารายย่อย-ส่งผู้เสพเข้าบำบัดตามแผน Safe BKK,25 กันยายน 2569,"{'name': 'อาชญากรรม', 'id': '66c3c4ce350823a8c40ffd4e', 'path': '/news/crime'}",False,/news/crime/558535,25 ก.ย. 69,"{'id': '6ab5f29b0b6d3f84c2087132', 'sm': 'https://static.amarintv.com/media/Dpe4A5wywPtiPookSiK4sCb1bZbpyuaBxuXIHOZmh50bsK0GGKbeKSst4ywyIMVRr.jpg', 'md': 'https://static.amarintv.com/media/Dpe4A5wywPtiPookSiK4sCb1bZbpyuaBxuXIHOZmh50bsK0GGLPAYwLV3Y2s1GzCV.jpg', 'lg': 'https://static.amarintv.com/media/PJVlR0ljpO8Fan1j2lHEJ0HCpLEQphpdbZdff1fxKG0iaYvHLUxeWvHYk6wp2cJbEh.jpg', 'caption': 'News Web_16-9 (14).jpg'}",https://www.amarintv.com/news/crime/558535
ส.ต.ท. ขึ้นสไลด์ Glock 19 ลืมเช็กรังเพลิง ปืนลั่น เจาะหัวแม่เสียชีวิต,558524,ส.ต.ท. ขึ้นสไลด์ Glock 19 ลืมเช็กรังเพลิง ปืนลั่น เจาะหัวแม่เสียชีวิต,25 กันยายน 2569,"{'name': 'อาชญากรรม', 'id': '66c3c4ce350823a8c40ffd4e', 'path': '/news/crime'}",False,/news/crime/558524,25 ก.ย. 69,"{'id': '6ab5d5c98f0de2e27805c6c2', 'sm': 'https://static.amarintv.com/media/Dpe4A5wywPtiPon8m1IvABzok5Q1gCCzk9w6A4EZ09xPsDoZI7ZP6PAOzhqG6kH8Z.jpg', 'md': 'https://static.amarintv.com/media/Dpe4A5wywPtiPon8m1IvABzok5Q1gCCzk9w6A4EZ09xPsDoZI8MwKsc0yHwBpeltD.jpg', 'lg': 'https://static.amarintv.com/media/PJVlR0ljpO8FanzEUbaKEHjRmcdm8QbrCvIDhtgOuzJW15Ezy08RmrvoPKJBieWdaN.jpg', 'caption': 'News Web_16-9 (6).jpg'}",https://www.amarintv.com/news/crime/558524
หนุ่มทำทีซื้อทอง ก่อนวิ่งราวสร้อย 2 บาท วินฮึดสู้ 4 แรง ช่วยรวบ,558482,นาทีระทึก! เมียนมาทำทีซื้อทอง ก่อนวิ่งราวสร้อย 2 บาท วินอุดมสุขฮึดสู้ 4 แรงช่วยรวบตัวส่ง สน.บางนา,24 กันยายน 2569,"{'name': 'อาชญากรรม', 'id': '66c3c4ce350823a8c40ffd4e', 'path': '/news/crime'}",False,/news/crime/558482,24 ก.ย. 69,"{'id': '6ab4eda0b50fc8306c075182', 'sm': 'https://static.amarintv.com/media/Dpe4A5wywPtiPnYFAIW86e9k6dLNeWBYH4Hs4nOer0u2vc8hfEaFRS1k4eR4GmwJf.jpg', 'md': 'https://static.amarintv.com/media/Dpe4A5wywPtiPnYFAIW86e9k6dLNeWBYH4Hs4nOer0u2vc8hfFNlfwUM3EXyzhP4J.jpg', 'lg': 'https://static.amarintv.com/media/PJVlR0ljpO8Fainaoii3nh8UhaeTrU5tmnt3bz90xDzkH9n8UJ5rlpr7ZkJEh7SXO9.jpg', 'caption': 'News Web_16-9 - 2026-09-24T162910.936.jpg'}",https://www.amarintv.com/news/crime/558482
"อัยการนัด 5 ต.ค. ฟังคำสั่งคดี Forex ""ภาวุธ-ฟิล์ม"" ยันบริสุทธิ์",558485,"อัยการนัด 5 ต.ค. ฟังคำสั่งคดีForex ขณะ""ภาวุธ-ฟิล์ม รัฐภูมิ"" ทั้งคู่ยืนยันความบริสุทธิ์ เตรียมยื่นขอความเป็นธรรม",24 กันยายน 2569,"{'name': 'อาชญากรรม', 'id': '66c3c4ce350823a8c40ffd4e', 'path': '/news/crime'}",False,/news/crime/558485,24 ก.ย. 69,"{'id': '6ab4ec3823cc9472af07e302', 'sm': 'https://static.amarintv.com/media/Dpe4A5wywPtiPnYE4spg3hxavXEacXZ6i4GsTddZdPb4hUIIuGdwFTfkfr5zNILed.jpg', 'md': 'https://static.amarintv.com/media/Dpe4A5wywPtiPnYE4spg3hxavXEacXZ6i4GsTddZdPb4hUIIuHRSTw8MeSBt6CpPH.jpg', 'lg': 'https://static.amarintv.com/media/PJVlR0ljpO8FainaSMbdzViGflQRPKrHyHps8ZrbKvxPblHmGOa6WKXFvQd4Uy89yt.jpg', 'caption': 'News Web_16-9 (27).jpg'}",https://www.amarintv.com/news/crime/558485
แม่จี้ ตร.ล่าตัวคนร้าย คดีน้องพิม ดับปริศนา เพื่อนสนิทเผยฝันชวนขนลุก,558483,"แม่เศร้าใจแทบขาด! จี้ ตร.ล่าตัวคนร้ายคดี ""น้องพิม"" พนักงานสะดวกซื้อดับปริศนาคาหอพัก ด้านเพื่อนสนิทเผยความฝันชวนขนลุก ลั่นไม่มีทางคิดสั้นแน่นอน",24 กันยายน 2569,"{'name': 'อาชญากรรม', 'id': '66c3c4ce350823a8c40ffd4e', 'path': '/news/crime'}",False,/news/crime/558483,24 ก.ย. 69,"{'id': '6ab4e82b2252af58c400cf12', 'sm': 'https://static.amarintv.com/media/Dpe4A5wywPtiPnYBtUGAppYYGcSFVLDMLOM2sqwu4kKCkJdEy73Aw5BYLErrjHyJv.jpg', 'md': 'https://static.amarintv.com/media/Dpe4A5wywPtiPnYBtUGAppYYGcSFVLDMLOM2sqwu4kKCkJdEy8qhBYeAJoxmSCR4Z.jpg', 'lg': 'https://static.amarintv.com/media/PJVlR0ljpO8FainNJI8ywC4rgoyqDbnMSWpL6gpTrnTcpRGD4S7JENQY0EfkvnaoTD.jpg', 'caption': 'ขนลุกฝันถึงน้องพิม (3).jpg'}",https://www.amarintv.com/news/crime/558483
ระทึกอโศก! ชายคลั่งถือมีดไล่แทงชาวบ้าน เจ็บ 4 ราย,558471,ระทึกกลางอโศก! ชายคลั่งถือมีดไล่แทงชาวบ้าน-พังร้านค้าบาดเจ็บ 4 ราย ต้องปิดถนนหน้าสถานทูตอิสราเอล ล่าสุดรวบตัวได้แล้ว,24 กันยายน 2569,"{'name': 'อาชญากรรม', 'id': '66c3c4ce350823a8c40ffd4e', 'path': '/news/crime'}",False,/news/crime/558471,24 ก.ย. 69,"{'id': '6ab4d72ad6f1f348a30cd292', 'sm': 'https://static.amarintv.com/media/Dpe4A5wywPtiPnXsrmzWDEHuYpW0JOh2BaWgLbd8h8vvEJOqgMQFNHvdYmky8THe1.jpg', 'md': 'https://static.amarintv.com/media/Dpe4A5wywPtiPnXsrmzWDEHuYpW0JOh2BaWgLbd8h8vvEJOqgNDlblOFXMqtrNlPf.jpg', 'lg': 'https://static.amarintv.com/media/PJVlR0ljpO8Fail6kIUDCpB9j0yTUID1D2083PdwAS5MVIIniySZUZ2qYAbLVmIfZz.jpg', 'caption': 'ปกใหม่_16-9 - 2026-09-24T145357.220.jpg'}",https://www.amarintv.com/news/crime/558471
จับแล้ว 4 ราย! แก๊งขาใหญ่ฮั้วประมูลข้าว รุมยำคู่แข่งสาหัส,558463,ไม่กลัวกฎหมาย! ตร.ภ.5 แกะรอยจับ 4 ขาใหญ่รุมฟัน-เตะคู่แข่งประมูลข้าว หลังปฏิเสธฮั้วราคา พบประวัติโชกโชน-เร่งล่าอีก 1 ราย,24 กันยายน 2569,"{'name': 'อาชญากรรม', 'id': '66c3c4ce350823a8c40ffd4e', 'path': '/news/crime'}",False,/news/crime/558463,24 ก.ย. 69,"{'id': '6ab4c4bc5d1e7cfcf50a5772', 'sm': 'https://static.amarintv.com/media/Dpe4A5wywPtiPnXZhlt3LeFjKOejB7N8qDBc23XqhiCmXz7fYDEEfkH0mW2NUC5jP.jpg', 'md': 'https://static.amarintv.com/media/Dpe4A5wywPtiPnXZhlt3LeFjKOejB7N8qDBc23XqhiCmXz7fYD1kuDkck68IC7ZT3.jpg', 'lg': 'https://static.amarintv.com/media/PJVlR0ljpO8Faikpcvzd1aO9MP0MoEhshmeDQopxogiyeahrlKUyam9EQvg93XRPg5.jpg', 'caption': 'ปกใหม่_16-9 - 2026-09-24T133516.992.jpg'}",https://www.amarintv.com/news/crime/558463
"ทนายครอบครัว เผยหลักฐานนิติวิทยาศาสตร์ ชี้ชัด ""โกทร"" ยิง สจ.โต้ง จริง",558460,"ทนายครอบครัว ""อดีต สจ.โต้ง"" เผยหลักฐานนิติวิทยาศาสตร์ชี้ชัด ""โกทร"" เป็นคนยิง ""สจ.โต้ง"" จริง ครอบครัวดีใจได้รับความยุติธรรมขั้นหนึ่ง",24 กันยายน 2569,"{'name': 'อาชญากรรม', 'id': '66c3c4ce350823a8c40ffd4e', 'path': '/news/crime'}",False,/news/crime/558460,24 ก.ย. 69,"{'id': '6ab4c1bc8ebe9d38e4074472', 'sm': 'https://static.amarintv.com/media/Dpe4A5wywPtiPnXZTz68IDX9DirPY4CCpXkB2ydiIl1ri3iKKFkgVKdyIrKNnCttj.jpg', 'md': 'https://static.amarintv.com/media/Dpe4A5wywPtiPnXZTz68IDX9DirPY4CCpXkB2ydiIl1ri3iKKGYCjn6aHRQIV7NeN.jpg', 'lg': 'https://static.amarintv.com/media/PJVlR0ljpO8Faikoh4feRP9CGrQjkzWbA1WvwUaA7iVt2FXD7guxVnFuCPTVJyeYJf.jpg', 'caption': 'News Web_16-9 - 2026-09-24T131812.948.jpg'}",https://www.amarintv.com/news/crime/558460
ด่วน! ศาลพิพากษาประหารชีวิต “โกทร” พร้อมพวก 3 ราย คดี “สจ.โต้ง”,558458,ด่วน! ศาลอาญาพิพากษาประหารชีวิต “โกทร” พร้อมพวก 3 ราย คดีฆาตกรรม “สจ.โต้ง” เบื้องต้นให้การรับสารภาพ จึงลดโทษเหลือจำคุกตลอดชีวิต,24 กันยายน 2569,"{'name': 'อาชญากรรม', 'id': '66c3c4ce350823a8c40ffd4e', 'path': '/news/crime'}",False,/news/crime/558458,24 ก.ย. 69,"{'id': '6ab4b1eedf633d9f98070182', 'sm': 'https://static.amarintv.com/media/Dpe4A5wywPtiPnXGWwm1w0mLkqzpbyokTRbfdjfO2WlJX41wmiK7j4cpu0acgL1MZ.jpg', 'md': 'https://static.amarintv.com/media/Dpe4A5wywPtiPnXGWwm1w0mLkqzpbyokTRbfdjfO2WlJX41wmi8dyX5RtagXPGU7D.jpg', 'lg': 'https://static.amarintv.com/media/PJVlR0ljpO8FaijYSEweFrPp1e1VI1Jj5mBj8Gk9adTYuuyEvCxPye7DZviYngJNON.jpg', 'caption': 'ประหารชีวิต (3).jpg'}",https://www.amarintv.com/news/crime/558458
แผนสงครามส่งด่วน เปิดปฏิบัติการพิทักษ์คีรีขันธ์ ยึดบุหรี่เถื่อน37ล้าน,558446,เปิดปฏิบัติการพิทักษ์คีรีขันธ์ รวบขบวนการขนส่งสินค้าหนีภาษีผ่านขนส่งเอกชน ยึดบุหรี่เถื่อนพุ่ง 37 ล้านบาท ตะลึงปรับแผนใช้ สงครามส่งด่วน ตบตาเจ้าหน้าที่,24 กันยายน 2569,"{'name': 'อาชญากรรม', 'id': '66c3c4ce350823a8c40ffd4e', 'path': '/news/crime'}",False,/news/crime/558446,24 ก.ย. 69,"{'id': '6ab4a53c9d737ab1a70f5f62', 'sm': 'https://static.amarintv.com/media/Dpe4A5wywPtiPnWxrIua2f01Y5oe3LxKwuKSmwiyvkNUutB0qWa3OWjAF4HghSWo1.jpg', 'md': 'https://static.amarintv.com/media/Dpe4A5wywPtiPnWxrIua2f01Y5oe3LxKwuKSmwiyvkNUutB0qXOZc0BmEeNbQM0Zf.jpg', 'lg': 'https://static.amarintv.com/media/PJVlR0ljpO8FaiiJMIHs9FgQe6DNh2rChQmg4IfvmdhDq55ngwTB1g9LYsyNOFBGrz.jpg', 'caption': 'ยึดบุหรี่เถื่อน37ล้าน (3).jpg'}",https://www.amarintv.com/news/crime/558446
"""ฟิล์ม รัฐภูมิ - ป้อม ภาวุธ"" ไม่กังวล พร้อมลุยสู้คดี Forex",558439,"DSI สั่งฟ้อง “ป้อม ภาวุธ -ฟิล์ม รัฐภูมิ” คดี Forex พร้อมพวกรวม 34 ราย มูลค่าความเสียหายพันล้านบาท ""ฟิล์ม รัฐภูมิ - ป้อม ภาวุธ"" ไม่กังวลพร้อมลุยสู้คดี",24 กันยายน 2569,"{'name': 'อาชญากรรม', 'id': '66c3c4ce350823a8c40ffd4e', 'path': '/news/crime'}",False,/news/crime/558439,24 ก.ย. 69,"{'id': '6ab49b56a9889c82020bb222', 'sm': 'https://static.amarintv.com/media/Dpe4A5wywPtiPnKm3a1e3FQBxrOEuzXPsLU7wQsC9AfjuyGbWgx6EL3dykTOp0tkh.jpg', 'md': 'https://static.amarintv.com/media/Dpe4A5wywPtiPnKm3a1e3FQBxrOEuzXPsLU7wQsC9AfjuyGbWhlcSpWFxKZJYvNVL.jpg', 'lg': 'https://static.amarintv.com/media/PJVlR0ljpO8Faht2k243hbsLbMeHnWIA2ayizS92T4GXnQ2k83ILjg5uHNAjdY5w1P.jpg', 'caption': 'พร้อมลุยสู้คดี Forex (3).jpg'}",https://www.amarintv.com/news/crime/558439
"ลุ้นคำพิพากษา คดีฆาตกรรม ""สจ.โต้ง ปราจีน"" ดับคาบ้าน ""โกทร""",558435,"ลุ้นคำพิพากษาศาลอาญา คดีฆาตกรรม ""สจ.โต้ง ปราจีน"" ดับคาบ้าน ""โกทร"" เมียมั่นใจทวงคืนความยุติธรรม หลักฐานนิติวิทยาศาสตร์มัดแน่น",24 กันยายน 2569,"{'name': 'อาชญากรรม', 'id': '66c3c4ce350823a8c40ffd4e', 'path': '/news/crime'}",False,/news/crime/558435,24 ก.ย. 69,"{'id': '6ab4960eb7fe08114e038772', 'sm': 'https://static.amarintv.com/media/Dpe4A5wywPtiPnKjnXQoM4kGFWY5reKTopVe2SVZI2xkAsT9rTXwmr4YgNwJf3117.jpg', 'md': 'https://static.amarintv.com/media/Dpe4A5wywPtiPnKjnXQoM4kGFWY5reKTopVe2SVZI2xkAsT9rULS1LXAex2EOyVml.jpg', 'lg': 'https://static.amarintv.com/media/PJVlR0ljpO8FahtpIkEuBTnDIIe6PiilJ4sveLuXyqQsq7AiursMkDHgPX78KT18wl.jpg', 'caption': 'ลุ้นคำพิพากษาคดีสจ.โต้ง (3).jpg'}",https://www.amarintv.com/news/crime/558435
อวสานแก๊งซิ่ง TEENOSIE ตร.รวบ 4 ราย ศาลสั่งริบรถ 4 คันตกเป็นของแผ่นดิน,558430,"อวสานแก๊งซิ่ง ""TEENOSIE"" ป่วนถนนวิภาวดีฯ  ตร.ตามจับ 4 ราย ยึดรถ 4 คัน ศาลสั่งจำคุก รอลงอาญา ติด EM พร้อมริบรถตกเป็นของแผ่นดิน",24 กันยายน 2569,"{'name': 'อาชญากรรม', 'id': '66c3c4ce350823a8c40ffd4e', 'path': '/news/crime'}",False,/news/crime/558430,24 ก.ย. 69,"{'id': '6ab48a468f2d83ae5e057182', 'sm': 'https://static.amarintv.com/media/Dpe4A5wywPtiPnKT1seFn2JyrVH9FZIQ3l0G4RDj5tNbFmtNxZOJaPUwcoF6xgeg1.jpg', 'md': 'https://static.amarintv.com/media/Dpe4A5wywPtiPnKT1seFn2JyrVH9FZIQ3l0G4RDj5tNbFmtNxaBposxYbOL1ga8Rf.jpg', 'lg': 'https://static.amarintv.com/media/PJVlR0ljpO8FahsmBxqPSnmhU7O8OTwJvmPKgWawWWrd1N4s710aslIdGmnrpFVlpz.jpg', 'caption': 'News Web_16-9 (3).jpg'}",https://www.amarintv.com/news/crime/558430
อุทาหรณ์! หนุ่มคุยกับแฟนเพลิน พลัดตกชั้น 5 ลุกเดินหาโทรศัพท์ชิลๆ,558427,อุทาหรณ์! หนุ่มคุยกับแฟนเพลิน พลัดตกชั้น 5 กระแทกหลังคาพังยับ เจ้าตัวลุกเดินหาโทรศัพท์ชิลๆ,24 กันยายน 2569,"{'name': 'อาชญากรรม', 'id': '66c3c4ce350823a8c40ffd4e', 'path': '/news/crime'}",False,/news/crime/558427,24 ก.ย. 69,"{'id': '6ab48176e45bc3cc43055832', 'sm': 'https://static.amarintv.com/media/Dpe4A5wywPtiPnKQTbMIssyatRjCfX5gliwAKR4sZHQiG3Q395KzqhTs0QxsB4qLb.jpg', 'md': 'https://static.amarintv.com/media/Dpe4A5wywPtiPnKQTbMIssyatRjCfX5gliwAKR4sZHQiG3Q3958V5AwUy03muzJ6F.jpg', 'lg': 'https://static.amarintv.com/media/PJVlR0ljpO8FahsXWQSIApCOW8gqVkxgnFkMqd8LVsAU0cNxNhutN1YGKKcYqfNtOd.jpg', 'caption': 'News Web_16-9 - 2026-09-24T084826.663.jpg'}",https://www.amarintv.com/news/crime/558427
เร่งค้นหา! ต่างชาติพลัดตกคลองเขตหนองปรือ  กู้ภัยพบรองเท้าตกอยู่,558428,กู้ภัยยังระดมค้นหาต่างชาติถูกน้ำพัดตกคลองเขตหนองปรือ หลังฝนถล่มข้ามคืน ขณะสถานการณ์น้ำลดแล้วกลับสู่ภาวะปกติ,24 กันยายน 2569,"{'name': 'อาชญากรรม', 'id': '66c3c4ce350823a8c40ffd4e', 'path': '/news/crime'}",False,/news/crime/558428,24 ก.ย. 69,"{'id': '6ab47eb825c96d9983000ff3', 'sm': 'https://static.amarintv.com/media/Dpe4A5wywPtiPnKBNxVni5nzDhPtVlskrjk3V7CFdW9mB42IAQkQQOvNTWn65Qhel.jpg', 'md': 'https://static.amarintv.com/media/Dpe4A5wywPtiPnKBNxVni5nzDhPtVlskrjk3V7CFdW9mB42IARXwesNzR6t1oLBPP.jpg', 'lg': 'https://static.amarintv.com/media/PJVlR0ljpO8FahrXC7vVWOAaylS7PNuHh48UinumlQ6ZB4zfC8Js7Qvl8SkGLDd0Vv.jpg', 'caption': 'News Web_16-9 (1).jpg'}",https://www.amarintv.com/news/crime/558428
สุดทน! หนุ่มใหญ่รัว.357 ใส่เพื่อนบ้าน 3 นัดดับคาที่ อ้างหาเรื่องทุกวัน,558416,สุดทนเพื่อนบ้านก่อกวน! หนุ่มใหญ่คว้าปืน .357 กระหน่ำยิงเพื่อนบ้าน 3 นัดดับสยองหน้าบ้าน ก่อนถืออาวุธปืนเข้ามอบตัวกับตำรวจ,23 กันยายน 2569,"{'name': 'อาชญากรรม', 'id': '66c3c4ce350823a8c40ffd4e', 'path': '/news/crime'}",False,/news/crime/558416,23 ก.ย. 69,"{'id': '6ab3e5545e0543a6f30b4e82', 'sm': 'https://static.amarintv.com/media/Dpe4A5wywPtiPmHvcEOpxFqsSpmF628g97JONHRSZBkl5mhpR4rgfVoxpeaj7HZCF.jpg', 'md': 'https://static.amarintv.com/media/Dpe4A5wywPtiPmHvcEOpxFqsSpmF628g97JONHRSZBkl5mhpR5fCtzHZoEgeqB2wt.jpg', 'lg': 'https://static.amarintv.com/media/PJVlR0ljpO8FadaD53ekireW5FzSjI96PyOGqKDZ9UjKl5JAdzxsBpPIFos3Uru4ln.jpg', 'caption': 'ปกใหม่_16-9 - 2026-09-23T214202.349.jpg'}",https://www.amarintv.com/news/crime/558416
แจงคลิปโรงพักร้าง!  ผกก.เมืองเชียงราย ยันเป็นช่วงเปลี่ยนเวร,558412,สยบดรามา “โรงพักไร้ตำรวจ” ผกก.เมืองเชียงราย ยันเป็นช่วงส่งมอบรายงานเปลี่ยนเวรชั้น 2 เปิดวงจรปิดมัดคนถ่ายภาพอยู่ไม่ถึง 3 นาที ก่อนเอาไปโพสต์,23 กันยายน 2569,"{'name': 'อาชญากรรม', 'id': '66c3c4ce350823a8c40ffd4e', 'path': '/news/crime'}",False,/news/crime/558412,23 ก.ย. 69,"{'id': '6ab3d7b165f0d680470436e2', 'sm': 'https://static.amarintv.com/media/Dpe4A5wywPtiPmHco6wAdmGADSglUjFgkqBtCLwU6y3h9HJNH8MbRpfgn2uKbjM7r.jpg', 'md': 'https://static.amarintv.com/media/Dpe4A5wywPtiPmHco6wAdmGADSglUjFgkqBtCLwU6y3h9HJNH897gI8Imc0FKdqsV.jpg', 'lg': 'https://static.amarintv.com/media/PJVlR0ljpO8FadYyVEqN8RSwNmemI42yjbhH7Cnke2JWUVgCMwPWdLMzxBHwAajEeh.jpg', 'caption': 'ปกใหม่_16-9 - 2026-09-23T204324.479.jpg'}",https://www.amarintv.com/news/crime/558412
อุทาหรณ์! พ่อเช็ดลูกซอง ลั่นใส่ลูกสาวพรุนนับ 10 แผล ขณะนั่งเล่นมือถือ,558408,อุทาหรณ์! พ่อ เอาลูกซองมาเช็ดทำความสะอาด ลืมเช็กกระสุน ลั่นสนั่นห้อง พุ่งเจาะหัวเข่าลูกสาวพรุนนับ 10 แผล ขณะนั่งเล่นมือถือ,23 กันยายน 2569,"{'name': 'อาชญากรรม', 'id': '66c3c4ce350823a8c40ffd4e', 'path': '/news/crime'}",False,/news/crime/558408,23 ก.ย. 69,"{'id': '6ab3c5561b540af32e065492', 'sm': 'https://static.amarintv.com/media/Dpe4A5wywPtiPmHJh04RWzF1H760NhPjpTsDdx9Wnw0cuCYlJUF1EisXI1hwhlYSZ.jpg', 'md': 'https://static.amarintv.com/media/Dpe4A5wywPtiPmHJh04RWzF1H760NhPjpTsDdx9Wnw0cuCYlJU3XTCK9HbnrQf2DD.jpg', 'lg': 'https://static.amarintv.com/media/PJVlR0ljpO8FadXhZwcXsO8LW3g7l3STQlX4XEZXeRqmqF3jYWoK7DJ2i6KnTVj2AN.jpg', 'caption': 'ปกใหม่_16-9 - 2026-09-23T192501.744.jpg'}",https://www.amarintv.com/news/crime/558408
ด่วน! ปกครอง “บุกทลายสายฟ้าแลบบ่อนดินแดง” ของกลางเพียบ,558406,ด่วน! ชุดปฏิบัติการพิเศษกรมการปกครอง เปิดยุทธการ “บุกทลายสายฟ้าแลบบ่อนดินแดง” รวบนักเล่น-ของกลางเพียบ,23 กันยายน 2569,"{'name': 'อาชญากรรม', 'id': '66c3c4ce350823a8c40ffd4e', 'path': '/news/crime'}",False,/news/crime/558406,23 ก.ย. 69,"{'id': '6ab3bff584d17c46dd081172', 'sm': 'https://static.amarintv.com/media/Dpe4A5wywPtiPmG4Oh5pAOCvEJVU6aiwmNeQtRXCTIyGVM0Agv8WURWZass3LJTPH.jpg', 'md': 'https://static.amarintv.com/media/Dpe4A5wywPtiPmG4Oh5pAOCvEJVU6aiwmNeQtRXCTIyGVM0Agwv2iuzBZSyx4Dw9v.jpg', 'lg': 'https://static.amarintv.com/media/PJVlR0ljpO8FadWgMEGFS59YVIkGdPpmtxq9E7tHhCW2LjAuLLvN97fMApuesnnAZ3.jpg', 'caption': 'ปกใหม่_16-9 - 2026-09-23T190219.651.jpg'}",https://www.amarintv.com/news/crime/558406
ลมแทบจับ! บ้านโดนงัดทรัพย์สินเกลี้ยง แถมบิลค่าไฟพุ่ง 5 หมื่นบาท,558392,ลมแทบจับ! บ้านโดนงัดทรัพย์สินเกลี้ยง แถมบิลค่าไฟพุ่ง 5 หมื่นบาท จากปกติไม่ถึงร้อย ล่าสุด มท.2  สั่งเบรกด่วน ยังไม่ต้องจ่ายจนกว่าจะเคลียร์สาเหตุชัด,23 กันยายน 2569,"{'name': 'อาชญากรรม', 'id': '66c3c4ce350823a8c40ffd4e', 'path': '/news/crime'}",False,/news/crime/558392,23 ก.ย. 69,"{'id': '6ab3a3df1c31b53b520c90f3', 'sm': 'https://static.amarintv.com/media/Dpe4A5wywPtiPmGhfSzzqWYsPQlJXwhxusk8yXfoF5fEKd3TFyiJDIa0xSWtntrUR.jpg', 'md': 'https://static.amarintv.com/media/Dpe4A5wywPtiPmGhfSzzqWYsPQlJXwhxusk8yXfoF5fEKd3TFzVpRl3cv2coWoLE5.jpg', 'lg': 'https://static.amarintv.com/media/PJVlR0ljpO8FadVAVPwBY4eCrChYuMbja4IrGBEpidaRNRaWz2Y9LKng925BUp2btL.jpg', 'caption': 'บิลค่าไฟพุ่ง5หมื่นบาท (3).jpg'}",https://www.amarintv.com/news/crime/558392
ด่วน! ศาลสั่งถอนประกัน “ทรงชัย นกขมิ้น” คดีเสาไฟกินรี หวั่นยุ่งพยาน,558386,ด่วน! ศาลสั่งถอนประกัน “ทรงชัย นกขมิ้น” อดีตนายกอบต.ราชาเทวะ คดีเสาไฟกินรี เนียนนั่งโฆษกส่วนตัวร่วมประชุมสภาฯ ส่อยุ่งเหยิงพยาน ส่งตัวเข้าเรือนจำทันที,23 กันยายน 2569,"{'name': 'อาชญากรรม', 'id': '66c3c4ce350823a8c40ffd4e', 'path': '/news/crime'}",False,/news/crime/558386,23 ก.ย. 69,"{'id': '6ab39c0df2aff59fe70676c2', 'sm': 'https://static.amarintv.com/media/Dpe4A5wywPtiPl4W4Y3aZFEinzAUtqCOSeKZfUqBQEFVmh4yd3iDxzsSGU9jrMUUl.jpg', 'md': 'https://static.amarintv.com/media/Dpe4A5wywPtiPl4W4Y3aZFEinzAUtqCOSeKZfUqBQEFVmh4yd4VkCTK4E5FeaGyFP.jpg', 'lg': 'https://static.amarintv.com/media/PJVlR0ljpO8Facguk2w1Bi6zCalXmljNCUi9TXXfMU2FRKCkbTCnf9VhufvYQ8FfDv.jpg', 'caption': 'ปกใหม่_16-9 - 2026-09-23T162929.022.jpg'}",https://www.amarintv.com/news/crime/558386
ทนายอั๋น ยื่นภาพสนามโกคาร์ททับลำรางเขากระโดง จี้ถามเลขคดีที่ยังไม่ออก,558367,"""ทนายอั๋น"" ยื่นหลักฐานภาพถ่ายสนามโกคาร์ท สร้างทับลำรางสาธารณะเขากระโดง พร้อมทวงถามความคืบหน้าเลขคดีสืบว่าจนตอนนี้ยังไม่ออก",23 กันยายน 2569,"{'name': 'อาชญากรรม', 'id': '66c3c4ce350823a8c40ffd4e', 'path': '/news/crime'}",False,/news/crime/558367,23 ก.ย. 69,"{'id': '6ab3857f9d58eb1eeb0cb172', 'sm': 'https://static.amarintv.com/media/Dpe4A5wywPtiPl4AiQkGokfNMJBP1oG3nQKCgAALAgiQTMY4fGuLClrKXutjYuRqd.jpg', 'md': 'https://static.amarintv.com/media/Dpe4A5wywPtiPl4AiQkGokfNMJBP1oG3nQKCgAALAgiQTMY4fHhrRFJwWUzeHovbH.jpg', 'lg': 'https://static.amarintv.com/media/PJVlR0ljpO8FacfQRedFdks2eJPLffmdsGtcYIAtcKZdVRM1STgpY9c32aDTCwSjWt.jpg', 'caption': 'News Web_16-9 (30).jpg'}",https://www.amarintv.com/news/crime/558367
รปภ. หิ้วไม้ฟาดหัวคนขับรถธนาคาร โดนแทงสวนหลังเหวอะ เจ็บคู่,558357,รปภ. ธนาคารดัง ข้ามฝั่งใช้กระบองไม้ฟาดหัวคนขับรถอีกแบงก์ ก่อนถูกมีดปอกผลไม้แทงสวนเจ็บ เผยชนวนแค้นสะสมข้ามเดือน,23 กันยายน 2569,"{'name': 'อาชญากรรม', 'id': '66c3c4ce350823a8c40ffd4e', 'path': '/news/crime'}",False,/news/crime/558357,23 ก.ย. 69,"{'id': '6ab378638c770152770c49c2', 'sm': 'https://static.amarintv.com/media/Dpe4A5wywPtiPl3ry4W4UtQmkOGA64WoUNdEcbyrGQrzQ8mAe1oxknexq7pMC9rid.jpg', 'md': 'https://static.amarintv.com/media/Dpe4A5wywPtiPl3ry4W4UtQmkOGA64WoUNdEcbyrGQrzQ8mAe2cTzG7ZphvGv4LTH.jpg', 'lg': 'https://static.amarintv.com/media/PJVlR0ljpO8FaceA6Muklk4nTkMz5OtgfdmCZc1T7287sGQ6DTOcje30LtbOm77YUt.jpg', 'caption': 'ปกใหม่_16-9 - 2026-09-23T135714.147.jpg'}",https://www.amarintv.com/news/crime/558357
ชาวบ้านทนไม่ไหว! รุมจับหนุ่มคลั่งยา มัดมือมัดเท้ารอตำรวจมารับตัว,558342,ชาวบ้านทนไม่ไหว! รุมจับหนุ่มคลั่งยา บุกบ้านพยายามทำร้ายผู้หญิง ชิงรถจักรยานยนต์ สุดท้ายโดนจัดหนักมัดมือมัดเท้ารอตำรวจมารับตัว,23 กันยายน 2569,"{'name': 'อาชญากรรม', 'id': '66c3c4ce350823a8c40ffd4e', 'path': '/news/crime'}",False,/news/crime/558342,23 ก.ย. 69,"{'id': '6ab35e1d84c3a7c756093622', 'sm': 'https://static.amarintv.com/media/Dpe4A5wywPtiPl3JPKgYhOiov69ojOInUHoA4iMjFEmMPMXhcNKsQ8CNDIrZ4ZN1b.jpg', 'md': 'https://static.amarintv.com/media/Dpe4A5wywPtiPl3JPKgYhOiov69ojOInUHoA4iMjFEmMPMXhcN8OfbezBsxUnTrmF.jpg', 'lg': 'https://static.amarintv.com/media/PJVlR0ljpO8FacbsKnbvTOHGV9kjfcXoXFjNvfN207DsivHMIWEOmRrw3TAZ1fUwod.jpg', 'caption': 'มัดมือมัดเท้ารอตร.มารับ (3).jpg'}",https://www.amarintv.com/news/crime/558342
แก๊งโจ๋นับสิบเบิ้ลรถก่อกวน ชักปืนยิงพลทหารหลานสท.ดับ เจ็บอีก1 รวบแล้ว1,558340,"""แก๊งโจ๋นับสิบ"" เบิ้ลรถก่อกวนหน้าบ้าน พลทหารพร้อมหลานวิ่งดู ถูกชักปืนยิงดับ1 หลานสาหัส ขณะยาย-เด็กต่างกรีดร้องหลบวุ่น ตำรวจรวบแล้ว 1 เค้นล่ามือยิง",23 กันยายน 2569,"{'name': 'อาชญากรรม', 'id': '66c3c4ce350823a8c40ffd4e', 'path': '/news/crime'}",False,/news/crime/558340,23 ก.ย. 69,"{'id': '6ab359efd0db2615cf0d92b2', 'sm': 'https://static.amarintv.com/media/Dpe4A5wywPtiPl3GAIGOzxcNZCebT8NNVuKlo7TY31ZwzmvHwKWntfwVYl7IpCsAN.jpg', 'md': 'https://static.amarintv.com/media/Dpe4A5wywPtiPl3GAIGOzxcNZCebT8NNVuKlo7TY31ZwzmvHwLKJ79O7XMDDX7Lu1.jpg', 'lg': 'https://static.amarintv.com/media/PJVlR0ljpO8FacbewhbvP2MfVYRqycmjHwnxfG4GyoidnKCkGudd2JCRV7xUoEXO2p.jpg', 'caption': 'News Web_16-9 (17).jpg'}",https://www.amarintv.com/news/crime/558340
"""ทนายตั้ม"" ยื่นกองปราบฟ้องม.157 กกต.  ปมละเว้นจัดการฮั้วสว.",558334,"""ทนายตั้ม"" โหนรถเข้ากองปราบ ยื่นหนังสือ ร้อง ม.157 ฟ้อง กกต. ชุดใหญ่ ปมละเว้นจัดการฮั้วเลือกสว. ลั่น ชู สถานะ""สว.สำรอง""เป็นผู้เสียหายโดยตรง",23 กันยายน 2569,"{'name': 'อาชญากรรม', 'id': '66c3c4ce350823a8c40ffd4e', 'path': '/news/crime'}",False,/news/crime/558334,23 ก.ย. 69,"{'id': '6ab3514d73fad76b590706f2', 'sm': 'https://static.amarintv.com/media/Dpe4A5wywPtiPl3FYg0e7b7IeWIN1p6iOdGuivFmsBzF4YEaZwj3KuP9zv7Hkc29f.jpg', 'md': 'https://static.amarintv.com/media/Dpe4A5wywPtiPl3FYg0e7b7IeWIN1p6iOdGuivFmsBzF4YEaZxXZZNslyWDCTXWuJ.jpg', 'lg': 'https://static.amarintv.com/media/PJVlR0ljpO8FacbcRRmvzdaLDVX7PnLvVuL2PgbNzxg8YzYREUQLmkysUHFQNKcl69.jpg', 'caption': 'News Web_16-9 (15).jpg'}",https://www.amarintv.com/news/crime/558334
"""ซีล-นักประดาน้ำ"" เร่งค้นหา 5 ลูกเรือเมียนมายังสูญหาย",558323,"""ซีล-นักประดาน้ำ""ออกลุยเรือจมแสมสาร ค้นหา 5 ลูกเรือเมียนมา คาดบางรายติดในซากเรือ",23 กันยายน 2569,"{'name': 'อาชญากรรม', 'id': '66c3c4ce350823a8c40ffd4e', 'path': '/news/crime'}",False,/news/crime/558323,23 ก.ย. 69,"{'id': '6ab34269f71869bb4204d492', 'sm': 'https://static.amarintv.com/media/Dpe4A5wywPtiPl2wgCyUopALGpse4bm8QvDK14FP6VYirVYsAYUS9mPJlwTAB1uKx.jpg', 'md': 'https://static.amarintv.com/media/Dpe4A5wywPtiPl2wgCyUopALGpse4bm8QvDK14FP6VYirVYsAZHzOFrvkWY4uwN5b.jpg', 'lg': 'https://static.amarintv.com/media/PJVlR0ljpO8FacaMUTlzR3St1iPtnEE41MRG2jjry4VZQ8WBreH0OntOqUhlATGMjT.jpg', 'caption': 'News Web_16-9 (9).jpg'}",https://www.amarintv.com/news/crime/558323
ปะทะเดือด แก๊งค้ายายิงสู้เปิดทางหนี ตำรวจวิสามัญ1ยึดยาบ้า 4.5 ล้านเม็ด,558314,ปะทะเดือด แก๊งค้ายายิงสู้เปิดทางหนี ตำรวจวิสามัญ 1 รวบอีก 1 ยึดยาบ้าล็อตใหญ่ 4.5 ล้านเม็ด,23 กันยายน 2569,"{'name': 'อาชญากรรม', 'id': '66c3c4ce350823a8c40ffd4e', 'path': '/news/crime'}",False,/news/crime/558314,23 ก.ย. 69,"{'id': '6ab330590b13b45d07092852', 'sm': 'https://static.amarintv.com/media/Dpe4A5wywPtiPl2dZtz6JAK0KrzbxHeYaOOC3JRLuzdanQ8y7oi7qEZME2tbEW2E9.jpg', 'md': 'https://static.amarintv.com/media/Dpe4A5wywPtiPl2dZtz6JAK0KrzbxHeYaOOC3JRLuzdanQ8y7pWd4h1yDczVxRVzn.jpg', 'lg': 'https://static.amarintv.com/media/PJVlR0ljpO8FacY5cRQcFKsvaM8auy5e0St95sS8hWhf8KHIaLKWN6Aq2fEuonm0k1.jpg', 'caption': 'News Web_16-9 - 2026-09-23T084929.329.jpg'}",https://www.amarintv.com/news/crime/558314
ระทึกกลางดึก! ผูกระเบิดติดแม่กุญแจล้งเกษตรเวียงแก่น - EOD เร่งกู้,558313,ระทึกกลางดึกอำเภอเวียงแก่น! พบวัตถุคล้ายระเบิดมือผูกติดแม่กุญแจล้งเกษตร คาดข่มขู่ธุรกิจ เร่งกั้นพื้นที่ส่ง EOD เข้าตรวจสอบ,23 กันยายน 2569,"{'name': 'อาชญากรรม', 'id': '66c3c4ce350823a8c40ffd4e', 'path': '/news/crime'}",False,/news/crime/558313,23 ก.ย. 69,"{'id': '6ab32bd03e8f6445140e4e82', 'sm': 'https://static.amarintv.com/media/Dpe4A5wywPtiPl2OK9MRmgsMdmjg6dyaKTTBS2k7Ri9KcJE7i6mjxzqLjCiA7wpAp.jpg', 'md': 'https://static.amarintv.com/media/Dpe4A5wywPtiPl2OK9MRmgsMdmjg6dyaKTTBS2k7Ri9KcJE7i7aGCTIxhmn5qrIvT.jpg', 'lg': 'https://static.amarintv.com/media/PJVlR0ljpO8FacX4hWqsvFEfgTQsBdGMCjshX7akwgcjKNed6JtRn9M0vBlk1cG2uR.jpg', 'caption': 'News Web_16-9 (1).jpg'}",https://www.amarintv.com/news/crime/558313
ทลาย 2 โกดังสมุทรสาคร! ผลิตยาแก้ไอปลอม คาหม้อต้ม-แกลลอนนับร้อยถัง,558291,สืบนครบาลสนธิกำลังบุกทลาย 2 โรงงานใหญ่ สมุทรสาคร ลักลอบผลิต “ยาแก้ไอปลอม” กรอกคาหม้อต้ม-แกลลอนนับร้อยถัง ส่งขายทั่วประเทศ,22 กันยายน 2569,"{'name': 'อาชญากรรม', 'id': '66c3c4ce350823a8c40ffd4e', 'path': '/news/crime'}",False,/news/crime/558291,22 ก.ย. 69,"{'id': '6ab2699c06ff118b8a0b7fc2', 'sm': 'https://static.amarintv.com/media/Dpe4A5wywPtiPknI24nSuEHJon8zwUdTtcS1N7HfoSisNwK7dtQGcORcLaCPne8m5.jpg', 'md': 'https://static.amarintv.com/media/Dpe4A5wywPtiPknI24nSuEHJon8zwUdTtcS1N7HfoSisNwK7duDmqruEKAIKWZcXj.jpg', 'lg': 'https://static.amarintv.com/media/PJVlR0ljpO8FaXPmqt0RYM9h1zFLxihDdq11vmHAqYnUk25PkmiecwwtXekbbrF2sV.jpg', 'caption': 'ปกใหม่_16-9 - 2026-09-22T184119.407.jpg'}",https://www.amarintv.com/news/crime/558291
พบลูกเรือ “ส.กาญจนาวารี 888” รอดเพิ่มอีก 1 เร่งค้นหาอีก 5 ราย,558282,ปาฏิหาริย์กลางอ่าว! พบลูกเรือรอดเพิ่มอีก 1 เร่งหาอีก 5 ราย คาดในจำนวนนี้ 2 รายติดอยู่ภายในซากเรือและเสียชีวิตแล้ว ส่วนอีก 3 รายยังไม่ทราบชะตากรรม,22 กันยายน 2569,"{'name': 'อาชญากรรม', 'id': '66c3c4ce350823a8c40ffd4e', 'path': '/news/crime'}",False,/news/crime/558282,22 ก.ย. 69,"{'id': '6ab259716038fcffc409d802', 'sm': 'https://static.amarintv.com/media/Dpe4A5wywPtiPkmz5vgg5eWZpDO9LhbUtsCpFISqcEngPhKBYHIJzZRyPDPff8W8t.jpg', 'md': 'https://static.amarintv.com/media/Dpe4A5wywPtiPkmz5vgg5eWZpDO9LhbUtsCpFISqcEngPhKBYH5qD2uaNnVaO20tX.jpg', 'lg': 'https://static.amarintv.com/media/PJVlR0ljpO8FaXOWagOT7XWh7fX2noE1mt09nMRJR5JLKI5XtbHqYeOMcefLAmcaux.jpg', 'caption': 'News Web_16-9 - 2026-09-22T173305.093.jpg'}",https://www.amarintv.com/news/crime/558282
รวบยกแก๊ง! 'ลูกกำนัน 'ผันตัวเป็นเอเย่นต์ยาบ้า เสพคากระท่อมนา,558281,บุกกระท่อมนา! ล้อมจับ “แก๊งลูกชายกำนัน” มั่วสุมเสพ-ขายยาบ้า ด้านแม่ ที่เป็นกำนัน หัวใจสลาย แต่ไม่ช่วย ส่งตร.ให้ดำเนินคดีตามกฎหมาย,22 กันยายน 2569,"{'name': 'อาชญากรรม', 'id': '66c3c4ce350823a8c40ffd4e', 'path': '/news/crime'}",False,/news/crime/558281,22 ก.ย. 69,"{'id': '6ab2585cea664b39040dd183', 'sm': 'https://static.amarintv.com/media/Dpe4A5wywPtiPkmz1I5Nb28vduDvBukef9IPBcasVTTJCINzmNIxMfXSiBWtDLhkJ.jpg', 'md': 'https://static.amarintv.com/media/Dpe4A5wywPtiPkmz1I5Nb28vduDvBukef9IPBcasVTTJCINzmN6Ta8z4glcnwGBUx.jpg', 'lg': 'https://static.amarintv.com/media/PJVlR0ljpO8FaXOWHa0PhJA4CyLgLOWqAEaCCBYTF9tDSx7HHn6S71W1kys83u0NQJ.jpg', 'caption': 'ปกใหม่_16-9 - 2026-09-22T172820.041.jpg'}",https://www.amarintv.com/news/crime/558281
"""ป๋อง สุพรรณ"" เสียใจปมถวายทอง 1 กก. เผยศรัทธาแพ้สีกา ผิดว่าไปตามผิด",558269,"""ป๋อง สุพรรณ"" แจงปมถวายทอง 1 กก. ร่วมสร้างองค์หลวงพ่อจตุคาม ครอบครัวเสียใจ ก่อนถอนหายใจบอก ""ศรัทธาสิ้นสงสัย แต่ศรัทธาก็แพ้สีกาได้"" จากนี้ผิดว่าตามผิด",22 กันยายน 2569,"{'name': 'อาชญากรรม', 'id': '66c3c4ce350823a8c40ffd4e', 'path': '/news/crime'}",False,/news/crime/558269,22 ก.ย. 69,"{'id': '6ab24be061f8163315040662', 'sm': 'https://static.amarintv.com/media/Dpe4A5wywPtiPkmkBqbUlfDvxi5rqOYgwQpmCeec0HP6xEWOFEj0MMLkkATXcTShv.jpg', 'md': 'https://static.amarintv.com/media/Dpe4A5wywPtiPkmkBqbUlfDvxi5rqOYgwQpmCeec0HP6xEWOFFXWapoMikZSLNwSZ.jpg', 'lg': 'https://static.amarintv.com/media/PJVlR0ljpO8FaXNSu7O1E0PjWoOQWXbRVSzzER3xFL70ul9wIyj9UkIgDAXJte2HZD.jpg', 'caption': 'News Web_16-9 (45).jpg'}",https://www.amarintv.com/news/crime/558269
ชายวัย 46 นอนตายคาใต้ถุนบ้าน แม่ช็อกหัวโดนทุบ-สงสัยถูกอุ้มไปซ้อม,558259,ดับปริศนา! ชายวัย 46 นอนตายคาใต้ถุนบ้าน แม่ช็อกหัวโดนทุบ-สงสัยถูกอุ้มไปซ้อมก่อนนำมาทิ้ง,22 กันยายน 2569,"{'name': 'อาชญากรรม', 'id': '66c3c4ce350823a8c40ffd4e', 'path': '/news/crime'}",False,/news/crime/558259,22 ก.ย. 69,"{'id': '6ab2401dec2f4d9222082de2', 'sm': 'https://static.amarintv.com/media/Dpe4A5wywPtiPkmgTPCgct15QK0wvX3bPQdOzFiatGsV5wVtNa1Y2RFXuLNrgfOYN.jpg', 'md': 'https://static.amarintv.com/media/Dpe4A5wywPtiPkmgTPCgct15QK0wvX3bPQdOzFiatGsV5wVtNbo5Guh9svTmPZsI1.jpg', 'lg': 'https://static.amarintv.com/media/PJVlR0ljpO8FaXNDZcGaCpYoawx7Voo4fCAtM66KWPtIijnsrUkegUW3DBZskyI78p.jpg', 'caption': 'News Web_16-9 - 2026-09-22T154507.132.jpg'}",https://www.amarintv.com/news/crime/558259
ศาลสั่งประหาร 'แอม ไซยาไนด์' คดีที่ 8 วางยา 'จุ๋ม จันทรรัตน์' ล้างหนี้,558253,ศาลอาญาพิพากษา ประหารชีวิต “แอม ไซยาไนด์” คดีที่ 8 ลวงวางยา “จุ๋ม จันทรรัตน์” หวังล้างหนี้กู้ยืม 2.6 หมื่น ด้านทนาย เผย แอม ลั่น ยอมตายเพราะไม่ได้ทำ,22 กันยายน 2569,"{'name': 'อาชญากรรม', 'id': '66c3c4ce350823a8c40ffd4e', 'path': '/news/crime'}",False,/news/crime/558253,22 ก.ย. 69,"{'id': '6ab234d787821111750a0a52', 'sm': 'https://static.amarintv.com/media/Dpe4A5wywPtiPkmNpZQAOj1NNNVwgjRs6POt4XD0eYqXUnqBZ5r0z98kwr5xBtWgd.jpg', 'md': 'https://static.amarintv.com/media/Dpe4A5wywPtiPkmNpZQAOj1NNNVwgjRs6POt4XD0eYqXUnqBZ6fXEdbMvSBrun0RH.jpg', 'lg': 'https://static.amarintv.com/media/PJVlR0ljpO8FaXLya8SE8MDsijH6WdrLie41ivN2tf48VNzf057D85s03cdvTueiEt.jpg', 'caption': 'ปกใหม่_16-9 - 2026-09-22T145639.812.jpg'}",https://www.amarintv.com/news/crime/558253
เจ้าอาวาส 28 พรรษา โดดหน้าต่างกุฏิหาย ค้นห้องอุปกรณ์เสพยาเพียบ,558249,จีวรบิน หนีตรวจฉี่! เจ้าอาวาส 28 พรรษา โดดหน้าต่างกุฏิหายไร้วี่แวว ค้นห้องอึ้ง อุปกรณ์เสพยาเพียบ-ใช้ห้องน้ำอุ่นอาหาร,22 กันยายน 2569,"{'name': 'อาชญากรรม', 'id': '66c3c4ce350823a8c40ffd4e', 'path': '/news/crime'}",False,/news/crime/558249,22 ก.ย. 69,"{'id': '6ab2334600d9768b9b08cde2', 'sm': 'https://static.amarintv.com/media/Dpe4A5wywPtiPkmNj7STv7X3KcCpPXMvcoHfLFc3QFyDygHVHJG5k4WuqiIBRj8Xj.jpg', 'md': 'https://static.amarintv.com/media/Dpe4A5wywPtiPkmNj7STv7X3KcCpPXMvcoHfLFc3QFyDygHVHJ4bzXzWpIN6AecIN.jpg', 'lg': 'https://static.amarintv.com/media/PJVlR0ljpO8FaXLyEcznoBMnxJxATdyr8Ro8twjSKb8rukmTLXSlmmilwCAQLLs1Tf.jpg', 'caption': 'News Web_16-9 - 2026-09-22T144947.971.jpg'}",https://www.amarintv.com/news/crime/558249
"""ฟุตกอง"" แฉอินฟลูฯดัง ร่ำรวยจากเว็บพนันUSA BET นอมีนีจ.ช่วยฟอกเงิน",558237,"""ฟุตกอง"" แฉ เว็บพนัน USA BET ของอินฟลู ร่ำรวยมาจากเว็ปก่อนพยายามเข้าหานักการเมืองช่วยเหลือเรื่องคดี และให้ นอมีนี จ.ทำการรับเงินย้ายเงิน",22 กันยายน 2569,"{'name': 'อาชญากรรม', 'id': '66c3c4ce350823a8c40ffd4e', 'path': '/news/crime'}",False,/news/crime/558237,22 ก.ย. 69,"{'id': '6ab21d05c7ab6d6fc20ed722', 'sm': 'https://static.amarintv.com/media/Dpe4A5wywPtiPklpSktNtI5k1oeQepp27oU1CqjQexspapHNpZqRug5RKodvA2ohv.jpg', 'md': 'https://static.amarintv.com/media/Dpe4A5wywPtiPklpSktNtI5k1oeQepp27oU1CqjQexspapHNpadx9AX3JOjptxISZ.jpg', 'lg': 'https://static.amarintv.com/media/PJVlR0ljpO8FaXJggvosqY1yNhK8GoE66SiHBFvmHLSbEFvya1slGVvJ4UOBAO07ZD.jpg', 'caption': 'News Web_16-9 (27).jpg'}",https://www.amarintv.com/news/crime/558237
“ตั้ม บ้าพลัง” นำผู้พิการบุกทำเนียบฯ แฉขบวนการสวมสิทธิ์โควตาสลากฯ,558228,“ตั้ม บ้าพลัง” นำผู้พิการบุกทำเนียบฯ แฉขบวนการสวมสิทธิ์โควตาสลากฯ เผย “อัจฉริยะ” โทรเตือนระวังตัว ฝ่ายตรงข้ามหลังพิงฝาอาจจ้องเอาชีวิต,22 กันยายน 2569,"{'name': 'อาชญากรรม', 'id': '66c3c4ce350823a8c40ffd4e', 'path': '/news/crime'}",False,/news/crime/558228,22 ก.ย. 69,"{'id': '6ab213265c4d2dcff102b3a2', 'sm': 'https://static.amarintv.com/media/Dpe4A5wywPtiPkllprthwWYZZCNJTSZiaIU35Jl1zdhK9jNst8f4Crt6kWIC3aDZD.jpg', 'md': 'https://static.amarintv.com/media/Dpe4A5wywPtiPkllprthwWYZZCNJTSZiaIU35Jl1zdhK9jNst9TaRLMii6N7mUhJr.jpg', 'lg': 'https://static.amarintv.com/media/PJVlR0ljpO8FaXJRiMkDdqcw3XISbqBgH4aS39qWQh69YNaotrhtNYaW4ccWzavlbX.jpg', 'caption': 'News Web_16-9 - 2026-09-22T123315.110.jpg'}",https://www.amarintv.com/news/crime/558228
ป๋อง สุพรรณ มาตามนัดยันพร้อมชี้แจงทุกข้อมูลเกี่ยวกับมูลนิธิหวันโชติ,558219,ป๋อง สุพรรณ มาตามนัดยันพร้อมชี้แจงทุกข้อมูลเกี่ยวกับมูลนิธิหวันโชติ ยอมรับช็อกหลังทราบข่าวอดีตเจ้าอาวาสวัดพุทไธศวรรย์,22 กันยายน 2569,"{'name': 'อาชญากรรม', 'id': '66c3c4ce350823a8c40ffd4e', 'path': '/news/crime'}",False,/news/crime/558219,22 ก.ย. 69,"{'id': '6ab20b77e24d336541027fa2', 'sm': 'https://static.amarintv.com/media/Dpe4A5wywPtiPklWMaozXlgMWWvldPaX1yJ8iOBTqkJUCb2bGxGI3SIxvPDXUhiWJ.jpg', 'md': 'https://static.amarintv.com/media/Dpe4A5wywPtiPklWMaozXlgMWWvldPaX1yJ8iOBTqkJUCb2bGx3pHvlZtzJSDcCGx.jpg', 'lg': 'https://static.amarintv.com/media/PJVlR0ljpO8FaXIPpUEkJc47CWAisvq6iLHMBT3bRzQeuHGv54ZWggtAdZPFNZtZcJ.jpg', 'caption': 'News Web_16-9 - 2026-09-22T115954.023.jpg'}",https://www.amarintv.com/news/crime/558219
"จับตา ป๋อง สุพรรณ เข้าพบพนักงานสอบสวนกองปราบ แจงปม""มูลนิธิหวันโชติ",558200,"จับตา ป๋อง สุพรรณ เข้าพบพนักงานสอบสวนกองปราบ แจงปม""มูลนิธิหวันโชติ"" ล่าสุดยังไร้เงา ผู้การกองปราบ ยันตำรวจมีข้อมูลเส้นเงินอุบเปิดเผย",22 กันยายน 2569,"{'name': 'อาชญากรรม', 'id': '66c3c4ce350823a8c40ffd4e', 'path': '/news/crime'}",False,/news/crime/558200,22 ก.ย. 69,"{'id': '6ab1f44d4e26d639cb054162', 'sm': 'https://static.amarintv.com/media/Dpe4A5wywPtiPjliNe9hpwbvTNJjCY9ryevnNZa93nxmx8wQUZ8bnogZYPLvq3HAZ.jpg', 'md': 'https://static.amarintv.com/media/Dpe4A5wywPtiPjliNe9hpwbvTNJjCY9ryevnNZa93nxmx8wQUav72H9BWzRqZxkvD.jpg', 'lg': 'https://static.amarintv.com/media/PJVlR0ljpO8FaTBDRt8HCgCnVUTep5Mw4fCp5XBdjuU4OW7RaK5j57Id0bxtxqudqN.jpg', 'caption': 'News Web_16-9 - 2026-09-22T102133.546.jpg'}",https://www.amarintv.com/news/crime/558200
เลือดสาดคารั้วโรงเรียน! รุ่นพี่ ม.5 ฉุนขาด ชักมีดพกจ้วงรุ่นน้อง ม.4,558197,เลือดสาดคารั้วโรงเรียน! รุ่นพี่ ม.5 ฉุนขาดชวนเคลียร์หน้าห้องน้ำ ชักมีดพกจ้วงรุ่นน้อง ม.4 แผลเหวอะสาหัส แม่ผวาหนักกลัวคดีพลิก-ขู่มีปืน,22 กันยายน 2569,"{'name': 'อาชญากรรม', 'id': '66c3c4ce350823a8c40ffd4e', 'path': '/news/crime'}",False,/news/crime/558197,22 ก.ย. 69,"{'id': '6ab1f00274a50b99b70adac2', 'sm': 'https://static.amarintv.com/media/Dpe4A5wywPtiPjlh5D6d8TaP2OxOW5oSfe1aNDDSTppqZrMgUIHyoNSHd6GZLLm6h.jpg', 'md': 'https://static.amarintv.com/media/Dpe4A5wywPtiPjlh5D6d8TaP2OxOW5oSfe1aNDDSTppqZrMgUI5U2qutcgMT4GGrL.jpg', 'lg': 'https://static.amarintv.com/media/PJVlR0ljpO8FaTBCDmRdvCMZh7FRUqCYaDakN2llnOEHIGXrc9OQ6Qrd369k0xMVrP.jpg', 'caption': 'ม.5 จ้วงรุ่นน้อง ม.4 (3).jpg'}",https://www.amarintv.com/news/crime/558197
พ่อค้าไก่ย่างขนลุก แอบงีบใต้สะพานถูกวิญญานสะกิดบอก เดินไปดูพบศพขึ้นอืด,558188,หลอนใต้สะพาน! พ่อค้าไก่ย่างถูกวิญญาณสะกิดขา นำทางผงะพบศพโจรขโมยสายไฟขึ้นอืด โคมไฟยักษ์หล่นทับหัวดับคาที่,22 กันยายน 2569,"{'name': 'อาชญากรรม', 'id': '66c3c4ce350823a8c40ffd4e', 'path': '/news/crime'}",False,/news/crime/558188,22 ก.ย. 69,"{'id': '6ab1dd84d2a8bb7cb408a052', 'sm': 'https://static.amarintv.com/media/Dpe4A5wywPtiPjk91qgNjY6VZZ6biHUBDar6zCbIkmypbAptiS86P4tLrEkGXNUL7.jpg', 'md': 'https://static.amarintv.com/media/Dpe4A5wywPtiPjk91qgNjY6VZZ6biHUBDar6zCbIkmypbAptiTwceYLxpoqBGHx6l.jpg', 'lg': 'https://static.amarintv.com/media/PJVlR0ljpO8FaS8vbpjCCK84Y7HTu2OoWKRc2uEDdORNFgwUFgDmV6DPSMANMcM5Wl.jpg', 'caption': 'News Web_16-9 - 2026-09-22T084144.638.jpg'}",https://www.amarintv.com/news/crime/558188
"รวบพ่อเลี้ยงหื่น พรากความบริสุทธิ์ ด.ญ.10ขวบ อ้างหวัง ""ฝากผีไข้ตอนแก่""",558186,"คอมมานโด รวบพ่อเลี้ยงหื่นวัย 61 ล่วงละเมิดพรากความบริสุทธิ์ ด.ญ. 10 ขวบ อ้างหวัง ""ฝากผีไข้ตอนแก่"" เจ้าตัวยังปากแข็งปฏิเสธ",22 กันยายน 2569,"{'name': 'อาชญากรรม', 'id': '66c3c4ce350823a8c40ffd4e', 'path': '/news/crime'}",False,/news/crime/558186,22 ก.ย. 69,"{'id': '6ab1d613a2bca0cf870d0912', 'sm': 'https://static.amarintv.com/media/Dpe4A5wywPtiPjk6cZSnuhu62mmeNdHCQi8U5YHFrzprKhJXI7Pyz672mQ7Lkn12t.jpg', 'md': 'https://static.amarintv.com/media/Dpe4A5wywPtiPjk6cZSnuhu62mmeNdHCQi8U5YHFrzprKhJXI8DVEaaek1DGTiVnX.jpg', 'lg': 'https://static.amarintv.com/media/PJVlR0ljpO8FaS8hXSc8ILX1Hhc4vmNDWYZIY7jRi9WKPe2ri0VTstR4gXFgt3yB8x.jpg', 'caption': 'ย่ำยี10ขวบอ้างฝากผีไข้ตอนแก่ฃ.jpg'}",https://www.amarintv.com/news/crime/558186
นศ.19 ถูกหลอกถอนเงิน 2.4 ล้าน หลังมิจฉาชีพขู่ฟอกเงิน ส่งคนมารับเงินสด,558185,นศ.19 ปี โดนแก๊งฯหลอกเอี่ยวฟอกเงิน สั่งกุเรื่องพ่อว่าได้ทุนเรียนต่างประเทศ ถอนเงิน 2.4 ล้าน ส่งคนมารับเงินสดซอยเปลี่ยว,22 กันยายน 2569,"{'name': 'อาชญากรรม', 'id': '66c3c4ce350823a8c40ffd4e', 'path': '/news/crime'}",False,/news/crime/558185,22 ก.ย. 69,"{'id': '6ab1d35c313e8bd9ae085682', 'sm': 'https://static.amarintv.com/media/Dpe4A5wywPtiPjk6OsKSUbZOvshbwX6SBrE3TbyTmNA7rcE7CwIkVUi5HGRvKtD9T.jpg', 'md': 'https://static.amarintv.com/media/Dpe4A5wywPtiPjk6OsKSUbZOvshbwX6SBrE3TbyTmNA7rcE7Cw6GjyBhFqXp3nht7.jpg', 'lg': 'https://static.amarintv.com/media/PJVlR0ljpO8FaS8gcuWfqZKM9B4Grw0qa92MYSzu9vt8fZ6bxUbb2Ss0zpCdo3QBJb.jpg', 'caption': 'News Web_16-9 - 2026-09-22T080104.512.jpg'}",https://www.amarintv.com/news/crime/558185
อสส. สั่งฟ้อง 4 แก๊งค้ายาเครือข่าย แอร์มีนา ขนเฮโรอีนซุกกระเป๋าผ้าช้าง,558178,"อสส. สั่งฟ้อง 4 แก๊งค้ายาข้ามชาติ เครือข่าย ""แอร์มีนา"" ขนเฮโรอีนซุกกระเป๋าผ้าช้าง หลัง ""อธิบดีอัยการวัชรินทร์"" สั่งแจ้งข้อหาเพิ่มเติม โทษประหารชีวิต",21 กันยายน 2569,"{'name': 'อาชญากรรม', 'id': '66c3c4ce350823a8c40ffd4e', 'path': '/news/crime'}",False,/news/crime/558178,21 ก.ย. 69,"{'id': '6ab14ba07fd9defd2f010d92', 'sm': 'https://static.amarintv.com/media/Dpe4A5wywPtiPjWT8Ewy8dON8YRXXIOPJo8wjkPHF0Twd7RgwKWylOr2WGZWKCbxj.jpg', 'md': 'https://static.amarintv.com/media/Dpe4A5wywPtiPjWT8Ewy8dON8YRXXIOPJo8wjkPHF0Twd7RgwLKUzsKeUqfQ265iN.jpg', 'lg': 'https://static.amarintv.com/media/PJVlR0ljpO8FaSAKcDvkdqqtrWPuff8yj3M8i5oZSIBqLqwXUueMt8hzblh0YDSUpf.jpg', 'caption': 'News Web_16-9 - 2026-09-21T222051.296.jpg'}",https://www.amarintv.com/news/crime/558178
ไล่ล่าข้ามจังหวัด! รวบชายวัย 34 ปี พร้อมยาบ้าประมาณ 3.2 ล้านเม็ด,558173,ตชด.ไล่ล่ากระบะต้องสงสัยข้ามจังหวัด สุดท้ายเสียหลักพลิกคว่ำริมถนนวังเหนือ–พะเยา รวบชายวัย 34 ปี พร้อมยาบ้าประมาณ 3.2 ล้านเม็ด ซุกในกล่องผลไม้,21 กันยายน 2569,"{'name': 'อาชญากรรม', 'id': '66c3c4ce350823a8c40ffd4e', 'path': '/news/crime'}",False,/news/crime/558173,21 ก.ย. 69,"{'id': '6ab1404ffb4013cfe2089ab2', 'sm': 'https://static.amarintv.com/media/Dpe4A5wywPtiPjWQPvLB7BQoZ8717Zb7KTzfZufm3pk8859G5IdAeW8BhrMUdi2L7.jpg', 'md': 'https://static.amarintv.com/media/Dpe4A5wywPtiPjWQPvLB7BQoZ8717Zb7KTzfZufm3pk8859G5JQgs0angRSPMdV6l.jpg', 'lg': 'https://static.amarintv.com/media/PJVlR0ljpO8FaR95HExiDrOu3RtMxTFaSl2psUCkl1urxlaUjwnvzmofXdcDapLTWl.jpg', 'caption': 'News Web_16-9 - 2026-09-21T213030.064.jpg'}",https://www.amarintv.com/news/crime/558173
สิ้นลาย! จับได้แล้ว ผู้ต้องหาสะเดาะกุญแจมือตำรวจ หลบหนีศาลเกาะสมุย,558155,"สิ้นลาย! จับได้แล้ว ผู้ต้องหาสะเดาะกุญแจมือตำรวจ หลบหนีศาลเกาะสมุย ข้ามภูเขา 4 ลูก นาน 6 วัน หลังตำรวจ-ฝ่ายปกครองปิดล้อม ""เขาพระ""",21 กันยายน 2569,"{'name': 'อาชญากรรม', 'id': '66c3c4ce350823a8c40ffd4e', 'path': '/news/crime'}",False,/news/crime/558155,21 ก.ย. 69,"{'id': '6ab10e68fe6f83b42f0ce243', 'sm': 'https://static.amarintv.com/media/Dpe4A5wywPtiPjVGWoIR2CsD6Rbm4gGFApsRi059ceI7NgvjZQEQx7TWIJLvxJj9D.jpg', 'md': 'https://static.amarintv.com/media/Dpe4A5wywPtiPjVGWoIR2CsD6Rbm4gGFApsRi059ceI7NgvjZQ1xCav8GtRqgEDtr.jpg', 'lg': 'https://static.amarintv.com/media/PJVlR0ljpO8FaR5IRfsNxJL6QoCEpWhGqwO0f4jbvmc8f1SaMKBnMeskX9BuNiuIFX.jpg', 'caption': 'จับผู้ต้องหาสะเดาะกุญแจมือ (3).jpg'}",https://www.amarintv.com/news/crime/558155
เร่งล่าฆาตกร คดีสาวร้านสะดวกซื้อ-ไม่พบร่องรอยถูกล่วงละเมิดทางเพศ,558135,เร่งล่าฆาตกร! พบดีเอ็นเอชายปริศนา คดีฆ่าสาวร้านสะดวกซื้อ ผลชันสูตรยันไม่พบร่องรอยถูกล่วงละเมิดทางเพศ,21 กันยายน 2569,"{'name': 'อาชญากรรม', 'id': '66c3c4ce350823a8c40ffd4e', 'path': '/news/crime'}",False,/news/crime/558135,21 ก.ย. 69,"{'id': '6ab0f77913d74aa3cc044d52', 'sm': 'https://static.amarintv.com/media/Dpe4A5wywPtiPiVSXws07YvmvxJBjqH87rYZ656g1aXcrYIgW1jSqlYvTjIRxkyJ3.jpg', 'md': 'https://static.amarintv.com/media/Dpe4A5wywPtiPiVSXws07YvmvxJBjqH87rYZ656g1aXcrYIgW2Wy5E1XSJOMgfR4h.jpg', 'lg': 'https://static.amarintv.com/media/PJVlR0ljpO8FaNx54NLMpQQoFU5QfT67sfKzJVPpqk42fJpLoQ1u8IO4XIJWXXKo0F.jpg', 'caption': 'ปกใหม่_16-9 - 2026-09-21T162233.888.jpg'}",https://www.amarintv.com/news/crime/558135
สาวโคราชหายตัว พบเป็นศพ ญาติช็อกไม่รู้เดินทางไปไต้หวัน,558125,สาวโคราชหายตัว พบเป็นศพยัดกระเป๋าอำพราง 6 วันเต็ม ญาติช็อกไม่รู้เดินทางไปไต้หวัน วอนภาครัฐช่วยทวงความยุติธรรมและทรัพย์สิน,21 กันยายน 2569,"{'name': 'อาชญากรรม', 'id': '66c3c4ce350823a8c40ffd4e', 'path': '/news/crime'}",False,/news/crime/558125,21 ก.ย. 69,"{'id': '6ab0e90b2d8645f0350a49c2', 'sm': 'https://static.amarintv.com/media/Dpe4A5wywPtiPiU9jtn3vJrsPcxUF3KzKeXtNDHC6UvS3cWtOJlg5iVHKfQGPDQjr.jpg', 'md': 'https://static.amarintv.com/media/Dpe4A5wywPtiPiU9jtn3vJrsPcxUF3KzKeXtNDHC6UvS3cWtOKZDKBxtJFWA77uUV.jpg', 'lg': 'https://static.amarintv.com/media/PJVlR0ljpO8FaNwqPicuOsEer03o8TyrRTb8p21GI1tUA9H0uTU7v1l0lsJmoup9Yh.jpg', 'caption': 'ญาติช็อกไม่รู้ไปไต้หวัน (3).jpg'}",https://www.amarintv.com/news/crime/558125
CIB ทลายโกดังลับ ยึดกระเป๋าแบรนด์ไทยปลอมกว่า 1 หมื่นชิ้น,558126,CIB ทลายโกดังลับบางขุนเทียน ยึดกระเป๋าแบรนด์ไทยปลอม-แว่นตากว่า 1 หมื่นชิ้น แกะรอยโยงนายทุนจีนลักลอบขายตัดราคาออนไลน์,21 กันยายน 2569,"{'name': 'อาชญากรรม', 'id': '66c3c4ce350823a8c40ffd4e', 'path': '/news/crime'}",False,/news/crime/558126,21 ก.ย. 69,"{'id': '6ab0e8429932fc831e0af832', 'sm': 'https://static.amarintv.com/media/Dpe4A5wywPtiPiU9fNRsGAs2xkyttoqarVovK0hvMyozzxiANefAjxzVqXwMBwuqJ.jpg', 'md': 'https://static.amarintv.com/media/Dpe4A5wywPtiPiU9fNRsGAs2xkyttoqarVovK0hvMyozzxiANfSgyRR7o72GurOax.jpg', 'lg': 'https://static.amarintv.com/media/PJVlR0ljpO8FaNwp621IEy9UQwBe0f9MO9aSww7Y45KmB2kY3jmCMDiqhVQIh8eSCJ.jpg', 'caption': 'ปกใหม่_16-9 - 2026-09-21T151749.327.jpg'}",https://www.amarintv.com/news/crime/558126
3 คนร้ายขี่ จยย. ยิงถล่มบ้าน หญิงวัย 56 เจ็บ ตำรวจเร่งล่า,558124,ยิงถล่มบ้านกลางดึก! คนร้าย 3 คนขี่ จยย. รัวยิงใส่บ้านหญิงวัย 56 ปี เจ้าของบ้านบาดเจ็บ  ตำรวจพัทลุง เร่งล่าตัวมาดำเนินคดี,21 กันยายน 2569,"{'name': 'อาชญากรรม', 'id': '66c3c4ce350823a8c40ffd4e', 'path': '/news/crime'}",False,/news/crime/558124,21 ก.ย. 69,"{'id': '6ab0e6e288a454e485022a82', 'sm': 'https://static.amarintv.com/media/Dpe4A5wywPtiPiU9W4jHZ4JRY6dCeJbqi3iiw9S4wbcJIJ3TOcFXV8gvn2mEb7585.jpg', 'md': 'https://static.amarintv.com/media/Dpe4A5wywPtiPiU9W4jHZ4JRY6dCeJbqi3iiw9S4wbcJIJ3TOc23kb9Xmcr9K2Ztj.jpg', 'lg': 'https://static.amarintv.com/media/PJVlR0ljpO8FaNwpYljAm70T09Z4QfATuFYroRIGcBWNrq0XZhoMO7t7tAkVQEo7iV.jpg', 'caption': 'News Web_16-9 (25).jpg'}",https://www.amarintv.com/news/crime/558124
ผู้ใหญ่บ้านซิ่งฝ่าฝน ชนพ่วงข้างผัวเมียขายปลาหมึกย่าง ดับ1 สาหัส1,558122,ผู้ใหญ่บ้านซิ่งรถตู้ฝ่าฝน พุ่งชนพ่วงข้างสองผัวเมียขายปลาหมึกย่างริมทาง ดับ1 สาหัส1 เจ้าตัวโร่มอบตัวร่ำไห้ขอโทษ ยันไม่ได้เมา พร้อมรับผิดชอบ,21 กันยายน 2569,"{'name': 'อาชญากรรม', 'id': '66c3c4ce350823a8c40ffd4e', 'path': '/news/crime'}",False,/news/crime/558122,21 ก.ย. 69,"{'id': '6ab0e37fe816c3edfc020e52', 'sm': 'https://static.amarintv.com/media/Dpe4A5wywPtiPiU9IT1pFjtI87uNiqIN3dvvLcpbSAihOlvvZhYawEUDnPS8ya0Lz.jpg', 'md': 'https://static.amarintv.com/media/Dpe4A5wywPtiPiU9IT1pFjtI87uNiqIN3dvvLcpbSAihOlvvZiL7AhwplzY3hVT6d.jpg', 'lg': 'https://static.amarintv.com/media/PJVlR0ljpO8FaNwoaWBjpBgZFsqz9L77XE5MzUXGqWSlOT7NvTi2WrpeAYRf80BCzj.jpg', 'caption': 'ผู้ใหญ่บ้านชนดับ1เจ็บ1 (3).jpg'}",https://www.amarintv.com/news/crime/558122
เตือนภัย! สาวผ่อนทองผ่านแอปดัง สูญ 7 พัน ได้ 'ทองปลอม' ร้านปิดหนี,558117,เตือนภัยสายช้อปออนไลน์! สาวโคราชสั่งแหวนทองผ่านแอปดัง ผ่อนครบเจอ 'ทองปลอม' ร้านปิดหนีติดต่อไม่ได้ สูญเงิน 7 พัน,21 กันยายน 2569,"{'name': 'อาชญากรรม', 'id': '66c3c4ce350823a8c40ffd4e', 'path': '/news/crime'}",False,/news/crime/558117,21 ก.ย. 69,"{'id': '6ab0df6dae589aee32086d52', 'sm': 'https://static.amarintv.com/media/Dpe4A5wywPtiPiUt7SeaisCxe5DuWqfw2hmOMk5V6C8XVDfyr3NOb6SRgoDl0ONR7.jpg', 'md': 'https://static.amarintv.com/media/Dpe4A5wywPtiPiUt7SeaisCxe5DuWqfw2hmOMk5V6C8XVDfyr4AuqZu3fOJgjIrCl.jpg', 'lg': 'https://static.amarintv.com/media/PJVlR0ljpO8FaNvnu0VnpT1iXpldbphPzMx0oAcyjqRSW6fXXFondkgJXIeDIP2aIl.jpg', 'caption': 'ปกใหม่_16-9 - 2026-09-21T144004.338.jpg'}",https://www.amarintv.com/news/crime/558117
"เหยื่อโผล่ร้อง ""นุช"" ถ่ายรูปคนดังขู่เหยื่อ-หลอกเงินล้าน",558111,"แฉหนังคนละม้วน เหยื่อโผล่ร้อง ""นุช"" ไม่ได้ถ่ายรูปคนดังเพราะชื่นชอบ แต่ใช้ขู่เหยื่อ-หลอกเงินล้าน",21 กันยายน 2569,"{'name': 'อาชญากรรม', 'id': '66c3c4ce350823a8c40ffd4e', 'path': '/news/crime'}",False,/news/crime/558111,21 ก.ย. 69,"{'id': '6ab0ca5b5211a88089078672', 'sm': 'https://static.amarintv.com/media/Dpe4A5wywPtiPiUanNskCejN9dIgrvUmPYrAOWTi8XmunBG7lscRgIV67I8z3TfW1.jpg', 'md': 'https://static.amarintv.com/media/Dpe4A5wywPtiPiUanNskCejN9dIgrvUmPYrAOWTi8XmunBG7ltPxulyi5tEumN9Hf.jpg', 'lg': 'https://static.amarintv.com/media/PJVlR0ljpO8FaNuV76oEySNbvyTNCrbH5j7i7SIwZTiAhGkuHlOwI4TSaiKVI9tEXz.jpg', 'caption': 'News Web_16-9 - 2026-09-21T130949.457.jpg'}",https://www.amarintv.com/news/crime/558111
"ทนายตั้ม ยื่น DSI สอบ ""กัน จอมพลัง"" ปมคลิปเสียงเว็บพนันUSA888",558097,"""ทนายตั้ม"" หอบหลักฐานยื่น DS Iสอบ""กัน จอมพลัง""ปมคลิปเสียงคล้ายโปรโมตเว็บพนัน USA888 พร้อมจี้เช็กเส้นเงิน ยันไม่ได้กลั่นแกล้ง ลั่นทองจริงไม่ต้องกลัวไฟ",21 กันยายน 2569,"{'name': 'อาชญากรรม', 'id': '66c3c4ce350823a8c40ffd4e', 'path': '/news/crime'}",False,/news/crime/558097,21 ก.ย. 69,"{'id': '6ab0b79043764a3d6406bff2', 'sm': 'https://static.amarintv.com/media/Dpe4A5wywPtiPiUEjYOalijrNPpL8k94PX3lLmGFJmW9qWkHu0FIeNJM7OV4tunNb.jpg', 'md': 'https://static.amarintv.com/media/Dpe4A5wywPtiPiUEjYOalijrNPpL8k94PX3lLmGFJmW9qWkHu02osqly5ybzcpG8F.jpg', 'lg': 'https://static.amarintv.com/media/PJVlR0ljpO8FaNs22IDj1EvYasqFcMvmPgpjh7THRsa6q5PKBQtM08Gqe4VnJftded.jpg', 'caption': 'News Web_16-9 (13).jpg'}",https://www.amarintv.com/news/crime/558097
หลวงตาลงไปเก็บสิ่งกีดขวางทางน้ำช่วงฝนตก ร่างถูกน้ำดูดเข้าท่อระบายน้ำ,558088,สลด! หลวงตาจมน้ำมรณภาพ หลังลงไปเก็บสิ่งกีดขวางทางน้ำช่วงฝนตกหนัก ร่างถูกน้ำดูดเข้าท่อระบายน้ำ,21 กันยายน 2569,"{'name': 'อาชญากรรม', 'id': '66c3c4ce350823a8c40ffd4e', 'path': '/news/crime'}",False,/news/crime/558088,21 ก.ย. 69,"{'id': '6ab0a35921500c822f042cd2', 'sm': 'https://static.amarintv.com/media/Dpe4A5wywPtiPiTvT0vwrYlW5bgRoPp3LBy0yZr3FbKpHSdhiz7ofhVlhyyfMa9Yp.jpg', 'md': 'https://static.amarintv.com/media/Dpe4A5wywPtiPiTvT0vwrYlW5bgRoPp3LBy0yZr3FbKpHSdhi0vKuAyNgY4Z5VdJT.jpg', 'lg': 'https://static.amarintv.com/media/PJVlR0ljpO8FaNrlX73TFLkSpLnS2Ms7zhf8EKJNccMBwIR8jsOTEbf2B83pr6nD0R.jpg', 'caption': 'News Web_16-9 - 2026-09-21T102327.780.jpg'}",https://www.amarintv.com/news/crime/558088
หนุ่มวัย 23 เครียดสะสม น้อยใจแม่ไม่ให้เงินซื้อกัญชา ปลิดชีพคาห้องนอน,558086,หนุ่มวัย 23 เครียดสะสม โทรศัพท์มือถือเสีย-น้อยใจแม่ไม่ให้เงินซื้อกัญชา ปลิดชีพคาห้องนอน กลางบ้านพักเมืองพัทยา,21 กันยายน 2569,"{'name': 'อาชญากรรม', 'id': '66c3c4ce350823a8c40ffd4e', 'path': '/news/crime'}",False,/news/crime/558086,21 ก.ย. 69,"{'id': '6ab09df8d6887d57e704cbc2', 'sm': 'https://static.amarintv.com/media/Dpe4A5wywPtiPiHkzVsG77TMsEUSzhp6Pq66sH43FhJ4MbGcZ6sCUA6aVoR5Rc62x.jpg', 'md': 'https://static.amarintv.com/media/Dpe4A5wywPtiPiHkzVsG77TMsEUSzhp6Pq66sH43FhJ4MbGcZ7fiieZCUOX0AXanb.jpg', 'lg': 'https://static.amarintv.com/media/PJVlR0ljpO8FaM3WEBoIvi3Sd71zuzDKgxVYaMq3c044DV4pVAFzY1r3xtbJYssqPT.jpg', 'caption': 'น้อยใจแม่ไม่ให้เงินซื้อกัญชา (3).jpg'}",https://www.amarintv.com/news/crime/558086
"พบฟอร์จูนเนอร์ ""สีกาเอ๋"" จอดวัด หลัง 'สมีโชติ' โดนจับ กองปราบจ่ออายัด",558082,"พบแล้ว!รถฟอร์จูนเนอร์ ""สีกาเอ๋"" จอดทิ้งกลางวัด หลัง ""สมีโชติ""ถูกจับ ขณะกองปราบเตรียมตรวจสอบ-อายัด 24 ก.ย. พบกล่องคล้ายวัตถุมงคล–ถุงกระดาษภายในรถ",21 กันยายน 2569,"{'name': 'อาชญากรรม', 'id': '66c3c4ce350823a8c40ffd4e', 'path': '/news/crime'}",False,/news/crime/558082,21 ก.ย. 69,"{'id': '6ab097aa4aecddca8b06efe2', 'sm': 'https://static.amarintv.com/media/Dpe4A5wywPtiPiHheremgvYEZTrTnlwUYAWagnQiyYe7sZsizpZ6FI86fiYlPJr45.jpg', 'md': 'https://static.amarintv.com/media/Dpe4A5wywPtiPiHheremgvYEZTrTnlwUYAWagnQiyYe7sZsizqNcTmbieIef8ELpj.jpg', 'lg': 'https://static.amarintv.com/media/PJVlR0ljpO8FaM3ISvkbFRpYMhU1Fh9iLHelguIXuFJ0jYL9zMrFnc4SknGspLQ3CV.jpg', 'caption': 'News Web_16-9 (5).jpg'}",https://www.amarintv.com/news/crime/558082
กองปราบออกหมายเรียก “ป๋อง สุพรรณ” มีชื่อกรรมการ “มูลนิธิหวันโชติ”,558077,สะเทือนวงการพระเครื่อง! กองปราบออกหมายเรียก “ป๋อง สุพรรณ” เซียนพระชื่อดัง มีชื่อกรรมการ “มูลนิธิหวันโชติ” ของอดีตเจ้าอาวาสวัดพุทไธสวรรย์,21 กันยายน 2569,"{'name': 'อาชญากรรม', 'id': '66c3c4ce350823a8c40ffd4e', 'path': '/news/crime'}",False,/news/crime/558077,21 ก.ย. 69,"{'id': '6ab088c3373ce1353e056162', 'sm': 'https://static.amarintv.com/media/Dpe4A5wywPtiPiHOmNblATAdrXJPNRuJzCiaYzs6Ae0PsgajnlPXIMhP8N20ImM7z.jpg', 'md': 'https://static.amarintv.com/media/Dpe4A5wywPtiPiHOmNblATAdrXJPNRuJzCiaYzs6Ae0PsgajnmC3Wp916x8u1gqsd.jpg', 'lg': 'https://static.amarintv.com/media/PJVlR0ljpO8FaM12Vxf6xQd8nFkKy1QkiuiJAhjhgDVu3z3tJXddUFj87AZkKK7FBj.jpg', 'caption': 'กองปราบออกหมายเรียก (3).jpg'}",https://www.amarintv.com/news/crime/558077
ไร้ปาฏิหาริย์! เจอแล้วสาวโคราช หลังญาติตามหาตัว ถูกฆาตกรรมที่ไต้หวัน,558075,ไร้ปาฏิหาริย์! เจอแล้ว “น้องยีนส์” สาวโคราช หลังญาติประกาศตามหาตัว ถูกแฟนหนุ่มฆาตกรรมสยองที่ไต้หวัน ร่างยัดกระเป๋าเดินทาง ซุกตู้แช่เข็งนาน 6 วัน,21 กันยายน 2569,"{'name': 'อาชญากรรม', 'id': '66c3c4ce350823a8c40ffd4e', 'path': '/news/crime'}",False,/news/crime/558075,21 ก.ย. 69,"{'id': '6ab082ac88de6cd44009ad62', 'sm': 'https://static.amarintv.com/media/Dpe4A5wywPtiPiHOKn0zS5lBIYg8SoYIH59dXiqFFHybHtPXHMo5s2crk5r6jNE0N.jpg', 'md': 'https://static.amarintv.com/media/Dpe4A5wywPtiPiHOKn0zS5lBIYg8SoYIH59dXiqFFHybHtPXHNcb7V5Tjfx1SHik1.jpg', 'lg': 'https://static.amarintv.com/media/PJVlR0ljpO8FaM10f6iH0Jy0qpSI9AvnivbzTRLu9KQP94zdbl7AJgrLAzWkr9Lhkp.jpg', 'caption': 'ปกเว็บ.jpg'}",https://www.amarintv.com/news/crime/558075
ฉุนแทนเมีย เพื่อนวงเหล้าบูลลี่ขนส่งลาว หนุ่มไล่ฟันเพื่อน ถูกรุมสวนเจ็บ,558074,ฉุนแทนเมีย! เพื่อนวงเหล้า บูลลี่ลาวไม่มีขนส่งทางทะเล หนุ่มคว้ามีดไล่ฟันเพื่อน ถูกรุมสวนเจ็บคู่,21 กันยายน 2569,"{'name': 'อาชญากรรม', 'id': '66c3c4ce350823a8c40ffd4e', 'path': '/news/crime'}",False,/news/crime/558074,21 ก.ย. 69,"{'id': '6ab08116c066763c020b0c02', 'sm': 'https://static.amarintv.com/media/Dpe4A5wywPtiPiHOFLrVqIWBFY62CahO7hn27NFaXJ1gZgIBMyngYMSP2pyhk64eJ.jpg', 'md': 'https://static.amarintv.com/media/Dpe4A5wywPtiPiHOFLrVqIWBFY62CahO7hn27NFaXJ1gZgIBMzbCmpu11P4cT1YOx.jpg', 'lg': 'https://static.amarintv.com/media/PJVlR0ljpO8FaM10JaS9f8e4eTBFIBjPv04q4eCY3ms9zWpG8wvLiIkCkFtzlKaweJ.jpg', 'caption': 'News Web_16-9 - 2026-09-21T075748.126.jpg'}",https://www.amarintv.com/news/crime/558074
ช็อก! หนุ่มไต้หวันหึงโหด ปลิดชีพแฟนสาวชาวไทย ยัดร่างซุกตู้แช่แข็ง,558073,ช็อก! หนุ่มไต้หวันหึงโหด ปลิดชีพแฟนสาวชาวไทย กลางโรงแรมดัง ก่อนยัดร่างใส่กระเป๋าเดินทาง หิ้วซุกตู้แช่แข็งกลางบริษัททำงาน เพื่อนร่วมงานไม่รู้ตัว,21 กันยายน 2569,"{'name': 'อาชญากรรม', 'id': '66c3c4ce350823a8c40ffd4e', 'path': '/news/crime'}",False,/news/crime/558073,21 ก.ย. 69,"{'id': '6ab07aba6c344e255f0b5282', 'sm': 'https://static.amarintv.com/media/Dpe4A5wywPtiPiG8rSTiBTlOZTaS8WDUPNCumdu5cQ0GHJ1Ovlivka9r3zHzID8Vv.jpg', 'md': 'https://static.amarintv.com/media/Dpe4A5wywPtiPiG8rSTiBTlOZTaS8WDUPNCumdu5cQ0GHJ1OvmWRy4cT2ZNt08cGZ.jpg', 'lg': 'https://static.amarintv.com/media/PJVlR0ljpO8FaM0ymvmsda5tegMmVNDtkx1We21vOthHPiry8aviSpRcQ0Lb93kt1D.jpg', 'caption': 'ยัดร่างสาวไทยซุกตู้แช่แข็ง (3).jpg'}",https://www.amarintv.com/news/crime/558073
ศึกเมียเก่า-เมียใหม่! นัดเปิดคลิปแฉผัว ตอแยไม่เลิก กะซวกน้องชายเจ็บ,558066,ศึกรักสามเส้าบานปลาย! เมียเก่านัดเมียใหม่เปิดคลิปแฉ อ้างอดีตผัวไม่เลิกตอแยแอบหอมแก้ม-จับก้น ผัวเก่าบุกเคลียร์ชุลมุน ชักมีดแทงน้องชาย คอ-แขนเจ็บ,20 กันยายน 2569,"{'name': 'อาชญากรรม', 'id': '66c3c4ce350823a8c40ffd4e', 'path': '/news/crime'}",False,/news/crime/558066,20 ก.ย. 69,"{'id': '6aafda450d05bdcc970235c2', 'sm': 'https://static.amarintv.com/media/Dpe4A5wywPtiLbWaEHVnyIxVeETrA5tgt4KwmS6UJ8RiWADw5Cenz6CXqzitRiqB3.jpg', 'md': 'https://static.amarintv.com/media/Dpe4A5wywPtiLbWaEHVnyIxVeETrA5tgt4KwmS6UJ8RiWADw5DSKEZe9pZooAdJwh.jpg', 'lg': 'https://static.amarintv.com/media/PJVlR0ljpO8FJO8jnAVWXCTusJzTl0X9Lh6guKMzPK4d00Pn9X8gSpcezL8h1GXFyF.jpg', 'caption': 'ปกใหม่_16-9 - 2026-09-20T200524.376.jpg'}",https://www.amarintv.com/news/crime/558066
"""ทนายตั้ม""จ่อยื่นDSIสอบเส้นเงิน ""กัน จอมพลัง""-ครอบครัว พัวพันเว็บพนัน",558064,"""ทนายตั้ม"" เดินหน้าชน โพสต์เตรียมยื่น DSI ตรวจสอบเส้นทางการเงิน ""กัน จอมพลัง"" พร้อมครอบครัวและคนใกล้ชิด",20 กันยายน 2569,"{'name': 'อาชญากรรม', 'id': '66c3c4ce350823a8c40ffd4e', 'path': '/news/crime'}",False,/news/crime/558064,20 ก.ย. 69,"{'id': '6aafd592c5d6854d2e0ac522', 'sm': 'https://static.amarintv.com/media/Dpe4A5wywPtiLbWWyOonoeSqav1gK2HI39Za2F5aegC7vgls9FUTItK5eRjQT43MJ.jpg', 'md': 'https://static.amarintv.com/media/Dpe4A5wywPtiLbWWyOonoeSqav1gK2HI39Za2F5aegC7vgls9GHzXMnhc1pLCzW6x.jpg', 'lg': 'https://static.amarintv.com/media/PJVlR0ljpO8FJO8WLafxtLHJMhm803bevLjA7WdHYAUOwOnvuFp00QVwXXmuQ0FcKJ.jpg', 'caption': 'News Web_16-9 (43).jpg'}",https://www.amarintv.com/news/crime/558064
เปิดฟาร์มไก่ชน 17 ไร่ เงินสะพัดรถหรู ตร.บุกจับอายัดทรัพย์ร่วม 17ล้าน,558055,ตำรวจโคราชบุกทลายฟาร์มไก่ชนบังหน้า ค้ายาอายัดทรัพย์ 17 ล้าน! ชาวบ้านผวา ซื้อที่ 17 ไร่รวยผิดปกติ เตือนชุมชนช่วยกันสังเกตเบาะแส,20 กันยายน 2569,"{'name': 'อาชญากรรม', 'id': '66c3c4ce350823a8c40ffd4e', 'path': '/news/crime'}",False,/news/crime/558055,20 ก.ย. 69,"{'id': '6aafbeda9d3467eecc0a4822', 'sm': 'https://static.amarintv.com/media/Dpe4A5wywPtiLbVydH63zp4JOXEFICK2Ls8Qxb1WkFioPRTXSexcwTPdBQWwSQ87j.jpg', 'md': 'https://static.amarintv.com/media/Dpe4A5wywPtiLbVydH63zp4JOXEFICK2Ls8Qxb1WkFioPRTXSfk9AwsE90crBLcsN.jpg', 'lg': 'https://static.amarintv.com/media/PJVlR0ljpO8FJO6EYQzMhXB0HVO1LK83uZq1WLCVPA7ELFeAMO0OnrSgzipMSDTP7f.jpg', 'caption': 'News Web_16-9 (35).jpg'}",https://www.amarintv.com/news/crime/558055
ระทึกกลางเมือง! ไฟไหม้รถมอเตอร์ไซค์ลี่ฟาน ย่านบางซื่อ,558051,ระทึกกลางเมือง! ไฟไหม้รถมอเตอร์ไซค์ลี่ฟาน ย่านบางซื่อ พลเมืองดีควักถังดับเพลิงฉีดสกัดรวดเร็ว ไร้เจ็บ-เสียชีวิต,20 กันยายน 2569,"{'name': 'อาชญากรรม', 'id': '66c3c4ce350823a8c40ffd4e', 'path': '/news/crime'}",False,/news/crime/558051,20 ก.ย. 69,"{'id': '6aafb125f6e55f470a0ae4b2', 'sm': 'https://static.amarintv.com/media/Dpe4A5wywPtiLbVulhKI717axgBv2lrZiqYd0ebOpebfUWLEhJImL0zIFkmcgiD3v.jpg', 'md': 'https://static.amarintv.com/media/Dpe4A5wywPtiLbVulhKI717axgBv2lrZiqYd0ebOpebfUWLEhJ6IaURuEKsXPchoZ.jpg', 'lg': 'https://static.amarintv.com/media/PJVlR0ljpO8FJO5ya853BMxYocPTrdpPhNDFOtqcjTrjWDjsstZjfJ5wZaR6o9zoPD.jpg', 'caption': 'News Web_16-9 (31).jpg'}",https://www.amarintv.com/news/crime/558051
ยางมะตอยร่วงใส่รถพระราม9พังระนาว แห่แจ้งความ73ราย-ผู้รับเหมาพร้อมชดใช้,558047,ยางมะตอยร่วงใส่รถพระราม9พังระนาว!ผู้เสียหายแห่แจ้งความ สน.หัวหมาก ยอดพุ่ง 73 ราย ด้าน ผู้รับเหมายันพร้อมชดใช้เยียวยาเต็มที่,20 กันยายน 2569,"{'name': 'อาชญากรรม', 'id': '66c3c4ce350823a8c40ffd4e', 'path': '/news/crime'}",False,/news/crime/558047,20 ก.ย. 69,"{'id': '6aafabf103bf6522510a7cb2', 'sm': 'https://static.amarintv.com/media/Dpe4A5wywPtiLbVfSRfatZXkM6Evc9jyjEmeB4POIOjP0usOGvCtKTzOKrjMGe8SB.jpg', 'md': 'https://static.amarintv.com/media/Dpe4A5wywPtiLbVfSRfatZXkM6Evc9jyjEmeB4POIOjP0usOGv0PYxR0JRpGzZcCp.jpg', 'lg': 'https://static.amarintv.com/media/PJVlR0ljpO8FJO4xNeRwXexXfZxp9sP2wzE392O2WAJjby2mPv5QSzqLgg8c1bEeZH.jpg', 'caption': 'News Web_16-9 (29).jpg'}",https://www.amarintv.com/news/crime/558047
เปิดสาเหตุไฟลัดวงจรราง MRTเร่งอพยพคน-ขบวนรถล่าช้า 1 ชม.,558042,เปิดสาเหตุไฟลัดวงจรราง MRT 'ผู้ว่าฯ รฟม.' ชี้ความชื้นสูงช่วงฝนตก เร่งอพยพคน-ขบวนรถล่าช้า 1 ชม.,20 กันยายน 2569,"{'name': 'อาชญากรรม', 'id': '66c3c4ce350823a8c40ffd4e', 'path': '/news/crime'}",False,/news/crime/558042,20 ก.ย. 69,"{'id': '6aaf98c8cc1a9f3620021fb2', 'sm': 'https://static.amarintv.com/media/Dpe4A5wywPtiLbJODIZGQipjRIeNC95vChLkpZviB4uNg5WrwdSagXAvBWLTv5H1D.jpg', 'md': 'https://static.amarintv.com/media/Dpe4A5wywPtiLbJODIZGQipjRIeNC95vChLkpZviB4uNg5WrweF6u0dW96ROezllr.jpg', 'lg': 'https://static.amarintv.com/media/PJVlR0ljpO8FJOGGA6rn2XJnovCt2XseOdB1ZAYUf4Sz161uwAoFT2zxJ6p2gdD9DX.jpg', 'caption': 'News Web_16-9 - 2026-09-20T152635.803.jpg'}",https://www.amarintv.com/news/crime/558042
แม่เลี้ยงเดี่ยวร้องโดนอดีตผัวหลอกเกือบ 10 ล้าน ขู่ฆ่าลูก-พ่อติดเตียง,558036,แม่เลี้ยงเดี่ยวร้อง ‘สายไหมต้องรอด’ โดนอดีตผัวหลอกเกือบ 10 ล้าน ขู่ฆ่าลูก-พ่อติดเตียง,20 กันยายน 2569,"{'name': 'อาชญากรรม', 'id': '66c3c4ce350823a8c40ffd4e', 'path': '/news/crime'}",False,/news/crime/558036,20 ก.ย. 69,"{'id': '6aaf9569b5a36a396b09ca72', 'sm': 'https://static.amarintv.com/media/Dpe4A5wywPtiLbJNyikw8w0K9AH2lg4zQ4hxOR2Oo3I9o513bhu40WQafF9LS3f6t.jpg', 'md': 'https://static.amarintv.com/media/Dpe4A5wywPtiLbJNyikw8w0K9AH2lg4zQ4hxOR2Oo3I9o513biibEztCdqFGBx9rX.jpg', 'lg': 'https://static.amarintv.com/media/PJVlR0ljpO8FJOGFCuz4O9pbV2ghc74nrzdhQ9x6gzrIlA6g5lDsgZueatxvimZcex.jpg', 'caption': 'News Web_16-9 - 2026-09-20T151127.190.jpg'}",https://www.amarintv.com/news/crime/558036
เด็กเดินโพย แฉ! ตำรวจยศ “พ.ต.ท.” ฝากแทงบอลเสีย กว่า 6 แสน-บิด ไม่จ่าย,558040,เด็กเดินโพย แฉ! ถูกตำรวจยศ “พ.ต.ท. ฝากแทงบอลเสีย บิดไม่จ่าย แบกหนี้แทนกว่า 6 แสน แถมโดนแจ้งจับฉ้อโกง ร้องผู้บังคับบัญชาบอก “เรื่องส่วนตัว”,20 กันยายน 2569,"{'name': 'อาชญากรรม', 'id': '66c3c4ce350823a8c40ffd4e', 'path': '/news/crime'}",False,/news/crime/558040,20 ก.ย. 69,"{'id': '6aaf94ef22f1a469220bf112', 'sm': 'https://static.amarintv.com/media/Dpe4A5wywPtiLbJNuybYDJe8y9YMA4WKfjD9CkGGZUjk14r4jAyzdbGwIaxe2Nmah.jpg', 'md': 'https://static.amarintv.com/media/Dpe4A5wywPtiLbJNuybYDJe8y9YMA4WKfjD9CkGGZUjk14r4jBmVr4jYHA3ZlIGLL.jpg', 'lg': 'https://static.amarintv.com/media/PJVlR0ljpO8FJOGExSRFTBN5Ihd3lurhYUwcCpDMck68OmJTibD2VvunvJtgWdaNjP.jpg', 'caption': 'ปกใหม่_16-9 - 2026-09-20T150931.841.jpg'}",https://www.amarintv.com/news/crime/558040
เจ้าหน้าที่เร่งตรวจสอบป่วนบันนังสตา! ซุ่มยิง ผช.ผู้ใหญ่บ้านเสียชีวิต,558032,เจ้าหน้าที่เร่งตรวจสอบป่วนบันนังสตา! ซุ่มยิง ผช.ผู้ใหญ่บ้านเสียชีวิต เผายาง-โปรยตะปูเรือใบ-เผาเครื่องจักร 4 จุด,20 กันยายน 2569,"{'name': 'อาชญากรรม', 'id': '66c3c4ce350823a8c40ffd4e', 'path': '/news/crime'}",False,/news/crime/558032,20 ก.ย. 69,"{'id': '6aaf7bf44de8aa3ee702a3f2', 'sm': 'https://static.amarintv.com/media/Dpe4A5wywPtiLbIpPvaujxOXPb9SJMh8Qyht78nOQwpB70RbZsrMnrTVe234PCHsZ.jpg', 'md': 'https://static.amarintv.com/media/Dpe4A5wywPtiLbIpPvaujxOXPb9SJMh8Qyht78nOQwpB70RbZtes2Kv7dc9y76ldD.jpg', 'lg': 'https://static.amarintv.com/media/PJVlR0ljpO8FJODwVF0cTxRV9xjE59yQ1arTxoV85S5aHF2BMEOYAIohv1v9Gp7ZWN.jpg', 'caption': 'News Web_16-9 - 2026-09-20T132332.746.jpg'}",https://www.amarintv.com/news/crime/558032
ล่า 4 วัน! รวบ “ตาขุน” เฒ่า 71 หึงโหด หนีซุกเถียงนากลางเขา สภาพอิดโรย,558025,ปิดฉากล่า 4 วัน 4 คืน! รวบ “ตาขุน” เฒ่า 71 หึงโหดทำร้ายเมียดับ หนีซุกเถียงนากลางเขา สภาพอิดโรย เจ้าหน้าที่เร่งหามส่ง รพ. ก่อนอายัดตัวดำเนินคดี,20 กันยายน 2569,"{'name': 'อาชญากรรม', 'id': '66c3c4ce350823a8c40ffd4e', 'path': '/news/crime'}",False,/news/crime/558025,20 ก.ย. 69,"{'id': '6aaf640d6d595613c80d3932', 'sm': 'https://static.amarintv.com/media/Dpe4A5wywPtiLbIS2hfYzRRmQP9hOv3Hkpvvwnso62CFThCL3LvD9IT9Bmiyyxhhj.jpg', 'md': 'https://static.amarintv.com/media/Dpe4A5wywPtiLbIS2hfYzRRmQP9hOv3Hkpvvwnso62CFThCL3MikNlwlAMothsBSN.jpg', 'lg': 'https://static.amarintv.com/media/PJVlR0ljpO8FJOCR7MVoftWt9ICFO9tlVadPS0AZFFGl6oZDFuOUQoLK9CS4sVuClf.jpg', 'caption': 'ปกใหม่_16-9 - 2026-09-20T114042.846.jpg'}",https://www.amarintv.com/news/crime/558025
ยกเลิก ‘ธรรมสัญจร’ กะทันหัน หลัง ตร.บุกรวบเจ้าอาวาส-พระยกวัดเสพยา,558023,ยกเลิก ‘ธรรมสัญจร’ กะทันหัน หลัง ตำรวจบุกรวบเจ้าอาวาส-พระยกวัด คดียาบ้า,20 กันยายน 2569,"{'name': 'อาชญากรรม', 'id': '66c3c4ce350823a8c40ffd4e', 'path': '/news/crime'}",False,/news/crime/558023,20 ก.ย. 69,"{'id': '6aaf5f698a7969a40506edb2', 'sm': 'https://static.amarintv.com/media/Dpe4A5wywPtiLbIDnDInk0JCzEEtheY5O0hwStPsh4j0uN4rdc0NTY5aD95lPfbpL.jpg', 'md': 'https://static.amarintv.com/media/Dpe4A5wywPtiLbIDnDInk0JCzEEtheY5O0hwStPsh4j0uN4rddnth2YCCkBf8Z5Zz.jpg', 'lg': 'https://static.amarintv.com/media/PJVlR0ljpO8FJOBQ9O7peHTVo0ziCRg4VS7dbU036BmBw1cHfgvkwUtum0w8qnBwCZ.jpg', 'caption': 'News Web_16-9 - 2026-09-20T111954.015.jpg'}",https://www.amarintv.com/news/crime/558023
เด้ง ผกก.สภ.ช้างเผือก เข้ากรุ ศปก.! หลังปกครองบุกทลายบ่อนใหญ่เชียงใหม่,558010,เด้ง ผกก.สภ.ช้างเผือก เข้ากรุ ศปก.ก่อนเกษียณไม่กี่วัน หลังปกครองบุกทลายบ่อนใหญ่เชียงใหม่,20 กันยายน 2569,"{'name': 'อาชญากรรม', 'id': '66c3c4ce350823a8c40ffd4e', 'path': '/news/crime'}",False,/news/crime/558010,20 ก.ย. 69,"{'id': '6aaf40a32085dcb38d0f7672', 'sm': 'https://static.amarintv.com/media/Dpe4A5wywPtiLbHqq0CtlYlHy76XGtHbSbGMUguxPMyEfNDIvoSMk1qYCE497F3f3.jpg', 'md': 'https://static.amarintv.com/media/Dpe4A5wywPtiLbHqq0CtlYlHy76XGtHbSbGMUguxPMyEfNDIvpFszVJAApA4qAXQh.jpg', 'lg': 'https://static.amarintv.com/media/PJVlR0ljpO8FJN9uQ23SSZjSSbfBZwSssH3k4vPNUw2uk128MmDJybdqO5YeqlgvqF.jpg', 'caption': 'News Web_16-9 - 2026-09-20T091034.004.jpg'}",https://www.amarintv.com/news/crime/558010
ป่วนบันนังสตา! เผายาง-วางวัตถุต้องสงสัย ทำลายกล้องCCTV-เครื่องจักร,558009,ป่วนบันนังสตา ยะลา เผายาง วางวัตถุต้องสงสัย ทำลายกล้อง CCTV และเผารถเครื่องจักรกลเสียหายหลายจุด เจ้าหน้าที่เร่งกั้นพื้นที่ตรวจ EOD,20 กันยายน 2569,"{'name': 'อาชญากรรม', 'id': '66c3c4ce350823a8c40ffd4e', 'path': '/news/crime'}",False,/news/crime/558009,20 ก.ย. 69,"{'id': '6aaf4056e7e32ce914062a52', 'sm': 'https://static.amarintv.com/media/Dpe4A5wywPtiLbHqqDI1ufqCyVIYpuIadwmIxTwuXuLDl91Zazmp1vKacFIZnsAEV.jpg', 'md': 'https://static.amarintv.com/media/Dpe4A5wywPtiLbHqqDI1ufqCyVIYpuIadwmIxTwuXuLDl91Za0aMGOnCapOUWmdy9.jpg', 'lg': 'https://static.amarintv.com/media/PJVlR0ljpO8FJN9uNm8l6Cxll1Qp2WexU8teTnrRgCpo43ahAozqqMjsOSR2ui1z5r.jpg', 'caption': 'News Web_16-9 (1).jpg'}",https://www.amarintv.com/news/crime/558009
โป๊ะเชะ! แชตเด้งกลางด่านตรวจ หลวงพี่ไลน์สั่งซื้อยาบ้า ส่งตรงถึงกุฏิ,557993,โป๊ะเชะ! ฝ่ายปกครองจับหนุ่มตรวจฉี่ เจอแชตหลวงพี่เด้งกลางด่าน ไลน์สั่งซื้อยาบ้าพอดี ยกโขยงส่งตรงถึงกุฏิ ลุยสึกกลางวัดก่อนรวบยกแก๊ง,19 กันยายน 2569,"{'name': 'อาชญากรรม', 'id': '66c3c4ce350823a8c40ffd4e', 'path': '/news/crime'}",False,/news/crime/557993,19 ก.ย. 69,"{'id': '6aae64d50caddd0f1a0a2362', 'sm': 'https://static.amarintv.com/media/Dpe4A5wywPtiLZ2Cz54EHwjzWjgiRFKRMgpdbG9V5QqJnWmZoMXB5RsgZOJW0hIfj.jpg', 'md': 'https://static.amarintv.com/media/Dpe4A5wywPtiLZ2Cz54EHwjzWjgiRFKRMgpdbG9V5QqJnWmZoNKiJvLIXyPRjbmQN.jpg', 'lg': 'https://static.amarintv.com/media/PJVlR0ljpO8FJIzJsbFfCIj6FMqZghUbBs3Ph61Ugc2DwhYl30vFuu8eyffzNgAqVf.jpg', 'caption': 'หลวงพี่สั่งซื้อยาบ้า (3).jpg'}",https://www.amarintv.com/news/crime/557993
แจ้งจับแก๊งเกลียดคนหล่อ เจอที่ไหนหาเรื่องที่นั่น หนุ่ม31 โดนตามประกบชก,557987,แจ้งจับแก๊งวัยรุ่นละหานทราย เกลียดคนหล่อ เจอที่ไหนหาเรื่องที่นั่น หนุ่มวัย31โดนตามประกบชก โร่แจ้งความเอาเรื่องถึงที่สุด,19 กันยายน 2569,"{'name': 'อาชญากรรม', 'id': '66c3c4ce350823a8c40ffd4e', 'path': '/news/crime'}",False,/news/crime/557987,19 ก.ย. 69,"{'id': '6aae5017959a6726200cac32', 'sm': 'https://static.amarintv.com/media/Dpe4A5wywPtiLZ1tjiKCnnMnwNr4Wp3xbtWYNhSfcQanMU447DtLBcLsSDujZPztT.jpg', 'md': 'https://static.amarintv.com/media/Dpe4A5wywPtiLZ1tjiKCnnMnwNr4Wp3xbtWYNhSfcQanMU447EgrP5oUQn0eIKTd7.jpg', 'lg': 'https://static.amarintv.com/media/PJVlR0ljpO8FJIx2KxDc3n2MPGlStnAYKfSb93eZ2rz706XBJtEhUONB24jbE2jJFb.jpg', 'caption': 'แจ้งจับแก๊งเกลียดคนหล่อ (3).jpg'}",https://www.amarintv.com/news/crime/557987
ช็อกกลางกรุง ยายเครียดจัด โยนหลาน 3 ขวบตกชั้น 4 ก่อนร่วงตามสาหัส,557986,ช็อกกลางกรุง ยายวัย 50 เครียดจัด โยนหลานวัย 3 ขวบตกชั้น 4 ก่อนร่วงตามลงมา เจ็บสาหัสทั้งคู่ ตำรวจเร่งประสานกู้ภัยช่วยยื้อชีวิต,19 กันยายน 2569,"{'name': 'อาชญากรรม', 'id': '66c3c4ce350823a8c40ffd4e', 'path': '/news/crime'}",False,/news/crime/557986,19 ก.ย. 69,"{'id': '6aae46254e54f8ece300d662', 'sm': 'https://static.amarintv.com/media/Dpe4A5wywPtiLZ1bEAKyDt4Zhwc7STV5hvMCsZ2T7d8OfS7NirTJ4APlfbl92Uso9.jpg', 'md': 'https://static.amarintv.com/media/Dpe4A5wywPtiLZ1bEAKyDt4Zhwc7STV5hvMCsZ2T7d8OfS7NisGqIdsNeBr4lPMZn.jpg', 'lg': 'https://static.amarintv.com/media/PJVlR0ljpO8FJIwnugsmrbi5deHizl4hlY1tNY0SZlur3QQf9IfGrc1F2LGCW6t7O1.jpg', 'caption': 'ก่อนร่วงตามสาหัส (2).jpg'}",https://www.amarintv.com/news/crime/557986
ตร.ออกหมายจับ มือยิงหนุ่มวัย 32 ปี ดับ - คุมฝากขัง 4 ผู้ต้องหา,557982,ตํารวจออกหมายจับ มือยิงหนุ่มวัย 32 ปี เสียชีวิต ส่วน 4 คน รถเก๋งดํานําตัวฝากขังศาลอาญามีนบุรี ผู้ต้องหายอมรับขับรถตามอ้างว่าจะไปห้าม,19 กันยายน 2569,"{'name': 'อาชญากรรม', 'id': '66c3c4ce350823a8c40ffd4e', 'path': '/news/crime'}",False,/news/crime/557982,19 ก.ย. 69,"{'id': '6aae412785d3081a50076102', 'sm': 'https://static.amarintv.com/media/Dpe4A5wywPtiLZ1arDMdlwnMZzyY4gFCTwAEihegPMtLMgYlf95yg1ruTuhOzEi7b.jpg', 'md': 'https://static.amarintv.com/media/Dpe4A5wywPtiLZ1arDMdlwnMZzyY4gFCTwAEihegPMtLMgYlgAtUvVKWSUnJh9CsF.jpg', 'lg': 'https://static.amarintv.com/media/PJVlR0ljpO8FJIwmNvNgQAx1Qp6G1WcxjoMSymSBIwiiPrvk39Ysb5jSP3OYFeB3ad.jpg', 'caption': 'News Web_16-9 - 2026-09-19T145751.304.jpg'}",https://www.amarintv.com/news/crime/557982
"ฝากขัง ""เหม่ง ปากดำ"" อินฟลูฯสายคุกชื่อดัง ปัด ""ขโมยรถ"" ยันบริสุทธิ์",557968,"ฝากขัง ""เหม่ง ปากดำ"" อินฟลูฯสายคุกชื่อดัง ผตห.ตามหมายจับคดียาเสพติดของศาลอาญาพระโขนง ปัด ""ขโมยรถ"" ยืนยันตัวเองบริสุทธิ์",19 กันยายน 2569,"{'name': 'อาชญากรรม', 'id': '66c3c4ce350823a8c40ffd4e', 'path': '/news/crime'}",False,/news/crime/557968,19 ก.ย. 69,"{'id': '6aae10a83618fc97730241d3', 'sm': 'https://static.amarintv.com/media/Dpe4A5wywPtiLZ0fv802puu6TTaxLy8XpcujxGblTnN47da55U8JW9sMYj0C1Xy1H.jpg', 'md': 'https://static.amarintv.com/media/Dpe4A5wywPtiLZ0fv802puu6TTaxLy8XpcujxGblTnN47da55VvpldKyXJ57kSSlv.jpg', 'lg': 'https://static.amarintv.com/media/PJVlR0ljpO8FJIszMHQVuZDyvuOnGydTtMsTwul8FD7dLjhNKmQWfKnKLzECrBhhT3.jpg', 'caption': 'News Web_16-9 - 2026-09-19T113115.054.jpg'}",https://www.amarintv.com/news/crime/557968
"จนท.รวบ ""อัสนัน"" ตามหมายจับ ตามหมายจับคดีอาญาในพื้นที่ จ.ยะลา",557966,"จนท.รวบ ""อัสนัน"" ตามหมายจับ ตามหมายจับคดีอาญาในพื้นที่ จ.ยะลา โยงคดีวางเพลิงโรงโม่หินยะลา เร่งขยายผล",19 กันยายน 2569,"{'name': 'อาชญากรรม', 'id': '66c3c4ce350823a8c40ffd4e', 'path': '/news/crime'}",False,/news/crime/557966,19 ก.ย. 69,"{'id': '6aae08fb843be397da08bdd2', 'sm': 'https://static.amarintv.com/media/Dpe4A5wywPtiLZ0NZqrJmzwgf8mp1ZtEEhOfoPf7UG06u3iHYGR7tqpYKV22V01Tf.jpg', 'md': 'https://static.amarintv.com/media/Dpe4A5wywPtiLZ0NZqrJmzwgf8mp1ZtEEhOfoPf7UG06u3iHYHFd8KIAI58xEvVEJ.jpg', 'lg': 'https://static.amarintv.com/media/PJVlR0ljpO8FJIrlYESLuVyWQCTq0iOEytN4qMD67CSmlnW2fXoKc19ixFbtSzbqg9.jpg', 'caption': 'News Web_16-9 - 2026-09-19T105533.515.jpg'}",https://www.amarintv.com/news/crime/557966
ยิงสนั่นพัทยา ตำรวจคลั่งรัวปืนกลางอพาร์ตเมนต์กว่า 10 นัด เลือดท่วมห้อง,557961,ยิงสนั่นพัทยา! ตำรวจคลั่งรัวปืนกลางอพาร์ตเมนต์ย่านซอยเย็นสบายกว่า 10 นัด ผวาคราบเลือดท่วมห้อง เร่งสอบปมสารเสพติด,19 กันยายน 2569,"{'name': 'อาชญากรรม', 'id': '66c3c4ce350823a8c40ffd4e', 'path': '/news/crime'}",False,/news/crime/557961,19 ก.ย. 69,"{'id': '6aadff89f7aa62d6bb0ecd72', 'sm': 'https://static.amarintv.com/media/Dpe4A5wywPtiLY0gORspA2zV1XwT0zRnp99MDWtKZe9PSr3XoaRvCGFwMThKOuX6l.jpg', 'md': 'https://static.amarintv.com/media/Dpe4A5wywPtiLY0gORspA2zV1XwT0zRnp99MDWtKZe9PSr3XobFRQjiYK3nE7o1rP.jpg', 'lg': 'https://static.amarintv.com/media/PJVlR0ljpO8FJEk1E9KZVoYCQaLf8HuzzZ6pv30e9R63LPOpowNUA28gBLuFJesZ7v.jpg', 'caption': 'ตำรวจคลั่งยิงสนั่นพัทยา (3).jpg'}",https://www.amarintv.com/news/crime/557961
ตร.ทางหลวง ไล่ล่า 100 กม. แก๊งขนยา 6 แสนเม็ด ชนรถบรรทุกดับเครื่องหนี,557954,ตร.ทางหลวงไล่ล่า 100 กม. สกัดกระบะขนยาบ้า 6.12 แสนเม็ด ชนรถบรรทุกดับเครื่องหนี จับอดีต ตร.ร่วมแก๊ง ขับฟอร์จูนเนอร์นำทาง,18 กันยายน 2569,"{'name': 'อาชญากรรม', 'id': '66c3c4ce350823a8c40ffd4e', 'path': '/news/crime'}",False,/news/crime/557954,18 ก.ย. 69,"{'id': '6aad4d66f29a78fd31016992', 'sm': 'https://static.amarintv.com/media/Dpe4A5wywPtiLYlOZq00mNZkeQ28jkcPjHLcMUZJqapLS7ygxYi9AL5naSNjKysLz.jpg', 'md': 'https://static.amarintv.com/media/Dpe4A5wywPtiLYlOZq00mNZkeQ28jkcPjHLcMUZJqapLS7ygxZWfOpYPY2Td3tL6d.jpg', 'lg': 'https://static.amarintv.com/media/PJVlR0ljpO8FJDjtgE6NPxXoo9tAG6goQ9pSa4P19MGCqS8nZzGbrBEnw4TKHQkAzj.jpg', 'caption': 'News Web_16-9 - 2026-09-18T212129.128.jpg'}",https://www.amarintv.com/news/crime/557954
รวบ “เหม่งปากดำ” อินฟลูฯ สายคุก กรรโชกจยย.นักเรียน ม.4 ค้นเจอเคตามีน,557950,สมาชิกสาดไฟไปกันต่อ! รวบ “เหม่งปากดำ” อินฟลูฯ สายคุกชื่อดัง ขู่กรรโชก จยย. เด็ก ม.4 แถมค้นเจอเคตามีน เจ้าตัวยังปากแจ๋ว “คืนนี้ไฟไหม้ต้องยกฟ้องผม”,18 กันยายน 2569,"{'name': 'อาชญากรรม', 'id': '66c3c4ce350823a8c40ffd4e', 'path': '/news/crime'}",False,/news/crime/557950,18 ก.ย. 69,"{'id': '6aad3c0d84157754e609d2e2', 'sm': 'https://static.amarintv.com/media/Dpe4A5wywPtiLYk5X3HL6v7Si8nbj8Z3v7Vs4GU0snJK1WafEUufM11xv7ydgePHf.jpg', 'md': 'https://static.amarintv.com/media/Dpe4A5wywPtiLYk5X3HL6v7Si8nbj8Z3v7Vs4GU0snJK1WafEViBbVUZuh4YPYs2J.jpg', 'lg': 'https://static.amarintv.com/media/PJVlR0ljpO8FJDic6njrUqA0oaW12hc6SBDrZoKFqRn20UlaRvWApWOygYDiwuD889.jpg', 'caption': 'ปกใหม่_16-9 - 2026-09-18T202612.620.jpg'}",https://www.amarintv.com/news/crime/557950
รวบ! เจ้าอาวาส-พระลูกวัดบุรีรัมย์ ใช้เงินกิจนิมนต์ ซื้อยาบ้าเสพยกวัด,557944,บุกจับ! เจ้าอาวาส -พระลูกวัดรวม 3 รูป ใช้เงินทำบุญ-กิจนิมนต์ ซื้อยาเสพ แถมยังตุนไว้อีกเกือบ 200 เม็ด ทำให้ทั้งวัดเหลือแค่พระรูปเดียว,18 กันยายน 2569,"{'name': 'อาชญากรรม', 'id': '66c3c4ce350823a8c40ffd4e', 'path': '/news/crime'}",False,/news/crime/557944,18 ก.ย. 69,"{'id': '6aad29eaf2042cdfad082cc2', 'sm': 'https://static.amarintv.com/media/Dpe4A5wywPtiLYkjU6TGWrB8zwXjH9iWJdn9Hv1pNA9izpKH325FEthFSx8e5ZfB7.jpg', 'md': 'https://static.amarintv.com/media/Dpe4A5wywPtiLYkjU6TGWrB8zwXjH9iWJdn9Hv1pNA9izpKH33slTM9rRYEZoT8wl.jpg', 'lg': 'https://static.amarintv.com/media/PJVlR0ljpO8FJDg94cu2RrqLLxvTDAJ1dIZGYFnkJuGLzT7ymmbqvvzQ39a6jodqEl.jpg', 'caption': 'ปกใหม่_16-9 - 2026-09-18T190850.306.jpg'}",https://www.amarintv.com/news/crime/557944
ยาย 67 สู้สุดชีวิต! รวมพลังขา “หนีบเจ้าโลก” หนุ่มหื่นจนร้องจ๊ากเผ่นหนี,557941,รอดหวุดหวิด! ยาย 67 ปี ถูกหนุ่มหมู่บ้านเดียวกันลากเข้าห้องครัว ก่อนรวบรวมพลังขาแรงเฮือกสุดท้าย “หนีบเจ้าโลก” จนร้องจ๊าก เผ่นหนี-ตร.เร่งล่าตัวดำเนินคดี,18 กันยายน 2569,"{'name': 'อาชญากรรม', 'id': '66c3c4ce350823a8c40ffd4e', 'path': '/news/crime'}",False,/news/crime/557941,18 ก.ย. 69,"{'id': '6aad205193f271f7ad05da92', 'sm': 'https://static.amarintv.com/media/Dpe4A5wywPtiLYkiovW5kgKEYxZ156kF0V1G2jGIXKuWcW2FudbnBzvAx4qkskrRT.jpg', 'md': 'https://static.amarintv.com/media/Dpe4A5wywPtiLYkiovW5kgKEYxZ156kF0V1G2jGIXKuWcW2FuePJQTNmwewfbfLB7.jpg', 'lg': 'https://static.amarintv.com/media/PJVlR0ljpO8FJDg7GTkpwwxkKYCyrP3CIKPSZS5UjqXatIbVtvQE7xgwUbJAessPdb.jpg', 'caption': 'ปกใหม่_16-9 - 2026-09-18T182718.595.jpg'}",https://www.amarintv.com/news/crime/557941
ป่วนนราธิวาส! โจรใต้ลอบวางระเบิดแล้วยิงซ้ำ อส.สุคิริน ดับ 2 เจ็บ 16,557935,ป่วนนราธิวาส! โจรใต้ลอบวางระเบิดแล้วยิงซ้ำ อส.สุคิริน ขณะกลับจากการแข่งขันเรือพายในงานของดีเมืองนรา เสียชีวิต 2 ราย บาดเจ็บ 16 ราย,18 กันยายน 2569,"{'name': 'อาชญากรรม', 'id': '66c3c4ce350823a8c40ffd4e', 'path': '/news/crime'}",False,/news/crime/557935,18 ก.ย. 69,"{'id': '6aad1ab30ca89d6e5a022b52', 'sm': 'https://static.amarintv.com/media/Dpe4A5wywPtiLYkTVX7YsUIiwHdAy8X4ptgV1FaSpmvaj3FHLgzvml21lYUhPbedH.jpg', 'md': 'https://static.amarintv.com/media/Dpe4A5wywPtiLYkTVX7YsUIiwHdAy8X4ptgV1FaSpmvaj3FHLhnR1FVdj8ab8V8Nv.jpg', 'lg': 'https://static.amarintv.com/media/PJVlR0ljpO8FJDf52S5QDBJVkqzxYdUuAT7kPMYlF2DzuLbHpdPuboPMUth6KWrWN3.jpg', 'caption': 'News Web_16-9 - 2026-09-18T175417.375.jpg'}",https://www.amarintv.com/news/crime/557935
บุกจับจีนเทา! เลี้ยง “สิงโตขาว” เสียงดังรบกวน-ลอบเปิดโรงแรมเถื่อน,557929,ชาวบ้านสุดทน! แจ้ง ตร.จับชาวจีนซุก “ลูกสิงโตขาว” หลังส่งเสียงคำรามรบกวน ซ้ำยังแอบรีโนเวทอาคารเปิดโรงแรมเถื่อน รับเฉพาะนักท่องเที่ยวจีน,18 กันยายน 2569,"{'name': 'อาชญากรรม', 'id': '66c3c4ce350823a8c40ffd4e', 'path': '/news/crime'}",False,/news/crime/557929,18 ก.ย. 69,"{'id': '6aad0f9df1ca33892902ee63', 'sm': 'https://static.amarintv.com/media/Dpe4A5wywPtiLYkAue4GZMC4RtSbsCwztRgPLyjfXqKIRtvoljc5ipuXdoTGb4hAJ.jpg', 'md': 'https://static.amarintv.com/media/Dpe4A5wywPtiLYkAue4GZMC4RtSbsCwztRgPLyjfXqKIRtvolkQbxJM9cOZBKzAux.jpg', 'lg': 'https://static.amarintv.com/media/PJVlR0ljpO8FJDerF9locBuAZNCKZ1fnk8VIswyljwF0NO8vpAHbdYMJ6vgBf0lymJ.jpg', 'caption': 'ปกใหม่_16-9 - 2026-09-18T171634.184.jpg'}",https://www.amarintv.com/news/crime/557929
อดีตสาวแบงก์ร่ำไห้! ถูกแก๊งหลอกทำงานต่างประเทศสูญ 6.59 แสน เหลือ15บาท,557928,อดีตสาวแบงก์ร่ำไห้! ถูกแก๊งอ้างจัดหางานต่างประเทศ หลอกสูญ 6.59 แสน เหลือเงินติดตัว 15 บาท เครียดหนักเคยคิดสั้น,18 กันยายน 2569,"{'name': 'อาชญากรรม', 'id': '66c3c4ce350823a8c40ffd4e', 'path': '/news/crime'}",False,/news/crime/557928,18 ก.ย. 69,"{'id': '6aad0ccbbd9ae3eb3c007722', 'sm': 'https://static.amarintv.com/media/Dpe4A5wywPtiLYkAhdxf9usk7KjIMlzHXOhaxbyVsZl6y8mjteIyhnRCXypit6hxb.jpg', 'md': 'https://static.amarintv.com/media/Dpe4A5wywPtiLYkAhdxf9usk7KjIMlzHXOhaxbyVsZl6y8mjte6UwGtoWYvdc1BiF.jpg', 'lg': 'https://static.amarintv.com/media/PJVlR0ljpO8FJDeqOPCcG84IkTnD2ELEb6CCoKz3pXuq2eTRhqIYfF9A0qSuUS5GId.jpg', 'caption': 'News Web_16-9 (51).jpg'}",https://www.amarintv.com/news/crime/557928
“ป้าดา” ทำมินิฮาร์ทโชว์! ปฏิเสธทุกข้อหา ลั่น “ทองแท้ไม่กลัวไฟ”,557923,“ป้าดา” โชว์มินิฮาร์ท หลังสอบปากคำ 4 ชั่วโมง ยันปฏิเสธทุกข้อหาปมพิพาทที่ดินวัด ลั่น “เราของจริง ทองแท้ไม่กลัวไฟ” พร้อมพิสูจน์ความจริงชั้นอัยการ,18 กันยายน 2569,"{'name': 'อาชญากรรม', 'id': '66c3c4ce350823a8c40ffd4e', 'path': '/news/crime'}",False,/news/crime/557923,18 ก.ย. 69,"{'id': '6aad04486a09aab70e0854b2', 'sm': 'https://static.amarintv.com/media/Dpe4A5wywPtiLYj7C3U089haAZHqX2cdgJ7M1uEOK1YJ7Ze6YpRbtnoBJe8MxCExP.jpg', 'md': 'https://static.amarintv.com/media/Dpe4A5wywPtiLYj7C3U089haAZHqX2cdgJ7M1uEOK1YJ7Ze6YqE78HGnIFEHf6ih3.jpg', 'lg': 'https://static.amarintv.com/media/PJVlR0ljpO8FJDebx6eGv0F9XpttAk1j2xGdH4Ncg0bvHTRvHsICUpf3vi7trDvVU5.jpg', 'caption': 'ปกใหม่_16-9 - 2026-09-18T162816.152.jpg'}",https://www.amarintv.com/news/crime/557923
คนร้ายลอบวางระเบิด-ซุ่มยิง รถ 6 ล้อ อส. ในพื้นที่ อ.สุคิริน นราธิวาส,557922,คนร้ายลอบวางระเบิด-ซุ่มยิง  รถบรรทุก 6 ล้อ อส. ในพื้นที่ อ.สุคิริน นราธิวาส,18 กันยายน 2569,"{'name': 'อาชญากรรม', 'id': '66c3c4ce350823a8c40ffd4e', 'path': '/news/crime'}",False,/news/crime/557922,18 ก.ย. 69,"{'id': '6aad018d5d1212a340070a92', 'sm': 'https://static.amarintv.com/media/Dpe4A5wywPtiLYj6zMLdtCIfaI6wjBVAuqiYEMavDpHCn2faeog8OgXprA88BEPT3.jpg', 'md': 'https://static.amarintv.com/media/Dpe4A5wywPtiLYj6zMLdtCIfaI6wjBVAuqiYEMavDpHCn2faepUec90RplE2t8tEh.jpg', 'lg': 'https://static.amarintv.com/media/PJVlR0ljpO8FJDea3YTYt6zHt66sglgvGvr9XVUeTHvE4pDvYbCIgLgZJ7I2rAsyIF.jpg', 'caption': 'News Web_16-9 (49).jpg'}",https://www.amarintv.com/news/crime/557922
ทลายโกดังทุนจีน! บุกยึดคอนแทคเลนส์เถื่อนกว่า 1 แสนชิ้น มูลค่า 4.7 ล้าน,557917,CIB ร่วม อย. ทลายโกดังทุนจีนบางพลี ยึดคอนแทคเลนส์-ยา-เครื่องสำอางเถื่อน 1.3 แสนชิ้น มูลค่าทะลุ 4.7 ล้านบาท พบลักลอบขายนาน 3 ปี,18 กันยายน 2569,"{'name': 'อาชญากรรม', 'id': '66c3c4ce350823a8c40ffd4e', 'path': '/news/crime'}",False,/news/crime/557917,18 ก.ย. 69,"{'id': '6aacfa86cdd163f98e0ee4b2', 'sm': 'https://static.amarintv.com/media/Dpe4A5wywPtiLXkPxxgKgofagMEC4OYx6RewvoVHQI2tzB59VBeqSPocVKVtPqbgR.jpg', 'md': 'https://static.amarintv.com/media/Dpe4A5wywPtiLXkPxxgKgofagMEC4OYx6RewvoVHQI2tzB59VCSMgtHETubn8k5Q5.jpg', 'lg': 'https://static.amarintv.com/media/PJVlR0ljpO8FI9XrPmczczPve5ysALcaMoPHWujL8oqBMr9bQp0qbkbsBty1tWbLRL.jpg', 'caption': 'ปกใหม่_16-9 - 2026-09-18T154547.620.jpg'}",https://www.amarintv.com/news/crime/557917
ศาลนราธิวาสสั่งจำคุก 1 ปี 2 จำเลย คดีลอบวางเพลิงเผาปั๊ม ปตท. 6 จุด,557916,ศาลนราธิวาสสั่งจำคุก 1 ปี 2 จำเลย คดีลอบวางเพลิงเผาปั๊ม ปตท. 6 จุด 5 อำเภอ เหตุเกิดช่วง ม.ค. 69 สร้างความเสียหายในพื้นที่,18 กันยายน 2569,"{'name': 'อาชญากรรม', 'id': '66c3c4ce350823a8c40ffd4e', 'path': '/news/crime'}",False,/news/crime/557916,18 ก.ย. 69,"{'id': '6aacf984b443154685044fc2', 'sm': 'https://static.amarintv.com/media/Dpe4A5wywPtiLXkM0LooXiOrIrPnn0y0paDEqfIWoaJWW3SjgN6mZHsjByby7W1uF.jpg', 'md': 'https://static.amarintv.com/media/Dpe4A5wywPtiLXkM0LooXiOrIrPnn0y0paDEqfIWoaJWW3SjgOuInlLLAYhtqRVet.jpg', 'lg': 'https://static.amarintv.com/media/PJVlR0ljpO8FI9XfBeH0tPWqH4kjqiF7dBirVeihg38oWgUqo5QCX7qpnzYBRtlcRn.jpg', 'caption': 'News Web_16-9 (45).jpg'}",https://www.amarintv.com/news/crime/557916
ผกก.เมืองบุรีรัมย์ แนะแจ้งความแก๊งเงินกู้ออนไลน์ยัดเงิน-ทวงก่อกวน,557914,อย่าไปยอม! ผกก.สภ.เมืองบุรีรัมย์ แนะปชช.แจ้งความ หลังพบแก๊งเงินกู้ออนไลน์ใช้อุบาย “ยัดเงินเข้าบัญชี” ทวงดอกโหด-โทรข่มขู่ ย้ำเข้าข่ายผิดกฎหมายหลายข้อหา,18 กันยายน 2569,"{'name': 'อาชญากรรม', 'id': '66c3c4ce350823a8c40ffd4e', 'path': '/news/crime'}",False,/news/crime/557914,18 ก.ย. 69,"{'id': '6aacf4344c0ed87f65063662', 'sm': 'https://static.amarintv.com/media/Dpe4A5wywPtiLXkMdJHGValHbUn4b3eNdmdGqdtdeqXqXKJWNp1VSTOUV8iUXplLX.jpg', 'md': 'https://static.amarintv.com/media/Dpe4A5wywPtiLXkMdJHGValHbUn4b3eNdmdGqdtdeqXqXKJWNqo1gwq6UioPGkE6B.jpg', 'lg': 'https://static.amarintv.com/media/PJVlR0ljpO8FI9XdeVnUMdzQs1OxFLGvoS0LlYvvwq9w7n4nuUgPtzNzDFG3CU7E77.jpg', 'caption': 'ปกใหม่_16-9 - 2026-09-18T151941.059.jpg'}",https://www.amarintv.com/news/crime/557914
จับแล้ว! “ไอ้ต่อ” จ้วงสาวคนสนิทยับ 10 แผล อ้างหึงหวงขอคืนดีไม่สำเร็จ,557908,รวบตัวทันควัน! “ไอ้ต่อ” เพิ่งพ้นโทษ ออกมาก่อเหตุโหด จ้วงสาวคนสนิทยับ 10 แผลคาบ้านเช่า อ้างหึงหวงขอคืนดีไม่สำเร็จ,18 กันยายน 2569,"{'name': 'อาชญากรรม', 'id': '66c3c4ce350823a8c40ffd4e', 'path': '/news/crime'}",False,/news/crime/557908,18 ก.ย. 69,"{'id': '6aacec9a6f9997fa2a0ff2d2', 'sm': 'https://static.amarintv.com/media/Dpe4A5wywPtiLXj693VG0LNcXDsNmT66M2uVIlGoWlkMuukEgSBFnC3cvyJTEWyBH.jpg', 'md': 'https://static.amarintv.com/media/Dpe4A5wywPtiLXj693VG0LNcXDsNmT66M2uVIlGoWlkMuukEgSyl1gWEuYPNxRRvv.jpg', 'lg': 'https://static.amarintv.com/media/PJVlR0ljpO8FI9WblifKPcTjJNUkOOXWVMDVRfNcpVLepCU6pMEfDbvpxuJjmnWEl3.jpg', 'caption': 'ปกใหม่_16-9 - 2026-09-18T144657.877.jpg'}",https://www.amarintv.com/news/crime/557908
ระทึก ! ยายวัย 75 เก็บผักตบชวา ถูกน้ำพัดลอยคอกลางแม่น้ำน้อยกว่า 3 กม.,557903,ระทึก ! ยายวัย 75 ลงเก็บผักตบชวา ถูกน้ำเชี่ยวพัดลอยคอกลางแม่น้ำน้อยกว่า 3 กม. กู้ภัยร่วมมือพลเมืองดีพายเรือช่วยรอดชีวิต,18 กันยายน 2569,"{'name': 'อาชญากรรม', 'id': '66c3c4ce350823a8c40ffd4e', 'path': '/news/crime'}",False,/news/crime/557903,18 ก.ย. 69,"{'id': '6aacdde83bb3af53ae0acf42', 'sm': 'https://static.amarintv.com/media/Dpe4A5wywPtiLXjoIKATIeBWRBbz3xNW3J7yl1mkS9GLMAVsILBAEiEyV9c1ZnzSd.jpg', 'md': 'https://static.amarintv.com/media/Dpe4A5wywPtiLXjoIKATIeBWRBbz3xNW3J7yl1mkS9GLMAVsILygTBhaUjiwIiTDH.jpg', 'lg': 'https://static.amarintv.com/media/PJVlR0ljpO8FI9VLrrTRBB7l8R86SXNMfvI88VZT4YRgNjboNnKIHAgg5I2TadnWQt.jpg', 'caption': 'News Web_16-9 (35).jpg'}",https://www.amarintv.com/news/crime/557903
ผู้ว่าฯ ลำปางสั่งสอบ สามเณร 7 ขวบร่วงสระน้ำดับปริศนา ส่งร่างผ่าพิสูจน์,557896,ผู้ว่าฯ ลำปางสั่งสอบ สามเณร 7 ขวบร่วงสระน้ำดับปริศนาคาวัด ส่งร่างผ่าพิสูจน์ เจ้าอาวาสแจงเข้าใจคลาดเคลื่อน คิดว่าเป็นเด็กเมียนมาไม่ต้องตรวจตามกระบวนการ,18 กันยายน 2569,"{'name': 'อาชญากรรม', 'id': '66c3c4ce350823a8c40ffd4e', 'path': '/news/crime'}",False,/news/crime/557896,18 ก.ย. 69,"{'id': '6aacd24423408f6023039b52', 'sm': 'https://static.amarintv.com/media/Dpe4A5wywPtiLXjkZvrJNNMz37cIavm0ntDKbV2xPV9lz9FdDfR6JhXAU0txUTlpz.jpg', 'md': 'https://static.amarintv.com/media/Dpe4A5wywPtiLXjkZvrJNNMz37cIavm0ntDKbV2xPV9lz9FdDgFcYAzmTazsDOFad.jpg', 'lg': 'https://static.amarintv.com/media/PJVlR0ljpO8FI9U6WY6KCihATDeKygoZWCBFG6WPVYyYOoOj8U2D5lloYa0OieJGrj.jpg', 'caption': 'ส่งร่างเณรผ่าพิสูจน์ (3).jpg'}",https://www.amarintv.com/news/crime/557896
จับเพื่อนร่วมงานยิงหนุ่ม32 ถลาง สารภาพโยนปืนทิ้งทะเล เร่งงมหาหลักฐาน,557878,จับแล้ว! มือยิงหนุ่ม 32 ปีบนถนนเทพกระษัตรี อ.ถลาง พบเป็นเพื่อนร่วมงานบริษัทเดียวกัน เร่งค้นหาปืนที่ใช้ก่อเหตุ ได้โยนทิ้งลงทะเล,18 กันยายน 2569,"{'name': 'อาชญากรรม', 'id': '66c3c4ce350823a8c40ffd4e', 'path': '/news/crime'}",False,/news/crime/557878,18 ก.ย. 69,"{'id': '6aacb66cf13840dcbd0745e2', 'sm': 'https://static.amarintv.com/media/Dpe4A5wywPtiLXi8x7KqEtfaoxXeUuRVBWFY6fy59Ukd7RYIZO1O33QRzH4wzw9u1.jpg', 'md': 'https://static.amarintv.com/media/Dpe4A5wywPtiLXi8x7KqEtfaoxXeUuRVBWFY6fy59Ukd7RYIZPovIWs3xsArirdff.jpg', 'lg': 'https://static.amarintv.com/media/PJVlR0ljpO8FI9SbEQUFth3wEb29PpFkxlMS9lYTbPAnqvxosFBzU994lbvmgbehdz.jpg', 'caption': 'News Web_16-9 (23).jpg'}",https://www.amarintv.com/news/crime/557878
ล่าตัว “ไอ้ต่อ” หึงโหด ใช้มีดแล่หมู สังหารหญิงคนสนิทวัย 50 ดับคาที่,557879,สยองกาญจนบุรี ล่าตัว “ไอ้ต่อ” หึงโหด ใช้มีดแล่หมูสังหารหญิงคนสนิทวัย 50 ดับคากลางบ้านเช่าตลาดสด พยานเผยหลังก่อเหตุทำตัวเหมือนไม่มีอะไรเกิดขึ้น,18 กันยายน 2569,"{'name': 'อาชญากรรม', 'id': '66c3c4ce350823a8c40ffd4e', 'path': '/news/crime'}",False,/news/crime/557879,18 ก.ย. 69,"{'id': '6aacb45de980f7f17105c442', 'sm': 'https://static.amarintv.com/media/Dpe4A5wywPtiLXi8ou2Edt8n8ibIPGSO1UDVxCAMHzAeKrlZBAYTXyAls8yreBMaJ.jpg', 'md': 'https://static.amarintv.com/media/Dpe4A5wywPtiLXi8ou2Edt8n8ibIPGSO1UDVxCAMHzAeKrlZBBLzmRdNri4mM5qKx.jpg', 'lg': 'https://static.amarintv.com/media/PJVlR0ljpO8FI9SacRhQex0ZECMCCV9TWKxz8cQyESmAkMCbSBSX0gTKwEMeaiIz8J.jpg', 'caption': 'มีดแล่หมูสังหารโหด (3).jpg'}",https://www.amarintv.com/news/crime/557879
เปิดภาพระทึก! ลูกสาวถือมีด-ไฟแช็กปีนหลังคา ก่อนบ้านเรือนไทยวอด 1 ล้าน,557863,เปิดภาพวินาทีระทึก! ลูกสาวถือมีด–ไฟแช็ก ปีนหลังคา ก่อนบ้านเรือนไทยแม่วอดทั้งหลัง เสียหายกว่า 1 ล้าน ขณะ ตำรวจเร่งสอบหาสาเหตุที่แท้จริง,18 กันยายน 2569,"{'name': 'อาชญากรรม', 'id': '66c3c4ce350823a8c40ffd4e', 'path': '/news/crime'}",False,/news/crime/557863,18 ก.ย. 69,"{'id': '6aac97799afcfa2ad3098a52', 'sm': 'https://static.amarintv.com/media/Dpe4A5wywPtiLXWbxJRMH2QJm0g81JeqIYWoz5myr966aVxVRSPayJNVFzGZWUqNP.jpg', 'md': 'https://static.amarintv.com/media/Dpe4A5wywPtiLXWbxJRMH2QJm0g81JeqIYWoz5myr966aVxVRTC7Cmp7EZMUFPJ73.jpg', 'lg': 'https://static.amarintv.com/media/PJVlR0ljpO8FI8cqu6TAEgCruY4LRdMp8olimZ6RXpxXOx9t1RBsfR1uGYFlkyj0q5.jpg', 'caption': 'News Web_16-9 (5).jpg'}",https://www.amarintv.com/news/crime/557863
แม่-ยาย แจ้งจับ รองนายก อบต. ย่ำยีลูกสาวออทิสติกตั้งแต่ ป.5 จนท้อง,557862,แม่-ยาย แจ้งจับ รองนายก อบต. ย่ำยีลูกสาวออทิสติกตั้งแต่ ป.5 จนท้อง อ้างเมาก่อนซื้อยาคุมให้กิน แฉตามรังควานไม่เลิกหลายปี ขู่ยิงหัว บอกตำรวจพวกเดียวกัน,18 กันยายน 2569,"{'name': 'อาชญากรรม', 'id': '66c3c4ce350823a8c40ffd4e', 'path': '/news/crime'}",False,/news/crime/557862,18 ก.ย. 69,"{'id': '6aac9189b462a058d7078bd2', 'sm': 'https://static.amarintv.com/media/Dpe4A5wywPtiLXWbVmyTqFBdncspftmmLXbc6VLmsberF5BphyHYzv6ZYegHVDnCN.jpg', 'md': 'https://static.amarintv.com/media/Dpe4A5wywPtiLXWbVmyTqFBdncspftmmLXbc6VLmsberF5Bphy45EPZBXEmCD8Gw1.jpg', 'lg': 'https://static.amarintv.com/media/PJVlR0ljpO8FI8co5SPvPuuGW6kbZCXbo8xZe3d91fgt6bc3hcmiV9vz1dFvLiKtIp.jpg', 'caption': 'ย่ำยีสาวออทิสติกจนท้อง (3).jpg'}",https://www.amarintv.com/news/crime/557862
กระหน่ำยิง 21 นัด กระสุนทะลุร่างหนุ่มวัย32 ดับคาร้านซ่อมรถหนองจอก,557860,วัยรุ่นกว่า 10 คน บุกกระหน่ำยิง 21 นัด หนุ่ม 32 ดับคาร้านซ่อมรถหนองจอก ขณะ พยานเผยคนร้ายใช้กระบะสีส้ม,18 กันยายน 2569,"{'name': 'อาชญากรรม', 'id': '66c3c4ce350823a8c40ffd4e', 'path': '/news/crime'}",False,/news/crime/557860,18 ก.ย. 69,"{'id': '6aac8ee9edc4646211054372', 'sm': 'https://static.amarintv.com/media/Dpe4A5wywPtiLXWMQBLLcDje5Odlxbzz8lyDztmVUHrjN1osL3T3xC3XVZ1DLhPuV.jpg', 'md': 'https://static.amarintv.com/media/Dpe4A5wywPtiLXWMQBLLcDje5Odlxbzz8lyDztmVUHrjN1osL4HaBgV9T9674bte9.jpg', 'lg': 'https://static.amarintv.com/media/PJVlR0ljpO8FI8bomI2LR0ujqTwQEK6CmQGrzmWUDFx3bPiGc8GKKtvTYv0MCOejVr.jpg', 'caption': 'News Web_16-9 (3).jpg'}",https://www.amarintv.com/news/crime/557860
รักร้าวสิบปี! สาวช็อกมีดปักอกแฟนหนุ่มดับ หลังทะเลาะแรงระแวงมีกิ๊ก,557859,รักร้าวสิบปี! สาวช็อกมีดปักอกแฟนหนุ่มดับคาคอนโด หลังทะเลาะแรงระแวงมีกิ๊ก ไม่ให้ดูมือถือ ก่อนยื้อแย่ง คว้ามีดจ้วง ยืนยันหากย้อนเวลาได้จะไม่ทำเด็ดขาด,18 กันยายน 2569,"{'name': 'อาชญากรรม', 'id': '66c3c4ce350823a8c40ffd4e', 'path': '/news/crime'}",False,/news/crime/557859,18 ก.ย. 69,"{'id': '6aac8aa74385aff39e0efd42', 'sm': 'https://static.amarintv.com/media/Dpe4A5wywPtiLXWL7kU9mhmM7gWvDOKjAfm8rZA3slQyoZFBLmKBUBjfukfHczn9T.jpg', 'md': 'https://static.amarintv.com/media/Dpe4A5wywPtiLXWL7kU9mhmM7gWvDOKjAfm8rZA3slQyoZFBLm7hifCHtKlCLuHt7.jpg', 'lg': 'https://static.amarintv.com/media/PJVlR0ljpO8FI8bnYCCqbIxvfvn8RUfmiGk6nNRsEJ3bIzis3zPXQ4TSGrxnroapJb.jpg', 'caption': 'ทะเลาะแรงระแวงมีกิ๊ก (3).jpg'}",https://www.amarintv.com/news/crime/557859
ระทึก! รอดตายหวุดหวิดตาวัย70 บ้านถล่มทับติดข้างใน เจ้าหน้าที่เร่งช่วย,557855,ระทึก ! รอดตายหวุดหวิดตาวัย 70 บ้านถล่มติดอยู่ในบ้าน ขณะชาวบ้าน - เจ้าหน้าที่ เร่งช่วยเหลือออกมาได้บาดเจ็บ รีบส่งรพ. ย่านพระประแดง,18 กันยายน 2569,"{'name': 'อาชญากรรม', 'id': '66c3c4ce350823a8c40ffd4e', 'path': '/news/crime'}",False,/news/crime/557855,18 ก.ย. 69,"{'id': '6aac856b61587bd57a01f163', 'sm': 'https://static.amarintv.com/media/Dpe4A5wywPtiLXWIq0d3UZaN5aUYkBGeBWiRkEs50BkHX9kUZM968xWaJ3eCJDtjX.jpg', 'md': 'https://static.amarintv.com/media/Dpe4A5wywPtiLXWIq0d3UZaN5aUYkBGeBWiRkEs50BkHX9kUZNxdNQzCIdj618NUB.jpg', 'lg': 'https://static.amarintv.com/media/PJVlR0ljpO8FI8bZ24racQ8RfGsNesiv7nHik7fgyyhIfESAP7VxVPnPBMLJuAlsD7.jpg', 'caption': 'News Web_16-9 (1).jpg'}",https://www.amarintv.com/news/crime/557855
จัดระเบียบห้วยขวาง เฟส 3 บุกตรวจ 4 ร้านดัง ยึดของเถื่อนนับพันชิ้น,557852,"จัดระเบียบห้วยขวาง เฟส 3! ตำรวจบุกตรวจ 4 ร้านค้า พบซุปเปอร์จีน ยึดสินค้าเถื่อนกว่า 1,000 ชิ้น ลุยเช็กบิลทุนเทา-ส่อสวมบัตรปชช.ไทย",17 กันยายน 2569,"{'name': 'อาชญากรรม', 'id': '66c3c4ce350823a8c40ffd4e', 'path': '/news/crime'}",False,/news/crime/557852,17 ก.ย. 69,"{'id': '6aabfef1fdf916e90009c9a2', 'sm': 'https://static.amarintv.com/media/Dpe4A5wywPtiLWUADbyezeMzolAKhDS6KlCcWaZfztImGCwztb9pQEERnpVao703z.jpg', 'md': 'https://static.amarintv.com/media/Dpe4A5wywPtiLWUADbyezeMzolAKhDS6KlCcWaZfztImGCwztcxLehg3mPbVX2Uod.jpg', 'lg': 'https://static.amarintv.com/media/PJVlR0ljpO8FI4KkOO0fSks9RmwredoMLu6JGlDVbkXjS7fnlhQmKimV0Hxm7uT8fj.jpg', 'caption': 'ปกใหม่_16-9 - 2026-09-17T215313.490.jpg'}",https://www.amarintv.com/news/crime/557852
"ศาลสั่งจำคุก! 2 มือปาหินบ้าน ""อัจฉริยะ"" คนละ 2 เดือน ไม่รอลงอาญา",557847,"ไม่รอลงอาญา! ศาลสั่งจำคุกคนละ 2 เดือน แก๊งมือปาหินถล่มบ้าน ""อัจฉริยะ เรืองรัตนพงศ์ """,17 กันยายน 2569,"{'name': 'อาชญากรรม', 'id': '66c3c4ce350823a8c40ffd4e', 'path': '/news/crime'}",False,/news/crime/557847,17 ก.ย. 69,"{'id': '6aabe9e957e7579a95016822', 'sm': 'https://static.amarintv.com/media/Dpe4A5wywPtiLWTn0VzUoQDRwmXVY2SK5l4y4vdAtt4ImVz5XNm3kHSvjFGQYuYId.jpg', 'md': 'https://static.amarintv.com/media/Dpe4A5wywPtiLWTn0VzUoQDRwmXVY2SK5l4y4vdAtt4ImVz5XOaZykvXhpMLHo13H.jpg', 'lg': 'https://static.amarintv.com/media/PJVlR0ljpO8FI4JGgKH7QORjaucYWsLDH2imOX9xC1hxkWKY3t6lTV8JZMJAkwtM8t.jpg', 'caption': 'ปกใหม่_16-9 - 2026-09-17T202142.927.jpg'}",https://www.amarintv.com/news/crime/557847
ล่าแท็กซี่เมาซิ่ง! พุ่งชนทรัพย์สินชาวบ้านพังยับ ก่อนทิ้งรถหนี,557841,ล่าแท็กซี่เมาแล้วขับ! ลุยเข้าซอยแคบชน จยย.-ข้าวของชาวบ้านพังยับ ก่อนจอดรถทิ้งเผ่นหนี -ตำรวจเร่งล่าตัวดำเนินคดี,17 กันยายน 2569,"{'name': 'อาชญากรรม', 'id': '66c3c4ce350823a8c40ffd4e', 'path': '/news/crime'}",False,/news/crime/557841,17 ก.ย. 69,"{'id': '6aabd5ce672098ff7f0c70b2', 'sm': 'https://static.amarintv.com/media/Dpe4A5wywPtiLWTUk0t78jZd262M0e6jp6nGFLX91xf5WGuWcW5n4MskLSMbxGNDP.jpg', 'md': 'https://static.amarintv.com/media/Dpe4A5wywPtiLWTUk0t78jZd262M0e6jp6nGFLX91xf5WGuWcXtKIqLMJ2SWgAqx3.jpg', 'lg': 'https://static.amarintv.com/media/PJVlR0ljpO8FI4HzCJvxoGNNY3FzCvv1TMFbHZBFcIbyzR1atAWAkSUuY8OhnUzbY5.jpg', 'caption': 'ปกใหม่_16-9 - 2026-09-17T185736.550.jpg'}",https://www.amarintv.com/news/crime/557841
นักกฎหมาย ร้อง DSI สอบนอมินีทุนต่างชาติ ธุรกิจขน,557827,"นักกฎหมาย บุก DSI ร้องสอบ ""นอมินีทุนข้ามชาติ"" ธุรกิจขนส่ง จี้ขุดโครงสร้างหุ้น–กรรมการ หวั่นใช้คนไทยอำพรางเลี่ยงกฎหมาย",17 กันยายน 2569,"{'name': 'อาชญากรรม', 'id': '66c3c4ce350823a8c40ffd4e', 'path': '/news/crime'}",False,/news/crime/557827,17 ก.ย. 69,"{'id': '6aabb33096f2e66ff30d1962', 'sm': 'https://static.amarintv.com/media/Dpe4A5wywPtiLWSsgkmYOoTVCnudKF1Anq7pfImCZmleWkkjf2sroM4VWpcrAysiB.jpg', 'md': 'https://static.amarintv.com/media/Dpe4A5wywPtiLWSsgkmYOoTVCnudKF1Anq7pfImCZmleWkkjf3gN2qW7VPilttMSp.jpg', 'lg': 'https://static.amarintv.com/media/PJVlR0ljpO8FI4FR0jMgEeb024H2ZqK2n3YXWjjD7xYxXRFAnfmkCPHTN6Rmd8ledH.jpg', 'caption': 'News Web_16-9 (40).jpg'}",https://www.amarintv.com/news/crime/557827
"พบอีก! ""นิติกรเก๊""  สวมสิทธิ์ทหารโอนเข้าอบต.เกาะลิบง จ.ตรัง",557818,"พบอีก! ""นิติกรเก๊"" สวมสิทธิ์ทหารโอนย้ายเข้า อบต.เกาะลิบง จ.ตรัง ท้องถิ่นจ่อเพิกถอนมติรับโอนและแจ้งความดำเนินคดี แม้เจ้าตัวยื่นใบลาออกแล้ว",17 กันยายน 2569,"{'name': 'อาชญากรรม', 'id': '66c3c4ce350823a8c40ffd4e', 'path': '/news/crime'}",False,/news/crime/557818,17 ก.ย. 69,"{'id': '6aaba752fdf38072140df162', 'sm': 'https://static.amarintv.com/media/Dpe4A5wywPtiLWSZ12jQPTsKJj0Izoch5tWFURicXXvlr4SFmfuzzMSkhemozrmrj.jpg', 'md': 'https://static.amarintv.com/media/Dpe4A5wywPtiLWSZ12jQPTsKJj0Izoch5tWFURicXXvlr4SFmgiWDpvMgEsjimGcN.jpg', 'lg': 'https://static.amarintv.com/media/PJVlR0ljpO8FI4ECydTlFPYV5h9SdRD2GXRL9ueRKiIjrSarM2xXxmlZ2ngveFTV3f.jpg', 'caption': 'News Web_16-9 (34).jpg'}",https://www.amarintv.com/news/crime/557818
"ด่วน! CIB รวบ ""นายก อบต.หนองหมี"" ศรีสะเกษ เรียกเงินต่อสัญญา",557817,"ด่วน! CIB ผนึกกำลัง ป.ป.ช. บุกจับ ""นายก อบต.หนองหมี"" ศรีสะเกษ คาห้องทำงาน หลังขู่เรียกเงินลูกจ้างสูงสุด 30,000 บาท แลกต่อสัญญา",17 กันยายน 2569,"{'name': 'อาชญากรรม', 'id': '66c3c4ce350823a8c40ffd4e', 'path': '/news/crime'}",False,/news/crime/557817,17 ก.ย. 69,"{'id': '6aaba256de9de8b7ac0513c2', 'sm': 'https://static.amarintv.com/media/Dpe4A5wywPtiLWSZe5lcxxbZ2JPbWlxxSye5hHHtPGbTITx2iM8HB4QEPBYVASHpj.jpg', 'md': 'https://static.amarintv.com/media/Dpe4A5wywPtiLWSZe5lcxxbZ2JPbWlxxSye5hHHtPGbTITx2iNvnQXsqNlePtMlaN.jpg', 'lg': 'https://static.amarintv.com/media/PJVlR0ljpO8FI4EBRr0q5mJMzkLu9WFljqfritZ4yWkvAVv7PHOM0GHAgWznlyBNnf.jpg', 'caption': 'ปกใหม่_16-9 - 2026-09-17T151804.685.jpg'}",https://www.amarintv.com/news/crime/557817
"สาวรุ่นพี่สายกร่างยกแก๊งรุมยำรุ่นน้องน่วม ขู่ลั่น ""พ่อฉันเป็นตำรวจ""",557812,"เดือดพิษณุโลก! สาวรุ่นพี่สายกร่างยกแก๊งรุมยำรุ่นน้องน่วมกลางดึก ขู่ลั่น ""พ่อฉันเป็นตำรวจ"" ด้าน ผกก. ลั่นไม่สนใหญ่มาจากไหน จัดหนักให้เต็มข้อไม่มีละเว้น",17 กันยายน 2569,"{'name': 'อาชญากรรม', 'id': '66c3c4ce350823a8c40ffd4e', 'path': '/news/crime'}",False,/news/crime/557812,17 ก.ย. 69,"{'id': '6aab9e0aa50e4a181d084ad2', 'sm': 'https://static.amarintv.com/media/Dpe4A5wywPtiLWGPIn3huCUt4F4ckldVUV8iBhPZtrbcbFmtySEV3qIufMUd9lpLn.jpg', 'md': 'https://static.amarintv.com/media/Dpe4A5wywPtiLWGPIn3huCUt4F4ckldVUV8iBhPZtrbcbFmtyS12IJlWdwaYsgI6R.jpg', 'lg': 'https://static.amarintv.com/media/PJVlR0ljpO8FI3PwfqtVUFnnhmZIDItKECuAeVRoQrXXZ1N7JgR8OHyxBJ9ss8rmCB.jpg', 'caption': 'พ่อฉันเป็นตำรวจ (3).jpg'}",https://www.amarintv.com/news/crime/557812
ชาวบ้านบุก ป.ป.ช. หอบชุดไทยสาปแช่งแก๊งยึดบ้าน แฉเจ้าหน้ารัฐร่วมวัดดัง,557808,หลอนแน่ทั้งขบวนการ! ชาวบ้านออมทอง บุก ป.ป.ช. ถวายชุดไทยสาปแช่งคนโกง-ทวงคืนบ้าน ลั่นเรื่องถึงส่วนกลาง สู้ทุกมิติ ไม่มีละเว้น! ลุยเอาผิดวัดดังย่านบางปู,17 กันยายน 2569,"{'name': 'อาชญากรรม', 'id': '66c3c4ce350823a8c40ffd4e', 'path': '/news/crime'}",False,/news/crime/557808,17 ก.ย. 69,"{'id': '6aab9d863f077d95070def82', 'sm': 'https://static.amarintv.com/media/Dpe4A5wywPtiLWGPEMAVqKT0flLH6ncnnxRWK5CV4R1BPj14JTOdrIthIiQIFg72t.jpg', 'md': 'https://static.amarintv.com/media/Dpe4A5wywPtiLWGPEMAVqKT0flLH6ncnnxRWK5CV4R1BPj14JUB95mMJHIWCybbnX.jpg', 'lg': 'https://static.amarintv.com/media/PJVlR0ljpO8FI3PwNTjbgGl6ydf6yG6PqTdpjFfscZs5KUGj0TFwaV2pzohuRbSx8x.jpg', 'caption': 'News Web_16-9 (32).jpg'}",https://www.amarintv.com/news/crime/557808
ตร.สอบห้อง 6 คดีสาวดับคาหอพัก ชาย 2 คนขับรถวนหน้าหอ 3 รอบ,557810,ตร.เมืองอุดรฯ สอบปากคำผู้เช่าห้อง 6 คดีสาวดับคาหอพัก เจ้าตัวแฉคืนเกิดเหตุพบชาย 2 คนขับรถวนหน้าหอ 3 รอบ,17 กันยายน 2569,"{'name': 'อาชญากรรม', 'id': '66c3c4ce350823a8c40ffd4e', 'path': '/news/crime'}",False,/news/crime/557810,17 ก.ย. 69,"{'id': '6aab9c10c09d7b887800d092', 'sm': 'https://static.amarintv.com/media/Dpe4A5wywPtiLWGO9dlUde5nA2c9mTGpKQLTz5DVyXd0x7tdYglEr5zz6Qguc52ah.jpg', 'md': 'https://static.amarintv.com/media/Dpe4A5wywPtiLWGO9dlUde5nA2c9mTGpKQLTz5DVyXd0x7tdYhYk6ZSb40mpL0WLL.jpg', 'lg': 'https://static.amarintv.com/media/PJVlR0ljpO8FI3Pv30OIhxr7Fm3saK3f8Wyt4Xj0EA7QCSnvXIRFPmmrc5UWuEKRjP.jpg', 'caption': 'ปกใหม่_16-9 - 2026-09-17T145119.960.jpg'}",https://www.amarintv.com/news/crime/557810
DSI ส่อตัดจบ ฟ้อง 77 สว. คดีอั้งยี่-ฟอกเงิน ยึดตามมติ กกต.,557804,"DSI ส่อตัดจบ พิจารณาผู้ต้องหาคดีอั้งยี่-ฟอกเงิน สว. ""77 ราย"" ส่งฟ้องอัยการคดีพิเศษ เท่าจำนวนผู้ถูกร้องในสำนวนคดีฮั้ว สว. ตามมติ 7 เสือ กกต.",17 กันยายน 2569,"{'name': 'อาชญากรรม', 'id': '66c3c4ce350823a8c40ffd4e', 'path': '/news/crime'}",False,/news/crime/557804,17 ก.ย. 69,"{'id': '6aab930f51b00d986607e582', 'sm': 'https://static.amarintv.com/media/Dpe4A5wywPtiLWGLbIGHd6KXiyfDP5fuY1RTnmgFJ7V4Jipjh5IdWxnkiOZ5IpnjP.jpg', 'md': 'https://static.amarintv.com/media/Dpe4A5wywPtiLWGLbIGHd6KXiyfDP5fuY1RTnmgFJ7V4Jipjh559lRGMgyfz1kHT3.jpg', 'lg': 'https://static.amarintv.com/media/PJVlR0ljpO8FI3PhOBbQ3mK1RugNbvdFkn9fFlCdTHEb1dJov5k9EWwH5qmKyZG5g5.jpg', 'caption': 'News Web_16-9 (30).jpg'}",https://www.amarintv.com/news/crime/557804
เปิดวงจรปิดหน้าหอพัก ภาพสุดท้ายก่อนสาวพนักงานร้านสะดวกซื้อดับปริศนา,557798,เปิดวงจรปิดหน้าหอพัก ภาพสุดท้ายก่อนสาวพนักงานร้านสะดวกซื้อดับปริศนา ตำรวจเร่งแกะรอย 2 ไรเดอร์ส่งผลไม้-ข้าวเหนียวหมูทอด,17 กันยายน 2569,"{'name': 'อาชญากรรม', 'id': '66c3c4ce350823a8c40ffd4e', 'path': '/news/crime'}",False,/news/crime/557798,17 ก.ย. 69,"{'id': '6aab8279fdc3df1c110b0f32', 'sm': 'https://static.amarintv.com/media/Dpe4A5wywPtiLWF2ZiaGD6Ar6uF8Tgj6giB3K5Wvm5D6h4Tg4RkT8Im9BMbv2P7sh.jpg', 'md': 'https://static.amarintv.com/media/Dpe4A5wywPtiLWF2ZiaGD6Ar6uF8Tgj6giB3K5Wvm5D6h4Tg4SX0MmFk9whqlKbdL.jpg', 'lg': 'https://static.amarintv.com/media/PJVlR0ljpO8FI3OQpgHvCPg5ciUpCmgZoYfxzG2AormRuAgn2QR8Qhbm7SdyinGH3P.jpg', 'caption': 'ภาพสุดท้ายก่อนดับปริศนา (2).jpg'}",https://www.amarintv.com/news/crime/557798
"""ทนายตั้ม""  พบ DSI จี้ สอบ 'กัน จอมพลัง' ปมเงินบริจาคแอร์-โฟล์คลิฟต์",557778,"""ทนายตั้ม""หอบหลักฐานพบ DSI จี้สอบ “กัน จอมพลัง” ปมเงินบริจาคแอร์-โฟล์คลิฟต์ สงสัยใช้ผิดวัตถุประสงค์ แฉเส้นทางเงินนอมินีและเว็บพนัน",17 กันยายน 2569,"{'name': 'อาชญากรรม', 'id': '66c3c4ce350823a8c40ffd4e', 'path': '/news/crime'}",False,/news/crime/557778,17 ก.ย. 69,"{'id': '6aab668ac0778d02d4002c12', 'sm': 'https://static.amarintv.com/media/Dpe4A5wywPtiLWFQxsuvFPu41h5CZ4aY5YE7MN1BFUL8OkqiYHzyYJ42QmrR2UBMx.jpg', 'md': 'https://static.amarintv.com/media/Dpe4A5wywPtiLWFQxsuvFPu41h5CZ4aY5YE7MN1BFUL8OkqiYInUmnXePMxMlOe7b.jpg', 'lg': 'https://static.amarintv.com/media/PJVlR0ljpO8FI3LvXSxEZrDsxGDf889A47acadM4d9XasPdr9eB518vfE812q30gzT.jpg', 'caption': 'News Web_16-9 (18).jpg'}",https://www.amarintv.com/news/crime/557778
"รวบหนุ่มร้อยเอ็ด สั่งซื้อยาบ้าออนไลน์ เจอ 3,838 เม็ด ซุกกางเกงใน",557771,"หนุ่มขี่มอเตอร์ไซค์ไม่ติดป้ายทะเบียนโป๊ะแตก ตำรวจตรวจค้นอึ้งเจอของกลาง ยาบ้าซุกกางเกงใน 3,838 เม็ด สารภาพสั่งซื้อผ่านออนไลน์เตรียมกระจายลูกค้ารายย่อย",17 กันยายน 2569,"{'name': 'อาชญากรรม', 'id': '66c3c4ce350823a8c40ffd4e', 'path': '/news/crime'}",False,/news/crime/557771,17 ก.ย. 69,"{'id': '6aab4c7d2906383ebc0a45a2', 'sm': 'https://static.amarintv.com/media/Dpe4A5wywPtiLWEsODJfxitvbx2fceQc8YPQLpjQNn7VCSlICOFNgWQVUlXqu3lTn.jpg', 'md': 'https://static.amarintv.com/media/Dpe4A5wywPtiLWEsODJfxitvbx2fceQc8YPQLpjQNn7VCSlICO2tuzs7TLdldyFER.jpg', 'lg': 'https://static.amarintv.com/media/PJVlR0ljpO8FI3JcmBBRSna74x7D3m79nWHA0Lnk8U9A1exTLDzhnzuJFZa7aOvnEB.jpg', 'caption': 'ยาบ้า3,838เม็ดซุกกกน. (3).jpg'}",https://www.amarintv.com/news/crime/557771
รวบยกแก๊ง! ปาหินใส่บ้าน “อัจฉริยะ” อ้างรับงานทวงหนี้ผิดบ้าน,557747,รวบยกแก๊ง! 2 ชายฉกรรจ์ปาหินใส่บ้าน “อัจฉริยะ” พร้อมผู้รับงาน อีก 1 คน รับงานทวงหนี้ค่ามวย ไม่รู้เป็นบ้านคนดัง,16 กันยายน 2569,"{'name': 'อาชญากรรม', 'id': '66c3c4ce350823a8c40ffd4e', 'path': '/news/crime'}",False,/news/crime/557747,16 ก.ย. 69,"{'id': '6aaa901c75c0ca585f076dc3', 'sm': 'https://static.amarintv.com/media/Dpe4A5wywPtiLUz5J0MfhTVvsndxrZ6d1yqslqVHJRTH0vlHur1XUU1UAlUJYK413.jpg', 'md': 'https://static.amarintv.com/media/Dpe4A5wywPtiLUz5J0MfhTVvsndxrZ6d1yqslqVHJRTH0vlHuso3iyT59LaEHFYmh.jpg', 'lg': 'https://static.amarintv.com/media/PJVlR0ljpO8FIyCYAnhoNh33CTBDNRHdUNSYLkzLgTc8Z2hSAswYIL6zmzMVoaQWgF.jpg', 'caption': 'ปกใหม่_16-9 - 2026-09-16T194808.439.jpg'}",https://www.amarintv.com/news/crime/557747
ด่วน! ผู้ต้องขังสะเดาะกุญแจหนีลอยนวล ตร.เร่งปิดล้อมล่าระอุ,557724,ผู้ต้องขังคดีทำร้ายร่างกาย สะเดาะกุญแจหนีลอยนวล ระหว่างเจ้าหน้าที่กำลังคุมตัวส่งศาลเกาะสมุย ตร.เร่งปิดล้อมล่าระอุ ใครพบเบาะแสรีบแจ้งด่วน,16 กันยายน 2569,"{'name': 'อาชญากรรม', 'id': '66c3c4ce350823a8c40ffd4e', 'path': '/news/crime'}",False,/news/crime/557724,16 ก.ย. 69,"{'id': '6aaa6004e4c66777dd0ba1f2', 'sm': 'https://static.amarintv.com/media/Dpe4A5wywPtiLUzASe2kPvTKMuwmTBBRAos872V66W2gCaufQHU4RwBDynsBhxtxD.jpg', 'md': 'https://static.amarintv.com/media/Dpe4A5wywPtiLUzASe2kPvTKMuwmTBBRAos872V66W2gCaufQIIagPdpxNx6QsNhr.jpg', 'lg': 'https://static.amarintv.com/media/PJVlR0ljpO8FIx8lOXfXrFVIIpKuKgNQOsJttOanXAdGSCcBEZ8UNmFCvbC5QKimhX.jpg', 'caption': 'สะเดาะกุญแจหนี (3).jpg'}",https://www.amarintv.com/news/crime/557724
"""บิ๊กเต่า"" รอด! ศาลยกฟ้องคดี ""บิ๊กโจ๊ก"" ฟ้องหมิ่นประมาท ปมตบลูกน้อง",557717,"ศาลอาญา ""ยกฟ้อง"" คดี ""บิ๊กโจ๊ก"" ยื่นฟ้อง ""บิ๊กเต่า"" หมิ่นประมาท ปมให้สัมภาษณ์สื่อกรณีตบลูกน้องทำซึมเศร้า",16 กันยายน 2569,"{'name': 'อาชญากรรม', 'id': '66c3c4ce350823a8c40ffd4e', 'path': '/news/crime'}",False,/news/crime/557717,16 ก.ย. 69,"{'id': '6aaa5cde1c8cf2cc520c1fb2', 'sm': 'https://static.amarintv.com/media/Dpe4A5wywPtiLUyvIaoFs3I9DqR4R8AX9i3Sfa3frIPlSI0pvzpRTRiTFymhtV0Et.jpg', 'md': 'https://static.amarintv.com/media/Dpe4A5wywPtiLUyvIaoFs3I9DqR4R8AX9i3Sfa3frIPlSI0pv0cxhvA5EYsccQTzX.jpg', 'lg': 'https://static.amarintv.com/media/PJVlR0ljpO8FIx7kmyBhnVrGHMl6aLvlEMEUZxDM2GEZ84hedXAbR0ST0WGSJ1Wjgx.jpg', 'caption': 'ปกใหม่_16-9 - 2026-09-16T160920.624.jpg'}",https://www.amarintv.com/news/crime/557717
"ตำรวจทางหลวง-กู้ภัยสแกมเมอร์ ทลายแก๊งข้ามชาติ เสียหาย 4,000 ล้าน",557715,"ตำรวจทางหลวง-กู้ภัยสแกมเมอร์ ขยายผลปฏิบัติการ ""Highway Scam Hunter EP.4"" ทลายเครือข่ายสแกมเมอร์ข้ามชาติ มูลค่าความเสียหายทะลุ 4,000 ล้าน",16 กันยายน 2569,"{'name': 'อาชญากรรม', 'id': '66c3c4ce350823a8c40ffd4e', 'path': '/news/crime'}",False,/news/crime/557715,16 ก.ย. 69,"{'id': '6aaa59b6fd845dee1f0f4752', 'sm': 'https://static.amarintv.com/media/Dpe4A5wywPtiLUysBlKsTNq5gUqSNqCX39URoIOCyjTHnxLm3ncZFEuNhBQAqkKBX.jpg', 'md': 'https://static.amarintv.com/media/Dpe4A5wywPtiLUysBlKsTNq5gUqSNqCX39URoIOCyjTHnxLm3oP5TiMzflV5ZenwB.jpg', 'lg': 'https://static.amarintv.com/media/PJVlR0ljpO8FIx7XwleO7WhPffYnOdj0rLNu1r79mxw7iTGAlklRXLZe2qRPsae5p7.jpg', 'caption': 'News Web_16-9 (31).jpg'}",https://www.amarintv.com/news/crime/557715
ตร.บุกทลายทุนจีน600ล้าน ใช้คนไทยถือหุ้น100%ซื้อสูติบัตรสวมสิทธิ์ลูกชาย,557683,"ตร.บุกทลาย""นอมินี""โรงงานยาง 600 ล้าน คนจีนใช้คนไทยถือหุ้น100% ใน 3บริษัท พบซื้อสูติบัตรสวมสิทธิ์ลูกชาย แถมมีหมายจับฉ้อโกงจากจีน-คดีทำร้ายร่างกาย",16 กันยายน 2569,"{'name': 'อาชญากรรม', 'id': '66c3c4ce350823a8c40ffd4e', 'path': '/news/crime'}",False,/news/crime/557683,16 ก.ย. 69,"{'id': '6aaa20d61895fe46410f6422', 'sm': 'https://static.amarintv.com/media/Dpe4A5wywPtiLUxwfABViMfFauhiIpvgtbqIfHyq9iU3matczDOs855nXkMnciBPH.jpg', 'md': 'https://static.amarintv.com/media/Dpe4A5wywPtiLUxwfABViMfFauhiIpvgtbqIfHyq9iU3matczECPNZYPWKSiLce9v.jpg', 'lg': 'https://static.amarintv.com/media/PJVlR0ljpO8FIx3iQAFi9NmWacKg7ycPJoR9GgRTgJwRoqXtApCxhzAnlsjTydoqZ3.jpg', 'caption': 'News Web_16-9 (17).jpg'}",https://www.amarintv.com/news/crime/557683
เปิดปฏิบัติการ สินสมุทรสยบมังกรดำ รวบหนุ่มจีนเอเย่นต์เว็บพนันข้ามชาติ,557684,เปิดปฏิบัติการ “สินสมุทรสยบมังกรดำ” รวบหนุ่มจีนหนีหมายแดง INTERPOL เครือข่ายพนันออนไลน์ เงินหมุนเวียนกว่า 1.5 พันล้าน ซุกบ้านหรูบางละมุง,16 กันยายน 2569,"{'name': 'อาชญากรรม', 'id': '66c3c4ce350823a8c40ffd4e', 'path': '/news/crime'}",False,/news/crime/557684,16 ก.ย. 69,"{'id': '6aaa1eb4994c4a19ed0f8382', 'sm': 'https://static.amarintv.com/media/Dpe4A5wywPtiLUxhdItJOiSKSYzcx9FZwRrKWn8HEGenjWYJypzcdsxH1v7WL45hr.jpg', 'md': 'https://static.amarintv.com/media/Dpe4A5wywPtiLUxhdItJOiSKSYzcx9FZwRrKWn8HEGenjWYJyqm8sMPt0WDQ4zZSV.jpg', 'lg': 'https://static.amarintv.com/media/PJVlR0ljpO8FIx2iMUCaIFlAf8ge6YOWbXEOxfCNK6yfYAbuhGYdY6vfeXGOfyPJIh.jpg', 'caption': 'สินสมุทรสยบมังกรดำ (3).jpg'}",https://www.amarintv.com/news/crime/557684
สลดไซต์ก่อสร้างภูเก็ต! คนงานวัย 23 ถูกเครื่องตอกเสาเข็มหนีบหัวดับ,557678,สลดไซต์ก่อสร้างภูเก็ต! คนงานวัย 23 เคราะห์ร้าย ถูกเครื่องตอกเสาเข็มมรณะ หนีบหัวดับสยอง ตำรวจ สภ.เชิงทะเล เร่งสรุปหาสาเหตุ,16 กันยายน 2569,"{'name': 'อาชญากรรม', 'id': '66c3c4ce350823a8c40ffd4e', 'path': '/news/crime'}",False,/news/crime/557678,16 ก.ย. 69,"{'id': '6aaa0f8311bc723e470d34d2', 'sm': 'https://static.amarintv.com/media/Dpe4A5wywPtiLUxOj17fLjKrR5rY2EXjtvqnDp3Aoa5ycDkyknxZpSUieRaLsDym5.jpg', 'md': 'https://static.amarintv.com/media/Dpe4A5wywPtiLUxOj17fLjKrR5rY2EXjtvqnDp3Aoa5ycDkykok53vxKc1gGa8SXj.jpg', 'lg': 'https://static.amarintv.com/media/PJVlR0ljpO8FIx1SMGxqvvOKuCPMrQFVi84BRK7Iq7MsT00A3KABwtfhZXBROg6ksV.jpg', 'caption': 'เครื่องตอกเสาเข็มหนีบหัวดับ (3).jpg'}",https://www.amarintv.com/news/crime/557678
พบร่างนักท่องเที่ยวโมร็อกโกจมน้ำหาดกะรน สูญหาย2วัน ลอยติดหาดกะตะน้อย,557667,พบแล้ว! ร่างนักท่องเที่ยวโมร็อกโก สูญหายทะเลหาดกะรน 2 วัน ลอยติดหาดกะตะน้อย,16 กันยายน 2569,"{'name': 'อาชญากรรม', 'id': '66c3c4ce350823a8c40ffd4e', 'path': '/news/crime'}",False,/news/crime/557667,16 ก.ย. 69,"{'id': '6aa9f7df83592d3ee007aff2', 'sm': 'https://static.amarintv.com/media/Dpe4A5wywPtiKgjUTS421tTm3frFNxRMHSfmo5m3aLlbo7u0vpEvbDzRikd6ZZaJf.jpg', 'md': 'https://static.amarintv.com/media/Dpe4A5wywPtiKgjUTS421tTm3frFNxRMHSfmo5m3aLlbo7u0vp2RphR3hKj1IT34J.jpg', 'lg': 'https://static.amarintv.com/media/PJVlR0ljpO8FFcd11sG2h1HClM13i7dACIajm96k0H4mNItb2pRpp7mZfJswDgJhO9.jpg', 'caption': 'News Web_16-9 (7).jpg'}",https://www.amarintv.com/news/crime/557667
รวบแล้ว! โจรใจเย็น บุกร้านทองสามโคก 2 นาที กวาด 52 บาท มูลค่า 3.5 ล้าน,557658,รวบแล้วโจรใจเย็น! ควงปืนปลอม บุกเดี่ยวจี้ร้านทองสามโคก ก่อเหตุ 2 นาที กวาด 52 บาท มูลค่า 3.5 ล้าน ของกลางอยู่ครบ,15 กันยายน 2569,"{'name': 'อาชญากรรม', 'id': '66c3c4ce350823a8c40ffd4e', 'path': '/news/crime'}",False,/news/crime/557658,15 ก.ย. 69,"{'id': '6aa95d969348a215f0068382', 'sm': 'https://static.amarintv.com/media/Dpe4A5wywPtiKgUY4y8QoJf7Q2avu2g3VeVKToFE2zxro6BS8kRbaRK7hCxUxO7hz.jpg', 'md': 'https://static.amarintv.com/media/Dpe4A5wywPtiKgUY4y8QoJf7Q2avu2g3VeVKToFE2zxro6BS8lE7ounjfm3PgJbSd.jpg', 'lg': 'https://static.amarintv.com/media/PJVlR0ljpO8FFbeO2mc0txR6tquhLjJygtRYlHe8KZ3ORBjYWBeBCst4ywm0t47Zpj.jpg', 'caption': 'ปกใหม่_16-9 - 2026-09-15T220020.292.jpg'}",https://www.amarintv.com/news/crime/557658
เหี้ยม! ดับสยองสาวร้านสะดวกซื้อ เปลือยคาหอพักอุดรฯ,557653,โหดเหี้ยม! คนร้ายบุกใช้สายไฟรัดสาวร้านสะดวกซื้อดับสยอง เปลือยกายคาหอพัก ตร.คาด ฉวยโอกาสตอนเหยื่อป่วย-เร่งเช็กวงจรปิดล่าฆาตกร,15 กันยายน 2569,"{'name': 'อาชญากรรม', 'id': '66c3c4ce350823a8c40ffd4e', 'path': '/news/crime'}",False,/news/crime/557653,15 ก.ย. 69,"{'id': '6aa9486f2c3903fb08009002', 'sm': 'https://static.amarintv.com/media/Dpe4A5wywPtiKgUCrq6EKCe1h7xFA4g56go8NYKAaK2z9yGH3N277ldzBPjQ7pD45.jpg', 'md': 'https://static.amarintv.com/media/Dpe4A5wywPtiKgUCrq6EKCe1h7xFA4g56go8NYKAaK2z9yGH3OqeME6a9zpLqjhpj.jpg', 'lg': 'https://static.amarintv.com/media/PJVlR0ljpO8FFbcvKZRvLcTbGO2orvZ9Po1KnRvTuE6arM1Sj3A7YUjxpfWw46ttCV.jpg', 'caption': 'ปกใหม่_16-9 - 2026-09-15T202949.430.jpg'}",https://www.amarintv.com/news/crime/557653
อุกอาจ! 2 คนร้ายขี่รถจักรยานยนต์ สาดกระสุนใส่กลุ่มวัยรุ่น เจ็บ 3 ราย,557643,อุกอาจ! 2 คนร้ายขี่รถจักรยานยนต์ สาดกระสุนใส่กลุ่มวัยรุ่น แยกพวงมาลัย อ.ปลวกแดง จ.ระยอง ส่งผลให้มีผู้บาดเจ็บ 3 ราย,15 กันยายน 2569,"{'name': 'อาชญากรรม', 'id': '66c3c4ce350823a8c40ffd4e', 'path': '/news/crime'}",False,/news/crime/557643,15 ก.ย. 69,"{'id': '6aa92cdaed4853206d054492', 'sm': 'https://static.amarintv.com/media/Dpe4A5wywPtiKgTd9qWUcHJpj8dA31FPY7gIXzh1uGtc1N83rvoHCSdvAZ3hnHmW5.jpg', 'md': 'https://static.amarintv.com/media/Dpe4A5wywPtiKgTd9qWUcHJpj8dA31FPY7gIXzh1uGtc1N83rwbnQv6W899cWCGHj.jpg', 'lg': 'https://static.amarintv.com/media/PJVlR0ljpO8FFbab0q4McFh5qhpxsnLplDuqmYzz4XxtJvtcAkZm1sHhGEAduIn8oV.jpg', 'caption': 'News Web_16-9 - 2026-09-15T182348.790.jpg'}",https://www.amarintv.com/news/crime/557643
"ตร.ตั้งชุดไล่ล่า 2 หนุ่ม ปาหินใส่บ้าน ""อัจฉริยะ"" มั่นใจจับได้ใน 3 วัน",557631,"ตร.ตั้งชุดไล่ล่า 2 คนร้ายใส่ชุดไรเดอร์ปาหินใส่บ้าน ""อัจฉริยะ"" พบพฤติกรรม วนรถถ่ายคลิปส่งงาน เร่งตรวจ DNA ก้อนหิน มั่นใจได้ตัวภายใน 3 วัน",15 กันยายน 2569,"{'name': 'อาชญากรรม', 'id': '66c3c4ce350823a8c40ffd4e', 'path': '/news/crime'}",False,/news/crime/557631,15 ก.ย. 69,"{'id': '6aa91606267fa05d66042e12', 'sm': 'https://static.amarintv.com/media/Dpe4A5wywPtiKgTHrE1PXh5bkw6j4fy4ne0FRO5orUg2JWQEjeo2MIM8QpGrsQNWV.jpg', 'md': 'https://static.amarintv.com/media/Dpe4A5wywPtiKgTHrE1PXh5bkw6j4fy4ne0FRO5orUg2JWQEjfcYalpkPPMmbKrG9.jpg', 'lg': 'https://static.amarintv.com/media/PJVlR0ljpO8FFbY7v2D1fOFL54F2RVYN1FVDxLoEC4vtkn4W2aQvkTsN1IyzXWIsPr.jpg', 'caption': 'ปกใหม่_16-9 - 2026-09-15T165448.094.jpg'}",https://www.amarintv.com/news/crime/557631
สยบลุงวัย 58 คลั่ง เครียดเมียขอหย่าแยกทาง เสพยาบ้า 27 เม็ด,557626,สยบลุงวัย 58 คลั่ง เครียดเมียขอหย่าแยกทาง เสพยาบ้า 27 เม็ด ถือมีดคู่สู้ตำรวจยิบตา  ปืนไฟฟ้าช็อตเอาไม่อยู่ ก่อนจนมุม ค้นตัวอึ้งคาโรงพัก,15 กันยายน 2569,"{'name': 'อาชญากรรม', 'id': '66c3c4ce350823a8c40ffd4e', 'path': '/news/crime'}",False,/news/crime/557626,15 ก.ย. 69,"{'id': '6aa914c1c36e78cf6105a722', 'sm': 'https://static.amarintv.com/media/Dpe4A5wywPtiKgTHiyVNRXUlIgtcruqDxqfbR3JcxTw6B7tPTifPfhi3lEw9kgtRL.jpg', 'md': 'https://static.amarintv.com/media/Dpe4A5wywPtiKgTHiyVNRXUlIgtcruqDxqfbR3JcxTw6B7tPTjSvuBBfjo24TbNBz.jpg', 'lg': 'https://static.amarintv.com/media/PJVlR0ljpO8FFbY7Nt1kzuVDVNJsgotprJfyp1tE3nsDmGmzOmJB0cYuja1bLaUe6Z.jpg', 'caption': 'เสพยาบ้า 27 เม็ด (3).jpg'}",https://www.amarintv.com/news/crime/557626
สลด! แม่วัย 21 ตื่นเช้าเตรียมทำกับข้าว ช็อกพบลูกสาว 2 เดือนดับปริศนา,557624,ใจสลาย! แม่วัย 21 ปี ตื่นเตรียมกับข้าวให้สามี ช็อกพบลูกสาววัย 2 เดือนเสียชีวิตปริศนา หลังพาไปฉีดวัคซีนแล้วไข้ขึ้น-จนท.เร่งสอบสาเหตุที่แท้จริง,15 กันยายน 2569,"{'name': 'อาชญากรรม', 'id': '66c3c4ce350823a8c40ffd4e', 'path': '/news/crime'}",False,/news/crime/557624,15 ก.ย. 69,"{'id': '6aa90f8a0fe3c82734032612', 'sm': 'https://static.amarintv.com/media/Dpe4A5wywPtiKgS2Sb3hbZuKZfB58FNP6zNwadmzXgK2AixRLeoasejyNryqXYlvX.jpg', 'md': 'https://static.amarintv.com/media/Dpe4A5wywPtiKgS2Sb3hbZuKZfB58FNP6zNwadmzXgK2AixRLfb668CaMR4lGTFgB.jpg', 'lg': 'https://static.amarintv.com/media/PJVlR0ljpO8FFbX6MLLUFMSm9SH9WFgt03e37UUUJG03ATpc7UO6H6EgW6AZ1Mxdl7.jpg', 'caption': 'ปกใหม่_16-9 - 2026-09-15T162701.987.jpg'}",https://www.amarintv.com/news/crime/557624
พี่ชายตกงานฉุนน้องสาวทวงเงิน คว้าปืน .38 ซัดกระสุนฝังไหล่เจ็บสาหัส,557598,ระยองเดือด! พี่ชายตกงานฉุนน้องสาวทวงเงินยิบ คว้าปืน .38 ซัดกระสุนฝังไหล่เจ็บสาหัส ตร.ปลวกแดงรวบทันควันขณะย้อนกลับเข้าบ้าน,15 กันยายน 2569,"{'name': 'อาชญากรรม', 'id': '66c3c4ce350823a8c40ffd4e', 'path': '/news/crime'}",False,/news/crime/557598,15 ก.ย. 69,"{'id': '6aa8f8cea60e166a5f090232', 'sm': 'https://static.amarintv.com/media/Dpe4A5wywPtiKfTEUVL3tdyYzYz8Mpzxy9fzMysTJJHTWMv7Wgns8Ry2xqHzJIHXf.jpg', 'md': 'https://static.amarintv.com/media/Dpe4A5wywPtiKfTEUVL3tdyYzYz8Mpzxy9fzMysTJJHTWMv7WhbPMvRewQNt2ClIJ.jpg', 'lg': 'https://static.amarintv.com/media/PJVlR0ljpO8FFXQt19fIHxGGgOikkUt3sh9Za5Y7DvoL5quBG2cBfJYvRdBcESsBC9.jpg', 'caption': 'พี่ยิงน้องทวงเงินบ่อย (3).jpg'}",https://www.amarintv.com/news/crime/557598
"""สนธิญา"" ลุยแจ้งความม็อบหน้าหอศิลป์ ชี้ฝ่าฝืนรัศมี 150 เมตร",557599,"""สนธิญา"" ลุยแจ้งความม็อบหน้าหอศิลป์ ชี้ฝ่าฝืนรัศมี 150 เมตร ซัด “พรรคประชาชน” มี สส.กว่า 150 คน ควรแก้ปัญหาปากท้อง ไม่ใช่มัวมองการเมือง",15 กันยายน 2569,"{'name': 'อาชญากรรม', 'id': '66c3c4ce350823a8c40ffd4e', 'path': '/news/crime'}",False,/news/crime/557599,15 ก.ย. 69,"{'id': '6aa8e3ba5dff4747fd0065c2', 'sm': 'https://static.amarintv.com/media/Dpe4A5wywPtiKfSvAQZf02NtRJPFxmkBYZSbW1PUGYTF0wRLadkRv1DNZqeOLJsK5.jpg', 'md': 'https://static.amarintv.com/media/Dpe4A5wywPtiKfSvAQZf02NtRJPFxmkBYZSbW1PUGYTF0wRLaeXyAUfzYQkI4EL5j.jpg', 'lg': 'https://static.amarintv.com/media/PJVlR0ljpO8FFXPcFFvVgT2q6yKT63StuwcJAX1RAYW0J5U7LLzzLy16YYf7apR7GV.jpg', 'caption': 'News Web_16-9 (31).jpg'}",https://www.amarintv.com/news/crime/557599
"ผบช.ก. เผยพบเงินในบัญชี ""สมีโชติ"" 300 ล้าน-วัดจุฬามณี ยังไร้หลักฐานผิด",557592,"ผบช.ก. ลุยต่อเฟส 2-3 คดีวัดพุทไธศวรรย์ พบเงินในบัญชี ""สมีโชติ"" 300 ล้าน ยึดเงินสดแล้ว ส่ง ปปง. เช็กเส้นทางเงิน – ส่วนกระแสวัดจุฬามณี ยังไร้หลักฐานผิด",15 กันยายน 2569,"{'name': 'อาชญากรรม', 'id': '66c3c4ce350823a8c40ffd4e', 'path': '/news/crime'}",False,/news/crime/557592,15 ก.ย. 69,"{'id': '6aa8dd8e48304d7efa03c212', 'sm': 'https://static.amarintv.com/media/Dpe4A5wywPtiKfSfpUR9tpqwXVOKWjJmUvC68BmIbcP0DmUwMWgek59EaWgSYEtTP.jpg', 'md': 'https://static.amarintv.com/media/Dpe4A5wywPtiKfSfpUR9tpqwXVOKWjJmUvC68BmIbcP0DmUwMXUAzZbqY6mNG9ND3.jpg', 'lg': 'https://static.amarintv.com/media/PJVlR0ljpO8FFXOaunwS4kInuXoexLJsRsQLd0pc1WpY66RxA4qKItOzRMEeyAsnc5.jpg', 'caption': 'ปกใหม่_16-9 - 2026-09-15T125349.082.jpg'}",https://www.amarintv.com/news/crime/557592
โจรแสบงัดบ้าน ลักทรัพย์-รื้อกินของตู้เย็น ก่อนถ่ายทิ้งไว้ดูต่างหน้า,557564,เตือนภัยภูเก็ต! โจรแสบงัดบ้านกลางดึก ขโมยทรัพย์สิน-รื้อกินของในตู้เย็น หน้าตาเฉย ก่อนถ่ายทิ้งไว้ให้เจ้าของบ้านดู ชาวเน็ตแห่แซวภาพคมชัด,15 กันยายน 2569,"{'name': 'อาชญากรรม', 'id': '66c3c4ce350823a8c40ffd4e', 'path': '/news/crime'}",False,/news/crime/557564,15 ก.ย. 69,"{'id': '6aa8aa7eefaac87778013262', 'sm': 'https://static.amarintv.com/media/Dpe4A5wywPtiKfRkkNXx8nwrQiYUfaQuHFbl1mgjvut4EttU6i3WZOgKs8hSPiQBf.jpg', 'md': 'https://static.amarintv.com/media/Dpe4A5wywPtiKfRkkNXx8nwrQiYUfaQuHFbl1mgjvut4EttU6jq2nr8wrinM8ctwJ.jpg', 'lg': 'https://static.amarintv.com/media/PJVlR0ljpO8FFXKnDhQSWYREoWAcpudIZQeAVZEfrK9hhizMdpukUZvfSDCmOynsM9.jpg', 'caption': 'ถ่ายทิ้งไว้ดูต่างหน้า (3).jpg'}",https://www.amarintv.com/news/crime/557564
ชายวัย 27 หอบร่างเปลือยวิ่งหนีตาย อ้างถูกแฟนเก่าลวง ยกพวกรุมทำร้าย,557561,ชายวัย 27 หอบร่างเปลือยวิ่งหนีตาย อ้างถูกแฟนเก่าลวงไปจุดเปลี่ยว ยกพวกรุมทำร้าย บังคับให้อมนกเขาคนอื่นก่อนชิงทรัพย์,15 กันยายน 2569,"{'name': 'อาชญากรรม', 'id': '66c3c4ce350823a8c40ffd4e', 'path': '/news/crime'}",False,/news/crime/557561,15 ก.ย. 69,"{'id': '6aa8a052b408d37dd20c61c2', 'sm': 'https://static.amarintv.com/media/Dpe4A5wywPtiKfRg7PsdM377cviYxUm2wlSEm8JVjhUBQdmNntRheMN0My24CqZ0x.jpg', 'md': 'https://static.amarintv.com/media/Dpe4A5wywPtiKfRg7PsdM377cviYxUm2wlSEm8JVjhUBQdmNnuFDspqcLY8yvk3lb.jpg', 'lg': 'https://static.amarintv.com/media/PJVlR0ljpO8FFXKYEo3mlRFjgwWCXrKiMp8nG4WlEtkpOCRyT4oaE4RyjRL0RqUR9T.jpg', 'caption': 'หอบร่างเปลือยหนีตาย (3).jpg'}",https://www.amarintv.com/news/crime/557561
2 วัน 3 เคส! โจรพัทยาระอุ ชักปืนจี้หนุ่มรัสเซีย ชิงเงินหนี,557554,"2 วัน 3 เคส! เมืองพัทยาระอุ โจรจี้ชิงทรัพย์ต่างชาติไม่เว้น หนุ่มรัสเซียเจอ 2 โจ๋ขี่ จยย.ประกบ ชักปืนจี้เอาเงิน 1,000 บาท ก่อนเผ่นหนี",15 กันยายน 2569,"{'name': 'อาชญากรรม', 'id': '66c3c4ce350823a8c40ffd4e', 'path': '/news/crime'}",False,/news/crime/557554,15 ก.ย. 69,"{'id': '6aa88e88944dcf2cf1060bd2', 'sm': 'https://static.amarintv.com/media/Dpe4A5wywPtiKfFDxLQbO7t2DlYsoBwbhlHxax0bPHr3GPKDqvhHkaLzf28Al8oix.jpg', 'md': 'https://static.amarintv.com/media/Dpe4A5wywPtiKfFDxLQbO7t2DlYsoBwbhlHxax0bPHr3GPKDqwUny3obedD5U3ITb.jpg', 'lg': 'https://static.amarintv.com/media/PJVlR0ljpO8FFWU3pEf2dwpZM2aEVRWBstSMGpygebzNfwlhOb6vIl7fsAC5ZZnBpT.jpg', 'caption': 'News Web_16-9 (1).jpg'}",https://www.amarintv.com/news/crime/557554
หกล้อเบรกไม่อยู่! พุ่งชนท้ายกระบะขนคนงาน เจ็บ 10 ราย,557552,นาทีชีวิต! หกล้อเบรกไม่อยู่ขณะลงทางยกระดับกิ่งแก้ว พุ่งอัดท้ายกระบะคอกขนคนงานกลับที่พัก ชนต่อเนื่อง 3 คันรวด เจ็บ 10 ราย-กู้ภัยเร่งหามส่ง รพ.,14 กันยายน 2569,"{'name': 'อาชญากรรม', 'id': '66c3c4ce350823a8c40ffd4e', 'path': '/news/crime'}",False,/news/crime/557552,14 ก.ย. 69,"{'id': '6aa809176fe707104b0d96b2', 'sm': 'https://static.amarintv.com/media/Dpe4A5wywPtiKfCi4N3GEswUghiwvsC35EoIOe31lcBlgyGcFj7UY93IE8m9LwalP.jpg', 'md': 'https://static.amarintv.com/media/Dpe4A5wywPtiKfCi4N3GEswUghiwvsC35EoIOe31lcBlgyGcFku0ndVuDis34q4V3.jpg', 'lg': 'https://static.amarintv.com/media/PJVlR0ljpO8FFWKkIJVfFe3iuWjnW9183pLr91kpUnsm7c2n84I8DbWSW3aHhPJXw5.jpg', 'caption': 'ปกใหม่_16-9 - 2026-09-14T214727.459.jpg'}",https://www.amarintv.com/news/crime/557552
"ด่วน! มือดีปาหินใส่ห้องลูกสาว ""อัจฉริยะ"" ก่อนบิดมอเตอร์ไซค์หนี",557539,"ด่วน! ""ปานเทพ"" โพสต์แจ้งเหตุระทึก มือดีปาหินใส่ห้องลูกสาว ""อัจฉริยะ"" ก่อนบิดมอเตอร์ไซค์หนี",14 กันยายน 2569,"{'name': 'อาชญากรรม', 'id': '66c3c4ce350823a8c40ffd4e', 'path': '/news/crime'}",False,/news/crime/557539,14 ก.ย. 69,"{'id': '6aa7e639d264ef9a4200d602', 'sm': 'https://static.amarintv.com/media/Dpe4A5wywPtiKeCfJojY1gmAE1FMSsUG4YqYZYF4iR9AgK39yPOTzwIwacBzsvrCt.jpg', 'md': 'https://static.amarintv.com/media/Dpe4A5wywPtiKeCfJojY1gmAE1FMSsUG4YqYZYF4iR9AgK39yQB0EPlYZCHubqKxX.jpg', 'lg': 'https://static.amarintv.com/media/PJVlR0ljpO8FFSCUn1gKpAo4UDLcxRBCg15CwzeZfkP4I1BNNUjHsAk47iysbcHRQx.jpg', 'caption': 'ปกใหม่_16-9 - 2026-09-14T191838.646.jpg'}",https://www.amarintv.com/news/crime/557539
อส.น้ำตาคลอเล่านาทีระทึก ยิงระงับเหตุคนคลั่งพลาดโดนผญบ.-คุมทาสยาฝากขัง,557537,อส.น้ำตาคลอ เปิดใจเล่านาทีระทึก เข้าระงับเหตุคนคลั่งถืออาวุธ กระสุนพลาดเจาะอกผญบ. ตร.หิ้วทาสยาฝากขัง ไร้เงาญาติยื่นประกัน,14 กันยายน 2569,"{'name': 'อาชญากรรม', 'id': '66c3c4ce350823a8c40ffd4e', 'path': '/news/crime'}",False,/news/crime/557537,14 ก.ย. 69,"{'id': '6aa7e2db10dd75182e094952', 'sm': 'https://static.amarintv.com/media/Dpe4A5wywPtiKeCe2Kz0e9nfQNVPOghObOts0yXSwYl2GBCwI1oLIj7HQQ28U3jBr.jpg', 'md': 'https://static.amarintv.com/media/Dpe4A5wywPtiKeCe2Kz0e9nfQNVPOghObOts0yXSwYl2GBCwI2brXDZtO083DyCwV.jpg', 'lg': 'https://static.amarintv.com/media/PJVlR0ljpO8FFSCTdquEv8fHE7Fs38VNmc0xMEANhzmXW0TcwdL3xoQu9gyIA2mLAh.jpg', 'caption': 'News Web_16-9 (31).jpg'}",https://www.amarintv.com/news/crime/557537
สาวร้องสายไหมต้องรอด โดนทนายดังรัวหมัดทำร้ายต่อหน้าลูกออทิสติก,557519,สาวร้องสายไหมต้องรอด โดนทนายดังรัวหมัดทำร้ายต่อหน้าลูกออทิสติก ชาวบ้านเอือมระอา ขับรถไล่ชนคนในหมู่บ้าน,14 กันยายน 2569,"{'name': 'อาชญากรรม', 'id': '66c3c4ce350823a8c40ffd4e', 'path': '/news/crime'}",False,/news/crime/557519,14 ก.ย. 69,"{'id': '6aa7c8ed4633461036000bf2', 'sm': 'https://static.amarintv.com/media/Dpe4A5wywPtiKeB3ZgMOans86kFceKikEcnaFMR50Dn3F2y9RwF442CN8U0QchW3b.jpg', 'md': 'https://static.amarintv.com/media/Dpe4A5wywPtiKeB3ZgMOans86kFceKikEcnaFMR50Dn3F2y9Rw3bJVez646LLb0oF.jpg', 'lg': 'https://static.amarintv.com/media/PJVlR0ljpO8FFR9yxW6fkABtn3Ahmjkw6aOvrcuCy7CreSWhDQQazC50rdI60a8E4d.jpg', 'caption': 'News Web_16-9 - 2026-09-14T171301.799.jpg'}",https://www.amarintv.com/news/crime/557519
หญิงวัย 43 ปี เสียชีวิตในห้องนอนปริศนา พบคราบเลือด–บาดแผลหลายจุด,557514,หญิงวัย 43 ปี เสียชีวิตในห้องนอนปริศนา พบคราบเลือด–บาดแผลหลายจุด ประตูหน้าห้องล็อกจากด้านนอก,14 กันยายน 2569,"{'name': 'อาชญากรรม', 'id': '66c3c4ce350823a8c40ffd4e', 'path': '/news/crime'}",False,/news/crime/557514,14 ก.ย. 69,"{'id': '6aa7bfca60d81138e801a192', 'sm': 'https://static.amarintv.com/media/Dpe4A5wywPtiKeBn1gs6GoU6X9MZWqhw4hXRPCFT9VpQaKMqcFAmnlkMqfzlhyXhD.jpg', 'md': 'https://static.amarintv.com/media/Dpe4A5wywPtiKeBn1gs6GoU6X9MZWqhw4hXRPCFT9VpQaKMqcFyI2FCypF5gQs1Rr.jpg', 'lg': 'https://static.amarintv.com/media/PJVlR0ljpO8FFR8wlBHh5cidFCrOtppf7byHMEl8hTcXyCIXRyWjVvAJX2gN4NMsdX.jpg', 'caption': 'News Web_16-9 - 2026-09-14T163451.963.jpg'}",https://www.amarintv.com/news/crime/557514
"""สมพงษ์"" แจ้งกองปราบ เอาผิดชายอ้างชื่อ ขู่ ""ขวัญ อุษามณี"" ยันไม่เกี่ยว",557513,"""สมพงษ์ อมรวิวัฒน์"" แจ้งกองปราบฯ เอาผิดชายปริศนาประชิด ""ขวัญ อุษามณี"" อ้างชื่อข่มขู่ให้เปลี่ยนคำให้การคดีแตงโม ยันไม่รู้จักและไม่เกี่ยวกับเรื่องนี้",14 กันยายน 2569,"{'name': 'อาชญากรรม', 'id': '66c3c4ce350823a8c40ffd4e', 'path': '/news/crime'}",False,/news/crime/557513,14 ก.ย. 69,"{'id': '6aa7b85b55f21fefb908fe02', 'sm': 'https://static.amarintv.com/media/Dpe4A5wywPtiKeBkbiJxfZeK6biORfFOdEaduuNz5CaW0wF1WBrtLCbIjexFBFZjX.jpg', 'md': 'https://static.amarintv.com/media/Dpe4A5wywPtiKeBkbiJxfZeK6biORfFOdEaduuNz5CaW0wF1WCfPZf3uiE29t93UB.jpg', 'lg': 'https://static.amarintv.com/media/PJVlR0ljpO8FFR8idvCcZrOlLTvU8QVluCRU1A1IXgA2V4kMSysiVx2sY4NxlFhID7.jpg', 'caption': 'News Web_16-9 (21).jpg'}",https://www.amarintv.com/news/crime/557513
"กองปราบยัน! ยังไม่มีการตรวจสอบ ""วัดจุฬามณี""",557510,"ผบก.ป. ยืนยัน ยังไม่มีการตรวจสอบ ""วัดจุฬามณี"" ชี้ไม่รู้กระแสข่าวมาจากไหน",14 กันยายน 2569,"{'name': 'อาชญากรรม', 'id': '66c3c4ce350823a8c40ffd4e', 'path': '/news/crime'}",False,/news/crime/557510,14 ก.ย. 69,"{'id': '6aa7b466b4a5c0bb000de562', 'sm': 'https://static.amarintv.com/media/Dpe4A5wywPtiKeBkJMrBp1zSK5daiCC0TXuE9M7D7IwCfORKu2al83xeLWfrhWbeN.jpg', 'md': 'https://static.amarintv.com/media/Dpe4A5wywPtiKeBkJMrBp1zSK5daiCC0TXuE9M7D7IwCfORKu3OINXQGJ6lmQQ5O1.jpg', 'lg': 'https://static.amarintv.com/media/PJVlR0ljpO8FFR8hQAZo42PxDHTfmgbuACCQktd2UMOWU664ZaZ2nqM9nQCCoV1Cup.jpg', 'caption': 'News Web_16-9 - 2026-09-14T154606.040.jpg'}",https://www.amarintv.com/news/crime/557510
ลูกเขยเลือดร้อนบุกยิงแม่ยายดับ หลังเพิ่งร่วมงานรับปริญญาลูกชาย,557506,ลูกเขยเลือดร้อนบุกยิงแม่ยายดับสลดคาบ้านที่สุราษฎร์ธานี ก่อนซิ่งรถหนีซุกบ้านเกิด แต่ไม่รอด  ตำรวจเร่งล็อกตัวพร้อมของกลางดำเนินคดี,14 กันยายน 2569,"{'name': 'อาชญากรรม', 'id': '66c3c4ce350823a8c40ffd4e', 'path': '/news/crime'}",False,/news/crime/557506,14 ก.ย. 69,"{'id': '6aa7b0b6dc9a5290700f7132', 'sm': 'https://static.amarintv.com/media/Dpe4A5wywPtiKeBj1nN1ZUMqkl4Y0AaeZpFKBJEUuewSfSSHVAUrJbTqxo141zzLP.jpg', 'md': 'https://static.amarintv.com/media/Dpe4A5wywPtiKeBj1nN1ZUMqkl4Y0AaeZpFKBJEUuewSfSSHVBINX4wSwO7zkuS53.jpg', 'lg': 'https://static.amarintv.com/media/PJVlR0ljpO8FFR8gFb7OgjaX1Kg2itvXj7nTWtb3p9FaZNgySlDb9Ml7tXzvq3K2a5.jpg', 'caption': 'ลูกเขยยิงแม่ยายดับ (3).jpg'}",https://www.amarintv.com/news/crime/557506
"ศาลเมลเบิร์นสั่งคุมขังต่อ ""แอร์มีนา"" นัด อีกครั้ง 12 ต.ค.",557499,"ศาลเมลเบิร์นสั่งคุมขัง""แอร์มีนา""พนักงานต้อนรับการบินไทย วัย 26 ปี ต่อ นัดอีกครั้ง 12 ต.ค. ขณะที่อัยการและทนายเริ่มถกแนวทางยุติคดียาเสพติด",14 กันยายน 2569,"{'name': 'อาชญากรรม', 'id': '66c3c4ce350823a8c40ffd4e', 'path': '/news/crime'}",False,/news/crime/557499,14 ก.ย. 69,"{'id': '6aa7a9feb93084368f0b2de2', 'sm': 'https://static.amarintv.com/media/Dpe4A5wywPtiKeBRj4jgXzLIkU6vzUdttprvcKwgf9eeqlm1dqwkGp4ky9x1XlhKl.jpg', 'md': 'https://static.amarintv.com/media/Dpe4A5wywPtiKeBRj4jgXzLIkU6vzUdttprvcKwgf9eeqlm1drkGVJXMxj3wGgA5P.jpg', 'lg': 'https://static.amarintv.com/media/PJVlR0ljpO8FFR7SkRkpsXT9cCepd6iw0kMr6UgWQF34r5WcycUk3w2VC4RBSEKfvv.jpg', 'caption': 'News Web_16-9 (15).jpg'}",https://www.amarintv.com/news/crime/557499
"ส่งร่าง ""พลทหารน้ำ"" ถึงบ้าน ญาติยังติดใจปมเสียชีวิต",557496,"ส่งร่าง ""พลทหารน้ำ"" ถึงบ้าน ญาติยังติดใจปมเสียชีวิต – แม่ค้า-เพื่อนบ้านหวั่น ลูกเตรียมเข้าค่ายเดียวกัน",14 กันยายน 2569,"{'name': 'อาชญากรรม', 'id': '66c3c4ce350823a8c40ffd4e', 'path': '/news/crime'}",False,/news/crime/557496,14 ก.ย. 69,"{'id': '6aa7a6a8c69bb6d9100b2ad2', 'sm': 'https://static.amarintv.com/media/Dpe4A5wywPtiKeBRWDB1DVce1MKQDRvk6i26ALx787WA9ojT8ft6cJwm3YBzrXAr7.jpg', 'md': 'https://static.amarintv.com/media/Dpe4A5wywPtiKeBRWDB1DVce1MKQDRvk6i26ALx787WA9ojT8ghcqnPO18HuaRecl.jpg', 'lg': 'https://static.amarintv.com/media/PJVlR0ljpO8FFR7RpCfpDylpZoOWRjWghyCzewuTprE4Gjf0dstrKeNblCSsVqMdel.jpg', 'caption': 'News Web_16-9 - 2026-09-14T144740.644.jpg'}",https://www.amarintv.com/news/crime/557496
"ทลายรังใหญ่! ลักลอบบรรจุ ""แก๊สหัวเราะ"" ขายส่งทั่วประเทศ 72 ล้านบาท",557479,"บช.น. สนธิกำลัง อย. เปิดปฏิบัติการทลายรังใหญ่ บุกค้นโกดังย่านประเวศ ลักลอบบรรจุ ""แก๊สหัวเราะ"" ขายส่งทั่วประเทศ มูลค่าพุ่ง 72 ล้านบาท",14 กันยายน 2569,"{'name': 'อาชญากรรม', 'id': '66c3c4ce350823a8c40ffd4e', 'path': '/news/crime'}",False,/news/crime/557479,14 ก.ย. 69,"{'id': '6aa78a7a2387b2fbb1094022', 'sm': 'https://static.amarintv.com/media/Dpe4A5wywPtiKdyxbQtz9sDwNUGBDDqgXpp2FoqNj7FecVCVHPgloBfmXgi32M3lL.jpg', 'md': 'https://static.amarintv.com/media/Dpe4A5wywPtiKdyxbQtz9sDwNUGBDDqgXpp2FoqNj7FecVCVHQUH2e8OWGoylHXVz.jpg', 'lg': 'https://static.amarintv.com/media/PJVlR0ljpO8FFRHuIlHQqx5lFA80UnNjruE3VV8UEb8pvA1pLxwnPeDNddhPkabHgZ.jpg', 'caption': 'ทลายรังใหญ่แก๊สหัวเราะ (3).jpg'}",https://www.amarintv.com/news/crime/557479
"""หมอธวัชชัย"" แฉโดนยกเลิกพยานคดีแตงโมยกชุด!",557467,"เกิดอะไรขึ้น? ""หมอธวัชชัย"" โพสต์เดือด โดนยกเลิกพยานคดีแตงโมยกชุด จ่อเปิดชื่อหลักฐานที่ถูกเมิน",14 กันยายน 2569,"{'name': 'อาชญากรรม', 'id': '66c3c4ce350823a8c40ffd4e', 'path': '/news/crime'}",False,/news/crime/557467,14 ก.ย. 69,"{'id': '6aa77d13b81e9a37e001eec2', 'sm': 'https://static.amarintv.com/media/Dpe4A5wywPtiKdyery9ZXP4TRQ3OP4Yevb40UohqkmHAJMUbMdEgwsOQfyOzCEmkN.jpg', 'md': 'https://static.amarintv.com/media/Dpe4A5wywPtiKdyery9ZXP4TRQ3OP4Yevb40UohqkmHAJMUbMd2DBLq2eYUtu9GU1.jpg', 'lg': 'https://static.amarintv.com/media/PJVlR0ljpO8FFRGew6hiwBqflTuC1q1JB5QsFRZF1LW4l84YTVsrLWbjLqgVlKQ1gp.jpg', 'caption': 'News Web_16-9 - 2026-09-14T115016.305.jpg'}",https://www.amarintv.com/news/crime/557467
ญาติคาใจ พลทหารดับสลดคาค่ายโคราช ตำรวจเร่งกู้มือถือไขปริศนา,557468,ญาติคาใจ พลทหารดับสลดคาค่ายโคราช หลังลากลับบ้านแล้วหายตัวลึกลับ ตำรวจเร่งกู้มือถือไขปริศนา และผลชันสูตรอย่างละเอียด,14 กันยายน 2569,"{'name': 'อาชญากรรม', 'id': '66c3c4ce350823a8c40ffd4e', 'path': '/news/crime'}",False,/news/crime/557468,14 ก.ย. 69,"{'id': '6aa77cbbeafd58dc3601d322', 'sm': 'https://static.amarintv.com/media/Dpe4A5wywPtiKdyeoHEb7EL8eFQ4KaOZlEcwwcRFE8QPhoyTL6HWGGqPtu83Z5Hat.jpg', 'md': 'https://static.amarintv.com/media/Dpe4A5wywPtiKdyeoHEb7EL8eFQ4KaOZlEcwwcRFE8QPhoyTL642UkI1sVEyIzlLX.jpg', 'lg': 'https://static.amarintv.com/media/PJVlR0ljpO8FFRGehnMXZ3TbuNvx5CTfrEa1aEug8gzGK8ftPJoXDbZH9REjrnCOWx.jpg', 'caption': 'เร่งกู้มือถือพลทหารดับปริศนา (3).jpg'}",https://www.amarintv.com/news/crime/557468
อดีตรปภ. วิ่งราวสร้อยคอทอง 5 บาทกลางห้างดัง สารภาพทำไปเพราะตกงาน,557456,ตกงานไร้เงิน! รวบทันควัน อดีตรปภ. ทำทีขอดูสร้อยทอง ก่อนสวมวิญญาณโจรวิ่งราวสร้อยคอทอง 5 บาทกลางห้างดัง สารภาพสิ้นความจนบีบคั้น,14 กันยายน 2569,"{'name': 'อาชญากรรม', 'id': '66c3c4ce350823a8c40ffd4e', 'path': '/news/crime'}",False,/news/crime/557456,14 ก.ย. 69,"{'id': '6aa7696fa25212474909ede2', 'sm': 'https://static.amarintv.com/media/Dpe4A5wywPtiKdyIjacY30yZewyqYU0aWXBz9U2uNmvaGWghtaRTitqC7Ap5Cb5Ax.jpg', 'md': 'https://static.amarintv.com/media/Dpe4A5wywPtiKdyIjacY30yZewyqYU0aWXBz9U2uNmvaGWghtbEzxNIo5kvzvWYvb.jpg', 'lg': 'https://static.amarintv.com/media/PJVlR0ljpO8FFRFBYRPQymEJRHjRCeEc0XFkpQOC0QDxwRAXRaLejoaRL92OYsc7RT.jpg', 'caption': 'ตกงานวิ่งราวทอง5บาท (3).jpg'}",https://www.amarintv.com/news/crime/557456
นักศึกษาปี 4 ปวดท้องคลอดลูกดับคาห้อง อุ้มร่างใส่กระเป๋าโผล่ป้อมตำรวจ,557449,นักศึกษาปี 4 ปวดท้องคลอดลูกดับคาห้อง อุ้มร่างลูกใส่กระเป๋าโผล่ป้อมตำรวจช่วยเหลือ ส่วนพ่อเด็กเป็นนักศึกษาปี 3,14 กันยายน 2569,"{'name': 'อาชญากรรม', 'id': '66c3c4ce350823a8c40ffd4e', 'path': '/news/crime'}",False,/news/crime/557449,14 ก.ย. 69,"{'id': '6aa74f48f25aef0cfe02ca62', 'sm': 'https://static.amarintv.com/media/Dpe4A5wywPtiKdxj9thFw1acAtX1ju4yu4bqkETDbEEnGLQ83ICx4NAGSw91G6OU9.jpg', 'md': 'https://static.amarintv.com/media/Dpe4A5wywPtiKdxj9thFw1acAtX1ju4yu4bqkETDbEEnGLQ83I0UIqcsRXFvz0sFn.jpg', 'lg': 'https://static.amarintv.com/media/PJVlR0ljpO8FFRCsm4An3ulNpBYhNnsljrETy5wqLuzHbgiHZe3j2TfFB5YiLPmuo1.jpg', 'caption': 'News Web_16-9 - 2026-09-14T083426.480.jpg'}",https://www.amarintv.com/news/crime/557449
รวบเฒ่าแดนมังกร หนีคดีฆ่าซุกไทย รวยอู้ฟู่ ยึดทรัพย์สินเกือบร้อยล้าน,557447,รวบเฒ่าแดนมังกรเจ้าเล่ห์ หนีคดีฆ่าซุกไทยนาน 3 ทศวรรษ สวมรอยบัตรประชาชน ทำธุรกิจทัวร์ครบวงจรในพัทยา 30 ปี รวยอู้ฟู่ ยึดทรัพย์สินเกือบร้อยล้าน,14 กันยายน 2569,"{'name': 'อาชญากรรม', 'id': '66c3c4ce350823a8c40ffd4e', 'path': '/news/crime'}",False,/news/crime/557447,14 ก.ย. 69,"{'id': '6aa7480bdc87da2c3304a522', 'sm': 'https://static.amarintv.com/media/Dpe4A5wywPtiKdxgkfz2BJh2Nb6ZrqXukkdskV4wZVuEATxsa021GrHAHod49atKd.jpg', 'md': 'https://static.amarintv.com/media/Dpe4A5wywPtiKdxgkfz2BJh2Nb6ZrqXukkdskV4wZVuEATxsa1qXVKjmGOjzsVM5H.jpg', 'lg': 'https://static.amarintv.com/media/PJVlR0ljpO8FFRCeivcLCvZ11hXMIXAEXEmsGGeb2pwMhTvRcuCfF1zjf6OqMPiDOt.jpg', 'caption': 'News Web_16-9 - 2026-09-14T080334.537.jpg'}",https://www.amarintv.com/news/crime/557447
"วงการสงฆ์สั่นสะเทือน! เพจดังเตือนจ่อบุกจับ ""พระดังสายมู"" เมืองอัมพวา",557444,"วงการสงฆ์สั่นสะเทือน! เพจดังเตือนจ่อบุกจับ ""พระดังสายมู"" เมืองอัมพวา เซียนพระผวาวัตถุมงคลราคาตก",14 กันยายน 2569,"{'name': 'อาชญากรรม', 'id': '66c3c4ce350823a8c40ffd4e', 'path': '/news/crime'}",False,/news/crime/557444,14 ก.ย. 69,"{'id': '6aa73edd52df19b589004252', 'sm': 'https://static.amarintv.com/media/Dpe4A5wywPtiKdxQ83y2slf1J1K2H6QgF3Vr0CAFkYjE9iT5GZZqKHMTmrnSeyKhH.jpg', 'md': 'https://static.amarintv.com/media/Dpe4A5wywPtiKdxQ83y2slf1J1K2H6QgF3Vr0CAFkYjE9iT5GaNMYko5lRtNNsoRv.jpg', 'lg': 'https://static.amarintv.com/media/PJVlR0ljpO8FFRBcHceF6K3heri3ewkMgUhnA0QXERa0mJsPwUmB39hgCJPZPyVCt3.jpg', 'caption': 'News Web_16-9 - 2026-09-14T072416.749.jpg'}",https://www.amarintv.com/news/crime/557444
ด่วน! โจรบุกเดี่ยว ควงปืนชิงทอง 52 บาท ร้านดังสามโคก,557441,ด่วน! โจรใจเย็นบุกเดี่ยวควงปืนกวาดทอง 52 บาท ร้านดังสามโคก มูลค่ากว่า 3.5 ล้าน หนีลอยนวล,13 กันยายน 2569,"{'name': 'อาชญากรรม', 'id': '66c3c4ce350823a8c40ffd4e', 'path': '/news/crime'}",False,/news/crime/557441,13 ก.ย. 69,"{'id': '6aa69845bc312a118b06bf02', 'sm': 'https://static.amarintv.com/media/Dpe4A5wywPtiKcixSkN8AV1s7pk5PhW5c2m8mVR8Lsxs7zCapj8eRX0qkQtS1c46h.jpg', 'md': 'https://static.amarintv.com/media/Dpe4A5wywPtiKcixSkN8AV1s7pk5PhW5c2m8mVR8Lsxs7zCapkwAf1TSi0zNkXYrL.jpg', 'lg': 'https://static.amarintv.com/media/PJVlR0ljpO8FFL5pitjpvcRzoXucYJwpRPi6ST4MgY9TpAuCHiNu0ASM0GKMvWkprP.jpg', 'caption': 'News Web_16-9 - 2026-09-13T193308.303.jpg'}",https://www.amarintv.com/news/crime/557441
ด่วน! ไฟไหม้ รพ.บ้านแพ้ว เร่งอพยพผู้ป่วยวุ่น,557434,ด่วน! ไฟไหม้ รพ.บ้านแพ้ว ต้นเพลิงชั้น 1 ห้องกายภาพ เร่งอพยพผู้ป่วยวุ่น,13 กันยายน 2569,"{'name': 'อาชญากรรม', 'id': '66c3c4ce350823a8c40ffd4e', 'path': '/news/crime'}",False,/news/crime/557434,13 ก.ย. 69,"{'id': '6aa6895daef18106250f0f42', 'sm': 'https://static.amarintv.com/media/Dpe4A5wywPtiKcieaFdDhvF7am4MLi6fthXJ3c4eXOMhFbFENakHAEwVJjptWgJkh.jpg', 'md': 'https://static.amarintv.com/media/Dpe4A5wywPtiKcieaFdDhvF7am4MLi6fthXJ3c4eXOMhFbFENbXnOiO7IJvoFanVL.jpg', 'lg': 'https://static.amarintv.com/media/PJVlR0ljpO8FFL4Zlsj8nYclX6oCTuRlCBxm1BXPZ4numby5ZTbGshiQV2XcLj7I1P.jpg', 'caption': 'News Web_16-9 - 2026-09-13T183026.723.jpg'}",https://www.amarintv.com/news/crime/557434
"อัปเดตอาการ ""น้องยูฟ่า"" หมอลุ้นนิ้วเชื่อมติดวันต่อวัน",557429,"อัปเดตอาการ ""น้องยูฟ่า"" หมอลุ้นนิ้วเชื่อมติดวันต่อวัน ด้านพ่อคาใจ รพ.-คู่กรณี ยังไร้เยียวยา",13 กันยายน 2569,"{'name': 'อาชญากรรม', 'id': '66c3c4ce350823a8c40ffd4e', 'path': '/news/crime'}",False,/news/crime/557429,13 ก.ย. 69,"{'id': '6aa679c49696d589ed0f1c32', 'sm': 'https://static.amarintv.com/media/Dpe4A5wywPtiKciLdxtM50BXDeSJN4C7MC2RxKm8eBn5811J12tmPulVSAMyK9nad.jpg', 'md': 'https://static.amarintv.com/media/Dpe4A5wywPtiKciLdxtM50BXDeSJN4C7MC2RxKm8eBn5811J13hIeOD7QkSs34HLH.jpg', 'lg': 'https://static.amarintv.com/media/PJVlR0ljpO8FFL3JZDUpYyxpMZE6FZaMZt2JdB25t8w3ZUXeuVqVvQO04p6CD9qVSt.jpg', 'caption': 'News Web_16-9 - 2026-09-13T172355.055.jpg'}",https://www.amarintv.com/news/crime/557429
"สะเทือนใจ! 2 แม่จับมือร้อง ""ปวีณา"" ลูกถูกทำร้ายดับในสถานฟื้นฟูฯ",557419,"สะเทือนใจ! 2 แม่จับมือร้อง ""ปวีณา"" ลูกถูกทำร้ายดับในสถานฟื้นฟูฯ ยอมรับสินไหมแค่ 4 หมื่น เห็นใจกันเอง จี้รัฐสอบ จนท. ละเว้นหน้าที่",13 กันยายน 2569,"{'name': 'อาชญากรรม', 'id': '66c3c4ce350823a8c40ffd4e', 'path': '/news/crime'}",False,/news/crime/557419,13 ก.ย. 69,"{'id': '6aa66ac4eaa1316f890384c2', 'sm': 'https://static.amarintv.com/media/Dpe4A5wywPtiKch5eS4vsxB7mOwrv2pky8CP57bEdPbaUP8kLT4Q3KCU57O0f73tj.jpg', 'md': 'https://static.amarintv.com/media/Dpe4A5wywPtiKch5eS4vsxB7mOwrv2pky8CP57bEdPbaUP8kLUrxHne64hUvO2XeN.jpg', 'lg': 'https://static.amarintv.com/media/PJVlR0ljpO8FFL2FXIGZC6cGJ3DGtrtuCb3TxTZwcvvOrn8JYl2Vh9QTbnqbskfqJf.jpg', 'caption': 'News Web_16-9 - 2026-09-13T161920.009.jpg'}",https://www.amarintv.com/news/crime/557419
แจ้งข้อหาประมาท! อส.ยิงสยบชายคลั่งยา พลาดโดนผู้ใหญ่บ้านดับ,557423,แจ้งข้อหาประมาท! อส.ยิงสยบชายคลั่งยา พลาดโดนผู้ใหญ่บ้านดับ เมียเปิดใจไม่ติดใจเอาความ เชื่อไร้เจตนา ขณะที่แม่ชายคลั่ง อายแทบแทรกแผ่นดินหนี,13 กันยายน 2569,"{'name': 'อาชญากรรม', 'id': '66c3c4ce350823a8c40ffd4e', 'path': '/news/crime'}",False,/news/crime/557423,13 ก.ย. 69,"{'id': '6aa6675fb5c8ab060009b1a2', 'sm': 'https://static.amarintv.com/media/Dpe4A5wywPtiKch2Wq6slRIAUlGNo9cxG1d2f0JyxB1amc2IgJXGSI7MxVTy2q3vv.jpg', 'md': 'https://static.amarintv.com/media/Dpe4A5wywPtiKch2Wq6slRIAUlGNo9cxG1d2f0JyxB1amc2IgKKmgmZyv5ZtllXgZ.jpg', 'lg': 'https://static.amarintv.com/media/PJVlR0ljpO8FFL12drUcJ4tDXDLqZPw2wUzXFdWhsbql4zNhKmXXxIxH0FG88aTzND.jpg', 'caption': 'ปกใหม่_16-9 - 2026-09-13T160507.527.jpg'}",https://www.amarintv.com/news/crime/557423
"""ณัฐวุฒิ"" บุก สตช. 14 ก.ย. ยื่นผบ.ตร. โอนคดี ""สมชัย-ยิ่งชีพ""ให้กองปราบ",557418,"บี้ทุกดอก! 14 ก.ย.นี้ ""ณัฐวุฒิ"" เตรียมบุก สตช. ยื่นหนังสือผบ.ตร. ขอให้โอนคดีอาญา ""สมชัย-ปริญญา-ยิ่งชีพ"" กับพวก ให้กองปราบปรามทำแทน",13 กันยายน 2569,"{'name': 'อาชญากรรม', 'id': '66c3c4ce350823a8c40ffd4e', 'path': '/news/crime'}",False,/news/crime/557418,13 ก.ย. 69,"{'id': '6aa65c302b87eb51f601efe2', 'sm': 'https://static.amarintv.com/media/Dpe4A5wywPtiKchmpgDq1JkhFeLe5P7L08aCNkvzZd655Qkfz2Xn6x4hTp9v1y7cp.jpg', 'md': 'https://static.amarintv.com/media/Dpe4A5wywPtiKchmpgDq1JkhFeLe5P7L08aCNkvzZd655Qkfz3LKLRXJSQFqktbNT.jpg', 'lg': 'https://static.amarintv.com/media/PJVlR0ljpO8FFL0zpaXO7dk0mondqZ2Y6tdfKHzeRNpVKcevcENmvB4GjkeMgzlEWR.jpg', 'caption': 'News Web_16-9 (26).jpg'}",https://www.amarintv.com/news/crime/557418
ครอบครัว น้องยูฟ่า จี้ สธ. สอบมาตรฐานหลังหลาน 1 ขวบถูกตัดนิ้วขาด,557406,แฉซ้ำ รพ. เดิมเคยมีเคสพลาด! ครอบครัว 'น้องยูฟ่า' ร้องสายไหมต้องรอด จี้ สธ. สอบมาตรฐาน รพ. ส่งตัวแทนมอบกระเช้าบวกเงิน 4 พัน,13 กันยายน 2569,"{'name': 'อาชญากรรม', 'id': '66c3c4ce350823a8c40ffd4e', 'path': '/news/crime'}",False,/news/crime/557406,13 ก.ย. 69,"{'id': '6aa6339eebba5c8dfa027f92', 'sm': 'https://static.amarintv.com/media/Dpe4A5wywPtiKcg7NE91rCIOoL3DilJ18zYGIItx3AgvYC9jWlELWpbEa7GqarjtD.jpg', 'md': 'https://static.amarintv.com/media/Dpe4A5wywPtiKcg7NE91rCIOoL3DilJ18zYGIItx3AgvYC9jWl1rlI3qZhMlJmDdr.jpg', 'lg': 'https://static.amarintv.com/media/PJVlR0ljpO8FFLyEeAnbrqyAd7FUq1au3KLfTmFH9ILRpSWOBKtQty4bTnIuE1HEBX.jpg', 'caption': 'News Web_16-9 - 2026-09-13T122400.429.jpg'}",https://www.amarintv.com/news/crime/557406
ตัวตึงหมู่บ้านคลั่งยา อส.ยิงปืนสยบ พลาดโดนผู้ใหญ่บ้านวัย 52 ดับ,557384,ตัวตึงหมู่บ้านคลั่งยา ตำรวจประสานฝ่ายปกครองเข้าระงับเหตุ อส.ยิงปืนสยบ พลาดโดนผู้ใหญ่บ้านวัย 52 ดับ แจ้งข้อหาเบื้องต้นประมาทเป็นเหตุให้ผู้อื่นเสียชีวิต,12 กันยายน 2569,"{'name': 'อาชญากรรม', 'id': '66c3c4ce350823a8c40ffd4e', 'path': '/news/crime'}",False,/news/crime/557384,12 ก.ย. 69,"{'id': '6aa54a7640b2b420d701bbe2', 'sm': 'https://static.amarintv.com/media/Dpe4A5wywPtiKbRDfvcw7KgrRJvzvA1peFoOMumELb2AkQ1MD4anIpeVwnkW6DrOl.jpg', 'md': 'https://static.amarintv.com/media/Dpe4A5wywPtiKbRDfvcw7KgrRJvzvA1peFoOMumELb2AkQ1MD5OJXI67vNqRo8K9P.jpg', 'lg': 'https://static.amarintv.com/media/PJVlR0ljpO8FFGmafJ82ITdAq0VfsHjlSPUGoodLRRFAZvlnyAp7aBH87KhTkUcERv.jpg', 'caption': 'ยิงพลาดโดนผู้ใหญ่บ้านดับ (3).jpg'}",https://www.amarintv.com/news/crime/557384
บุกช่วยเหยื่อสาว แก๊งคอลเซ็นเตอร์ลวง กุเรื่องหลอกพ่อแม่ สูญเงิน1.7ล้าน,557362,บุกช่วยนักศึกษา เหยื่อสาวถูกแก๊งคอลเซ็นเตอร์ลวงกุเรื่อง หลอกพ่อแม่ว่าได้ทุนเรียนต่ออเมริกา ก่อนบังคับโอนเงินกว่า 1.7 ล้านบาท,12 กันยายน 2569,"{'name': 'อาชญากรรม', 'id': '66c3c4ce350823a8c40ffd4e', 'path': '/news/crime'}",False,/news/crime/557362,12 ก.ย. 69,"{'id': '6aa4feaca261e3cdf2078442', 'sm': 'https://static.amarintv.com/media/Dpe4A5wywPtiKaQFas8HwALiNN9pfz0OgiW3UziYIxnNCbLb4XgLtKzOJSgelxsoV.jpg', 'md': 'https://static.amarintv.com/media/Dpe4A5wywPtiKaQFas8HwALiNN9pfz0OgiW3UziYIxnNCbLb4YTr7oR0H2mZUsMY9.jpg', 'lg': 'https://static.amarintv.com/media/PJVlR0ljpO8FFCaaaVqQGMvrQlwnZcDp8Z4geA19qU530EPROow4OugLatjTQqd4jr.jpg', 'caption': 'สูญเงิน 1.7 ล้าน (3).jpg'}",https://www.amarintv.com/news/crime/557362
"เปิดพฤติการณ์ 2 ดีเอสไอ เอี่ยวแก๊งโกงสอบ คอยหิ้วเงินสดส่ง ""จ่าพิชิต""",557361,"เปิดพฤติการณ์ 2 ดีเอสไออู้ฟู่ เอี่ยวแก๊งโกงสอบท้องถิ่น คอยรับหิ้วเงินสด ส่ง ""จ่าพิชิต"" อ้างค่าดำเนินการเพิ่ม เรียกสินบนผู้ซื้อสิทธิ์บวกอีกเท่าตัว",12 กันยายน 2569,"{'name': 'อาชญากรรม', 'id': '66c3c4ce350823a8c40ffd4e', 'path': '/news/crime'}",False,/news/crime/557361,12 ก.ย. 69,"{'id': '6aa4f921047fd3c3c20fcaf2', 'sm': 'https://static.amarintv.com/media/Dpe4A5wywPtiKaQCJ4QOI9P3o1GXIRzMvky14PAWyYUB3ePCrC03bYiOAfsFXQayp.jpg', 'md': 'https://static.amarintv.com/media/Dpe4A5wywPtiKaQCJ4QOI9P3o1GXIRzMvky14PAWyYUB3ePCrDoZp2Az9FyAGK4jT.jpg', 'lg': 'https://static.amarintv.com/media/PJVlR0ljpO8FFCaM44TAZG5nyrQTgNlasgCCkN7gMEarzG2HHlcYtVL80cBLEpCRMR.jpg', 'caption': '2ดีเอสไอคนส่งเงิน (3).jpg'}",https://www.amarintv.com/news/crime/557361
"เรือนจำจังหวัดสระบุรี รายงาน ""สมีโชติ-สีกาเอ๋"" มีความวิตกกังวลเล็กน้อย",557357,"เรือนจำจังหวัดสระบุรี รายงานผลตรวจร่างกายเบื้องต้น ""สมีโชติ-สีกาเอ๋"" ทั้งคู่ มีความวิตกกังวลเล็กน้อย แต่รับประทานอาหาร-นอนหลับได้ปกติ",12 กันยายน 2569,"{'name': 'อาชญากรรม', 'id': '66c3c4ce350823a8c40ffd4e', 'path': '/news/crime'}",False,/news/crime/557357,12 ก.ย. 69,"{'id': '6aa4e96afcc04963480b0222', 'sm': 'https://static.amarintv.com/media/Dpe4A5wywPtiKaPtM2PbtgYS18Svce3GJL6Hbk2LQiJIBvlZcLg02beHnXDUG38I1.jpg', 'md': 'https://static.amarintv.com/media/Dpe4A5wywPtiKaPtM2PbtgYS18Svce3GJL6Hbk2LQiJIBvlZcMUXG46tl7JOzyb3f.jpg', 'lg': 'https://static.amarintv.com/media/PJVlR0ljpO8FFCY6pJ9wf7uV409d7phfX7R8t6PsgU9rJSidGPRoJBTCg4Q15GR2jz.jpg', 'caption': 'News Web_16-9 - 2026-09-12T125327.782.jpg'}",https://www.amarintv.com/news/crime/557357
สน.วังทองหลาง นำทีม S.W.A.T. บุกตรวจ 17 ผับดัง ลาดพร้าว-ทาวน์อินทาวน์,557358,ผกก.สน.วังทองหลาง นำทีม S.W.A.T. บุกตรวจ 17 ผับดังย่านลาดพร้าว-ทาวน์อินทาวน์ เช็กเข้มใบอนุญาต ตรวจปัสสาวะนักเที่ยวไร้ฉี่ม่วง,12 กันยายน 2569,"{'name': 'อาชญากรรม', 'id': '66c3c4ce350823a8c40ffd4e', 'path': '/news/crime'}",False,/news/crime/557358,12 ก.ย. 69,"{'id': '6aa4e8ffe99e5ec1360af922', 'sm': 'https://static.amarintv.com/media/Dpe4A5wywPtiKaPtJJCPhHEPq7GmhacgEXCuegSPM6nWiF15yYSkF7NM0zWkmp9cp.jpg', 'md': 'https://static.amarintv.com/media/Dpe4A5wywPtiKaPtJJCPhHEPq7GmhacgEXCuegSPM6nWiF15yZGGUapyzZcfVkdNT.jpg', 'lg': 'https://static.amarintv.com/media/PJVlR0ljpO8FFCY6ZvTSItLixWDVIBPuaDJV8BVUxcGhGwOqr6As0yTMEdKaGSjUWR.jpg', 'caption': 'ตรวจ 17 ผับดัง (3).jpg'}",https://www.amarintv.com/news/crime/557358
พ่อลูกเปิดศึก ถกเรื่อง สมีโชติ-พระพยอม บานปลาย คว้ามีด-คราดซัดกันนัว,557356,พ่อลูกเปิดศึก ถกเรื่อง สมีโชติ-พระพยอม บานปลาย คว้ามีด-คราดซัดกันนัวเย็บ 13 เข็ม เจ็บสาหัสคู่ ต้นเหตุความเห็นไม่ตรงเรื่องวงการผ้าเหลือง,12 กันยายน 2569,"{'name': 'อาชญากรรม', 'id': '66c3c4ce350823a8c40ffd4e', 'path': '/news/crime'}",False,/news/crime/557356,12 ก.ย. 69,"{'id': '6aa4e4d04d1884e42103e802', 'sm': 'https://static.amarintv.com/media/Dpe4A5wywPtiKaPs0uL4do24kT1A9Acm0DTY56yo3bJnfMDd3XzBaOP1bOaOCwPQB.jpg', 'md': 'https://static.amarintv.com/media/Dpe4A5wywPtiKaPs0uL4do24kT1A9Acm0DTY56yo3bJnfMDd3YmhorsdZygIvqtAp.jpg', 'lg': 'https://static.amarintv.com/media/PJVlR0ljpO8FFCY5LwtLMcytn784D34MW5qG7Q1K04HxGxwXaiCpqgqJowna2EYiJH.jpg', 'caption': '“สมีโชติ” เป็นเหตุ (3).jpg'}",https://www.amarintv.com/news/crime/557356
"ผบก.ป. เผยคืบหน้าคดี ""สมีโชติ-สีกาเอ๋"" อยู่ระหว่างรวบรวมพยานหลักฐาน",557354,"ผบก.ป. เผยความคืบหน้าคดี ""สมีโชติ-สีกาเอ๋"" อยู่ระหว่างรวบรวมพยานหลักฐาน ตรวจสอบเส้นเงินรวมกว่า 215 ล้านบาท พร้อมคาดมีบุคคลที่สามเกี่ยวข้องอีก 1-2 คน",12 กันยายน 2569,"{'name': 'อาชญากรรม', 'id': '66c3c4ce350823a8c40ffd4e', 'path': '/news/crime'}",False,/news/crime/557354,12 ก.ย. 69,"{'id': '6aa4e020ac9b27487f096f72', 'sm': 'https://static.amarintv.com/media/Dpe4A5wywPtiKaPsheNwIJB5K3CACKqioXexKohgUK8So9VDonsN08OSzORpVZFTn.jpg', 'md': 'https://static.amarintv.com/media/Dpe4A5wywPtiKaPsheNwIJB5K3CACKqioXexKohgUK8So9VDoofuFbq4xyXkETjER.jpg', 'lg': 'https://static.amarintv.com/media/PJVlR0ljpO8FFCY34Qw2tnR6E7OQI8HtEtBJB9YZdTS9DPQ7FpolA6fst2EFk8vfEB.jpg', 'caption': 'News Web_16-9 - 2026-09-12T121217.434.jpg'}",https://www.amarintv.com/news/crime/557354
ให้ประกันตัว! 2 DSI คดีแอบอ้างช่วยโกงสอบท้องถิ่น วางเงินสดคนละ 2 แสน,557352,"ตำรวจ ปปป. ให้ประกันตัว 2 DSI คดีแอบอ้างช่วยโกงสอบท้องถิ่น วางเงินสดคนละ 200,000 บาท มีเงื่อนไขห้ามยุ่งเหยิงหลักฐาน-ข่มขู่พยาน",12 กันยายน 2569,"{'name': 'อาชญากรรม', 'id': '66c3c4ce350823a8c40ffd4e', 'path': '/news/crime'}",False,/news/crime/557352,12 ก.ย. 69,"{'id': '6aa4dbac4a297208ea049fe2', 'sm': 'https://static.amarintv.com/media/Dpe4A5wywPtiKaPdSt0ODQgECYfFczUTUVpGqBK8xXuP72hrV1bmVdYPpL9iqA5vX.jpg', 'md': 'https://static.amarintv.com/media/Dpe4A5wywPtiKaPdSt0ODQgECYfFczUTUVpGqBK8xXuP72hrV2PIj601nwFdY5ZgB.jpg', 'lg': 'https://static.amarintv.com/media/PJVlR0ljpO8FFCX29XRoBeMYp3KWjB51yBbtje1VB4C95PNJAIWCI3KxqalUEFCDl7.jpg', 'caption': 'News Web_16-9 - 2026-09-12T114622.996.jpg'}",https://www.amarintv.com/news/crime/557352
43 เหยื่อแห่แจ้งความ เพจดังตุ๋นการ์ดวันพีซ-โปเกมอน พรีออเดอร์ทิพย์,557349,ช็อกวงการนักสะสมการ์ด! เหยื่อ 43 รายแห่แจ้งความ เพจดังตุ๋นพรีออเดอร์การ์ดวันพีซ-โปเกมอนพรีออเดอร์ทิพย์ข้ามเดือน เสียหายพุ่ง 26 ล้านบาท,12 กันยายน 2569,"{'name': 'อาชญากรรม', 'id': '66c3c4ce350823a8c40ffd4e', 'path': '/news/crime'}",False,/news/crime/557349,12 ก.ย. 69,"{'id': '6aa4c8a6264b1e54a3051bb2', 'sm': 'https://static.amarintv.com/media/Dpe4A5wywPtiKaPHOz5sbHugnS9ELDvHDEFBjunf2mhe3ptAcvGqPnIcoKHjy2Sip.jpg', 'md': 'https://static.amarintv.com/media/Dpe4A5wywPtiKaPHOz5sbHugnS9ELDvHDEFBjunf2mhe3ptAcv4MeGlEmuNehwwTT.jpg', 'lg': 'https://static.amarintv.com/media/PJVlR0ljpO8FFCWZ3QaTeAAGuSYJPpghGo0ufmjJnhITj2Rz4mLkQvZlSK2awpYLIR.jpg', 'caption': 'ตุ๋นการ์ดวันพีซ-โปเกมอน (3).jpg'}",https://www.amarintv.com/news/crime/557349
‘สายฟ้า’ สารภาพชิงเงินล้าน ttb ตลาดไท อ้างหาเงินใช้หนี้นอกระบบ,557327,‘สายฟ้า’ คอตกยอมรับผิด! เผยบุกชิงเงินล้าน ttb ตลาดไท หาเงินใช้หนี้นอกระบบ สภาพหน้า-แขนพุพองเหตุไฟลวกตอนเผารถหนี,11 กันยายน 2569,"{'name': 'อาชญากรรม', 'id': '66c3c4ce350823a8c40ffd4e', 'path': '/news/crime'}",False,/news/crime/557327,11 ก.ย. 69,"{'id': '6aa3f88397c7fc13f804dfa2', 'sm': 'https://static.amarintv.com/media/Dpe4A5wywPtiKY9wB3Ih4wKf0Ge9R4de3F3xuvDPA8Q0mYGOgN8ciD2z48xOF7NV7.jpg', 'md': 'https://static.amarintv.com/media/Dpe4A5wywPtiKY9wB3Ih4wKf0Ge9R4de3F3xuvDPA8Q0mYGOgOv8whVb3i3Iy1rGl.jpg', 'lg': 'https://static.amarintv.com/media/PJVlR0ljpO8FE7NETxpSCa3ZdIz7D7LxheWZbERYAA1jQfft65Xnq11FXmGZFLqqol.jpg', 'caption': 'ปกใหม่_16-9 - 2026-09-11T194730.216.jpg'}",https://www.amarintv.com/news/crime/557327
ด่วน! รวบแล้วโจรชิงเงินล้านธนาคารตลาดไท หนีกบดานรีสอร์ต,557325,ด่วน! รวบแล้วโจรชิงเงินล้าน ธนาคาร ttb ตลาดไท หนีกบดานรีสอร์ต-เร่งคุมตัวสอบขยายผล,11 กันยายน 2569,"{'name': 'อาชญากรรม', 'id': '66c3c4ce350823a8c40ffd4e', 'path': '/news/crime'}",False,/news/crime/557325,11 ก.ย. 69,"{'id': '6aa3ee7d3a9f511fe3005252', 'sm': 'https://static.amarintv.com/media/Dpe4A5wywPtiKY9gZUZMFqzbYAyGBAlelxpzUBJPn9ILUS1yl9apWbIv4HfYnYXhz.jpg', 'md': 'https://static.amarintv.com/media/Dpe4A5wywPtiKY9gZUZMFqzbYAyGBAlelxpzUBJPn9ILUS1ymAOLk4lX2rlTWS1Sd.jpg', 'lg': 'https://static.amarintv.com/media/PJVlR0ljpO8FE7MBykQB5e0ZFJU00KeyYFGr4ouMlGZwvz4M8tUGk122yEEwlP0vpj.jpg', 'caption': 'ปกใหม่_16-9 - 2026-09-11T190451.460.jpg'}",https://www.amarintv.com/news/crime/557325
ด่วน! “สมีโชติ-สีกาเอ๋” คอตกนอนคุก ศาลอาญาคดีทุจริตฯภาค1 ไม่ให้ประกัน,557321,คอตกนอนคุก! “สมีโชติ-สีกาเอ๋” ศาลอาญาคดีทุจริตฯภาค 1 ไม่ให้ประกัน ชี้คดีอัตราโทษสูง หากปล่อยเกรงไปยุ่งเหยิงพยานหลักฐาน-คุมตัวส่งเรือนจำสระบุรี,11 กันยายน 2569,"{'name': 'อาชญากรรม', 'id': '66c3c4ce350823a8c40ffd4e', 'path': '/news/crime'}",False,/news/crime/557321,11 ก.ย. 69,"{'id': '6aa3e6d8ff49d20754090062', 'sm': 'https://static.amarintv.com/media/Dpe4A5wywPtiKY9c6YNP8mUeXMedcTVGublcgyr570cp486DRvq9qlwDTOyFhmy9v.jpg', 'md': 'https://static.amarintv.com/media/Dpe4A5wywPtiKY9c6YNP8mUeXMedcTVGublcgyr570cp486DRwef5FOpRy4AQhSuZ.jpg', 'lg': 'https://static.amarintv.com/media/PJVlR0ljpO8FE7LxfF8t8SQlZxjzm31J1v8pxfXZVGmZFRlrjOlggJxEpwN7vbeHBD.jpg', 'caption': 'ปกใหม่_16-9 - 2026-09-11T183219.218.jpg'}",https://www.amarintv.com/news/crime/557321
รวบ 34 วัยรุ่น ปาบึ้มย่านคลองเตย ศาลสั่งขังเยาวชน 15 วัน,557319,รวบยกแก๊ง 34 วัยรุ่นคลองเตย! รวมหัวปาบึ้ม คุมตัวส่งศาลเยาวชนฯ สั่งขัง 15 วัน ก่อนประกันตัว-เล็งฟันผู้ปกครองซ้ำ,11 กันยายน 2569,"{'name': 'อาชญากรรม', 'id': '66c3c4ce350823a8c40ffd4e', 'path': '/news/crime'}",False,/news/crime/557319,11 ก.ย. 69,"{'id': '6aa3e1cf91fd0c17390130d2', 'sm': 'https://static.amarintv.com/media/Dpe4A5wywPtiKY9cjaTxafGHkRABECmZ2yRLtQy9vC9TGiNYXKnXWbwwpkLr61GMl.jpg', 'md': 'https://static.amarintv.com/media/Dpe4A5wywPtiKY9cjaTxafGHkRABECmZ2yRLtQy9vC9TGiNYXLa3k5PYoKRmpvj7P.jpg', 'lg': 'https://static.amarintv.com/media/PJVlR0ljpO8FE7Lv8QpuFaZRTwMEYqym2Tk8a5cjAQVI3DRSnhkkQ4iF8CfeVmbKBv.jpg', 'caption': 'ปกใหม่_16-9 - 2026-09-11T181029.496.jpg'}",https://www.amarintv.com/news/crime/557319
แฉเส้นเงิน 55 ล้าน! แลกส่งเด็ก 701 คน สอบท้องถิ่น บช.ก. จับ 2 ดีเอสไอ,557314,แฉเส้นเงิน 55 ล้าน! แลกส่งเด็ก 701 คน สอบท้องถิ่น บช.ก. จับ 2 ดีเอสไอ ขยายผลฟันตัวการใหญ่,11 กันยายน 2569,"{'name': 'อาชญากรรม', 'id': '66c3c4ce350823a8c40ffd4e', 'path': '/news/crime'}",False,/news/crime/557314,11 ก.ย. 69,"{'id': '6aa3df3d7a22ad0e030c68d3', 'sm': 'https://static.amarintv.com/media/Dpe4A5wywPtiKY9Ngt3AacNTegomf7acW9PVsN587Ouo2QEOI82YiZCRCbhVHSVEx.jpg', 'md': 'https://static.amarintv.com/media/Dpe4A5wywPtiKY9Ngt3AacNTegomf7acW9PVsN587Ouo2QEOI9p4w2e3BBnP0Myzb.jpg', 'lg': 'https://static.amarintv.com/media/PJVlR0ljpO8FE7Kv1LdHvOe8eCztB7XPI43XolhZqk4owCVcY7ClMRMDWawyEs4jxT.jpg', 'caption': 'News Web_16-9 - 2026-09-11T180001.583.jpg'}",https://www.amarintv.com/news/crime/557314
ตำรวจลูกศิษย์สืบเอง! “สมีโชติ” เสพเมถุนสีกา ต้นเหตุยักยอกเงินวัด,557312,ตำรวจลูกศิษย์สืบเอง! แฉ “สมีโชติ-สีกาเอ๋” ส่งสายตาให้กันผิดปกติ ยันเสพเมถุนจริง เหตุยักยอกเงินวัดเลี้ยงดู-ปิดปาก,11 กันยายน 2569,"{'name': 'อาชญากรรม', 'id': '66c3c4ce350823a8c40ffd4e', 'path': '/news/crime'}",False,/news/crime/557312,11 ก.ย. 69,"{'id': '6aa3d7eb2c2714772c059392', 'sm': 'https://static.amarintv.com/media/Dpe4A5wywPtiKY9KD3a6s6wkqUBX43LNVF4zOwh0DjNddDORHsQTGvM4s70yb4as9.jpg', 'md': 'https://static.amarintv.com/media/Dpe4A5wywPtiKY9KD3a6s6wkqUBX43LNVF4zOwh0DjNddDORHtDzVOpgrh6tKy4dn.jpg', 'lg': 'https://static.amarintv.com/media/PJVlR0ljpO8FE7KhiE3Qdksncupsu30TFGanjCbs6tZnp7U6rsbUsIt9OANNL0L3u1.jpg', 'caption': 'ปกใหม่_16-9 - 2026-09-11T172808.056.jpg'}",https://www.amarintv.com/news/crime/557312
เกิดอะไรขึ้น! ผัวนอนหายใจรวยริน ข้างศพเมียดับปริศนาในบ้าน,557301,"เกิดอะไรขึ้น! เมียดับปริศนาคาบ้าน ส่วนผัวนอนหายใจรวยรินอยู่ข้างๆอาการสาหัส ประธานหมู่บ้านเอะใจรั้วเปิดทิ้ง 4 วัน ได้ยินเสียงร้อง ""ช่วยด้วยๆ""",11 กันยายน 2569,"{'name': 'อาชญากรรม', 'id': '66c3c4ce350823a8c40ffd4e', 'path': '/news/crime'}",False,/news/crime/557301,11 ก.ย. 69,"{'id': '6aa3cf33b7b89aa0650f6f22', 'sm': 'https://static.amarintv.com/media/Dpe4A5wywPtiKY84jnAYefICCq6myvOfrPpy1OoH4LoypX58jvras9CTS73Sjwfql.jpg', 'md': 'https://static.amarintv.com/media/Dpe4A5wywPtiKY84jnAYefICCq6myvOfrPpy1OoH4LoypX58jwe67ce5Rh9NSq9bP.jpg', 'lg': 'https://static.amarintv.com/media/PJVlR0ljpO8FE7JflHDnH6hKbHUERlB42ksp9ydqoAIhM2zYHinUJ70MsoXdkVeX3v.jpg', 'caption': 'News Web_16-9 - 2026-09-11T165115.401.jpg'}",https://www.amarintv.com/news/crime/557301
คุ้มมั้ย? หนุ่มเปิดบัญชีม้า ค่าจ้าง 400 บาท  แลก 4 หมายจับ,557295,CIB รวบหนุ่มเปิดบัญชีม้า ค่าจ้าง 400 บาท  แลก 4 หมายจับ แบกคดีความเสียหายเกือบล้าน,11 กันยายน 2569,"{'name': 'อาชญากรรม', 'id': '66c3c4ce350823a8c40ffd4e', 'path': '/news/crime'}",False,/news/crime/557295,11 ก.ย. 69,"{'id': '6aa3c1f18f017721b30c0c52', 'sm': 'https://static.amarintv.com/media/Dpe4A5wywPtiKY80pQFXRRejOnnBrvsiUE6JAFW2n6veLE1gJZ0huxo26q8ACPQnj.jpg', 'md': 'https://static.amarintv.com/media/Dpe4A5wywPtiKY80pQFXRRejOnnBrvsiUE6JAFW2n6veLE1gJaoD9RHe5RD4vJuYN.jpg', 'lg': 'https://static.amarintv.com/media/PJVlR0ljpO8FE7JPcWaMHWONebnJCtB7s4YFKWKdm6oEluE8uuY7Lc1d2qe3B2OPXf.jpg', 'caption': 'ปกใหม่_16-9 - 2026-09-11T155449.299.jpg'}",https://www.amarintv.com/news/crime/557295
บิ๊กเต่า ลุยรวบ 2 DSI พัวพันคดี ‘นายกเฮง’ ตบทรัพย์สอบท้องถิ่น,557292,บิ๊กเต่า ลุยรวบ 2 DSI พัวพันคดี ‘นายกเฮง’ เรียกรับเงินอ้างช่วยสอบบรรจุข้าราชการท้องถิ่น พบซื้อบ้านหรูย่านดอนเมืองมูลค่า 20 ล้านบาท,11 กันยายน 2569,"{'name': 'อาชญากรรม', 'id': '66c3c4ce350823a8c40ffd4e', 'path': '/news/crime'}",False,/news/crime/557292,11 ก.ย. 69,"{'id': '6aa3bd9ee45a8a6f620b9162', 'sm': 'https://static.amarintv.com/media/Dpe4A5wywPtiKY8ldcCAE38eUXgSPjQmfsc4mZz7VfhIgELYFIFfwNmEt1Zam4bMJ.jpg', 'md': 'https://static.amarintv.com/media/Dpe4A5wywPtiKY8ldcCAE38eUXgSPjQmfsc4mZz7VfhIgELYFI3CArEqsbfVVy46x.jpg', 'lg': 'https://static.amarintv.com/media/PJVlR0ljpO8FE7IOtluQUPHvOJHVWRmnA7lXwmqhCyMzKZRBbDEvBUB2jrmIzQN0KJ.jpg', 'caption': 'News Web_16-9 - 2026-09-11T153550.964.jpg'}",https://www.amarintv.com/news/crime/557292
ยึดทรัพย์ “สมีโชติ-สีกาเอ๋” 720 ล้าน ตั้งมูลนิธิบังหน้ายักยอกเงินบุญ,557285,บช.ก. แจงยึดทรัพย์ “สมีโชติ-สีกาเอ๋” กว่า 720 ล้าน ตั้งมูลนิธิบังหน้ายักยอกเงินทำบุญ ชี้ยึดโต๊ะกลมไม่เกี่ยวกับคดี แค่เอาของไม่ดีออกวัด,11 กันยายน 2569,"{'name': 'อาชญากรรม', 'id': '66c3c4ce350823a8c40ffd4e', 'path': '/news/crime'}",False,/news/crime/557285,11 ก.ย. 69,"{'id': '6aa3b50de6406d68b8090202', 'sm': 'https://static.amarintv.com/media/Dpe4A5wywPtiKY8h9h9lPrwLIdVmciJdcoTzCuMfslea2HMiiFBbnQg2CwrgvmdKd.jpg', 'md': 'https://static.amarintv.com/media/Dpe4A5wywPtiKY8h9h9lPrwLIdVmciJdcoTzCuMfslea2HMiiFy71t9eBWxbeg65H.jpg', 'lg': 'https://static.amarintv.com/media/PJVlR0ljpO8FE7IAWIWVy0u589LQx3BHoSd0vUvo8Kxo7bt0okZ74WEYJ0K2LOB9Ot.jpg', 'caption': 'ยึดทรัพย์ 720 ล้าน (3).jpg'}",https://www.amarintv.com/news/crime/557285
เจ้าหน้าที่คุมตัว สมีโชติ - สีกาเอ๋ ฝากขังศาลอาญาคดีทุจริต,557283,เจ้าหน้าที่คุมตัว สมีโชติ - สีกาเอ๋ ฝากขังศาลอาญาคดีทุจริต และประพฤติมิชอบกลาง ภาค 1 เจ้าตัวก้มหน้าไม่ตอบคำถาม,11 กันยายน 2569,"{'name': 'อาชญากรรม', 'id': '66c3c4ce350823a8c40ffd4e', 'path': '/news/crime'}",False,/news/crime/557283,11 ก.ย. 69,"{'id': '6aa3b04a2a8b0342150ddb32', 'sm': 'https://static.amarintv.com/media/Dpe4A5wywPtiKY8hmpbjVSbPDppzQH3ZE6rAbBHbi8ir8uHJmA3K5XxVEHGu1Iab7.jpg', 'md': 'https://static.amarintv.com/media/Dpe4A5wywPtiKY8hmpbjVSbPDppzQH3ZE6rAbBHbi8ir8uHJmBqrJ1P7CrMpkC4Ml.jpg', 'lg': 'https://static.amarintv.com/media/PJVlR0ljpO8FE7H8zpHz56IeLKErokkviaVjximtyaDTkyZhqzVy5KEX9UbCV98val.jpg', 'caption': 'News Web_16-9 - 2026-09-11T143942.498.jpg'}",https://www.amarintv.com/news/crime/557283
"อึ้ง! “สมีโชติ” ซุกเงินสด 138 ล้าน เงินฝาก 290 ล้าน ทองหนัก 1,066 บาท",557272,"อึ้ง! ค้นกุฏิ “สมีโชติ” ยักยอกเงินบุญ เจอเงินสด 138 ล้าน เงินฝาก 290 ล้าน ทองหนัก 1,066 บาท ส่วน “สีกาเอ๋” ไม่มีงานทำแต่อู้ฟู่ ที่ดิน-บ้าน-รถ 215 ล้าน",11 กันยายน 2569,"{'name': 'อาชญากรรม', 'id': '66c3c4ce350823a8c40ffd4e', 'path': '/news/crime'}",False,/news/crime/557272,11 ก.ย. 69,"{'id': '6aa393faabde0983ce068fb2', 'sm': 'https://static.amarintv.com/media/Dpe4A5wywPtiKYwAv5Yxha5hpJU5ho3NVz4DatzT3xVCQ40Mme3rpqpDQziiikNW1.jpg', 'md': 'https://static.amarintv.com/media/Dpe4A5wywPtiKYwAv5Yxha5hpJU5ho3NVz4DatzT3xVCQ40MmfrN4KHpPZodRerHf.jpg', 'lg': 'https://static.amarintv.com/media/PJVlR0ljpO8FE6SPL3AYiDLk94iZk8z9IKTcKZN4KXs1X0riGzQAIV8Kfz7zjYsuXz.jpg', 'caption': 'ซุกเงินสด-ทองคำอื้อ (3).jpg'}",https://www.amarintv.com/news/crime/557272
คนร้ายชุดขาวนุ่งโสร่ง วางระเบิด 15 กก. ดักบึ้มตำรวจ เจ็บ 4 นาย,557260,เร่งหาเบาะแส คนร้ายชุดขาวนุ่งโสร่ง วางระเบิด 15 กก. ดักบึ้มริมถนนสาย 42 ปัตตานี–นราธิวาส ตำรวจเจ็บ 4 นาย,11 กันยายน 2569,"{'name': 'อาชญากรรม', 'id': '66c3c4ce350823a8c40ffd4e', 'path': '/news/crime'}",False,/news/crime/557260,11 ก.ย. 69,"{'id': '6aa37d0f20c18569760611d2', 'sm': 'https://static.amarintv.com/media/Dpe4A5wywPtiKYvcdpQ5nTJoO0Qk7M7PCgDVvYQMDMueTwdMStTcB2VHLLOqumN5L.jpg', 'md': 'https://static.amarintv.com/media/Dpe4A5wywPtiKYvcdpQ5nTJoO0Qk7M7PCgDVvYQMDMueTwdMSuG8QVxtJvUldgrpz.jpg', 'lg': 'https://static.amarintv.com/media/PJVlR0ljpO8FE6P7keZ38TF0JRygkdemGYVz1qK1vOn7LqIixMwTh8L0ofdxZFBCGZ.jpg', 'caption': 'News Web_16-9 - 2026-09-11T110107.405.jpg'}",https://www.amarintv.com/news/crime/557260
นาทีชีวิต! กระบะขับย้อนศรเลนขวา ทำเสียหลักหักหลบตกข้างทางเจ็บ 4 ราย,557256,นาทีชีวิต! กระบะขับย้อนศรเลนขวา ทำครอบครัวพ่อแม่ลูกต้องหักหลบกะทันหัน เสียหลักตกข้างทางเจ็บ 4 ราย,11 กันยายน 2569,"{'name': 'อาชญากรรม', 'id': '66c3c4ce350823a8c40ffd4e', 'path': '/news/crime'}",False,/news/crime/557256,11 ก.ย. 69,"{'id': '6aa374fc19bf49a58d035d72', 'sm': 'https://static.amarintv.com/media/Dpe4A5wywPtiKYvY6SpUohi2fNRkYymFdcECUp5hHO2sQVDrNjbpUT87nTKfZpG93.jpg', 'md': 'https://static.amarintv.com/media/Dpe4A5wywPtiKYvY6SpUohi2fNRkYymFdcECUp5hHO2sQVDrNkPLixbjl3QaIjkuh.jpg', 'lg': 'https://static.amarintv.com/media/PJVlR0ljpO8FE6Ps8tEpRYkBC20mSc9Qll2pnXHit3b4vc7Qb4COcIUXOoOgki6biF.jpg', 'caption': 'News Web_16-9 - 2026-09-11T102639.541.jpg'}",https://www.amarintv.com/news/crime/557256
หนุ่มฮ่องกงพลัดตกโรงแรมดับคาที่ คาดเครียดโดนหมอนวดรีดเงินหมดตัว,557255,สลด! หนุ่มฮ่องกงพลัดตกโรงแรมดังเมืองนนท์ดับคาที่ หลังลงมาขอกระดาษ-ปากกาพนักงานก่อนขึ้นห้อง คาดเครียดโดนหมอนวดรีดเงินหมดตัว,11 กันยายน 2569,"{'name': 'อาชญากรรม', 'id': '66c3c4ce350823a8c40ffd4e', 'path': '/news/crime'}",False,/news/crime/557255,11 ก.ย. 69,"{'id': '6aa371bab6455032de0913b2', 'sm': 'https://static.amarintv.com/media/Dpe4A5wywPtiKYvYscaNnyFs2Gj3cUcMHEhBL5JoedsWhlalCeTMBSFLg6bPJ5c7b.jpg', 'md': 'https://static.amarintv.com/media/Dpe4A5wywPtiKYvYscaNnyFs2Gj3cUcMHEhBL5JoedsWhlalCfGsPvhxfghJ2z6sF.jpg', 'lg': 'https://static.amarintv.com/media/PJVlR0ljpO8FE6PsDjWQUWznRZKM88caBMsU5N91L0rLEuhy6IzPbieEmWXndkdHad.jpg', 'caption': 'หนุ่มฮ่องกงพลัดตกโรงแรม (3).jpg'}",https://www.amarintv.com/news/crime/557255
กลุ่มผู้รับเหมาก่อสร้างเกาะสมุยตั้งวงก๊ง ดวลปืนยิงดับคาโรงรถ,557252,กลุ่มผู้รับเหมาก่อสร้างเกาะสมุยตั้งวงก๊ง ดวลปืนยิงสนั่นคาโรงรถ ดับ 1 เจ็บ 1,11 กันยายน 2569,"{'name': 'อาชญากรรม', 'id': '66c3c4ce350823a8c40ffd4e', 'path': '/news/crime'}",False,/news/crime/557252,11 ก.ย. 69,"{'id': '6aa36cf4900a33dc82046c32', 'sm': 'https://static.amarintv.com/media/Dpe4A5wywPtiKYvJc5zBa42DF2omByYaZ6BhvHcrvZExuaisiAZ859dQ3m6xbt6QN.jpg', 'md': 'https://static.amarintv.com/media/Dpe4A5wywPtiKYvJc5zBa42DF2omByYaZ6BhvHcrvZExuaisiBNfKc522NCsKoaA1.jpg', 'lg': 'https://static.amarintv.com/media/PJVlR0ljpO8FE6OrFcup5IzKwRprBeE1FFkXYiygrthzZrpV6RZRZpngwB35DI2G6p.jpg', 'caption': 'News Web_16-9 - 2026-09-11T095134.879.jpg'}",https://www.amarintv.com/news/crime/557252
"กองปราบสอบเครียด ""ทิดโชติ-สีกาเอ๋"" ถึงเช้า หิ้วนอนห้องขังสภาพอิดโรย",557254,"กองปราบสอบเครียด ""ทิดโชติ-สีกาเอ๋"" ถึงเช้า หิ้วนอนห้องขังสภาพอิดโรย ด้าน ทิดโชติ ใส่ชุดขาวนั่งสมาธิโต้รุ่ง ไร้ที่นอน ยึดของกลางอึ้งกว่า 2,000 รายการ",11 กันยายน 2569,"{'name': 'อาชญากรรม', 'id': '66c3c4ce350823a8c40ffd4e', 'path': '/news/crime'}",False,/news/crime/557254,11 ก.ย. 69,"{'id': '6aa36cb027b679603f0ca3d2', 'sm': 'https://static.amarintv.com/media/Dpe4A5wywPtiKYvJc1WOnlZT0VIRhaT1y39SDO4j9gzUn5obgvOJ8AhkSdUdU1iSh.jpg', 'md': 'https://static.amarintv.com/media/Dpe4A5wywPtiKYvJc1WOnlZT0VIRhaT1y39SDO4j9gzUn5obgwBqMeAMRDaYDwCDL.jpg', 'lg': 'https://static.amarintv.com/media/PJVlR0ljpO8FE6OrFKTybgch6HQMaAqCOLLEhXjmmDh7O2C9pIqc8ADU2mLqAuTKhP.jpg', 'caption': 'สอบเครียดถึงเช้า (3).jpg'}",https://www.amarintv.com/news/crime/557254
บุญไม่อาจชำระบาป สืบนครบาลแท็กทีมตม.3 ปลอมตัวห่มขาว รวบอเมริกันหนีคดี,557250,บุญไม่อาจชำระบาป! สืบนครบาลแท็กทีม ตม.3 ปลอมตัวห่มขาว รวบอเมริกันหนีคดี 'อนาจารเด็ก' ซุกวัดดังเชียงใหม่,11 กันยายน 2569,"{'name': 'อาชญากรรม', 'id': '66c3c4ce350823a8c40ffd4e', 'path': '/news/crime'}",False,/news/crime/557250,11 ก.ย. 69,"{'id': '6aa367ff14df1625180b32e2', 'sm': 'https://static.amarintv.com/media/Dpe4A5wywPtiKYvGM7xlM6SFBi9OvdtvW39eYPrJunfWTSSC3Ar9RvxHn0p75aiWB.jpg', 'md': 'https://static.amarintv.com/media/Dpe4A5wywPtiKYvGM7xlM6SFBi9OvdtvW39eYPrJunfWTSSC3BffgPPtmav2oVCGp.jpg', 'lg': 'https://static.amarintv.com/media/PJVlR0ljpO8FE6Odng4xnaqoucc08Cw7kjL3eIyMQjHeHpgf5Alm1lJei2kaTszY5H.jpg', 'caption': 'News Web_16-9 - 2026-09-11T093045.067.jpg'}",https://www.amarintv.com/news/crime/557250
สลด! เพลิงไหม้บ้าน ลามร้านยาง 2 สามีภรรยาหนีเข้าห้องน้ำ ดับคากองเพลิง,557247,สลด! เพลิงไหม้บ้านลามร้านยาง 2 สามีภรรยาหนีเข้าห้องน้ำ ดับคากองเพลิง เสียหายกว่า 10 ล้าน,11 กันยายน 2569,"{'name': 'อาชญากรรม', 'id': '66c3c4ce350823a8c40ffd4e', 'path': '/news/crime'}",False,/news/crime/557247,11 ก.ย. 69,"{'id': '6aa35ddb1830523346041b62', 'sm': 'https://static.amarintv.com/media/Dpe4A5wywPtiKYu0kXtDoMEr3hdBJZ6C734n8gnwPqVu0bfyEjwBMg6l9AnpXfac1.jpg', 'md': 'https://static.amarintv.com/media/Dpe4A5wywPtiKYu0kXtDoMEr3hdBJZ6C734n8gnwPqVu0bfyEkjhbAZN7ktkGZ4Nf.jpg', 'lg': 'https://static.amarintv.com/media/PJVlR0ljpO8FE6NbIN8DD71bPULyu3FqPU13D4wPOu1zahlUuvYQv70p0Ps5to6zJz.jpg', 'caption': 'News Web_16-9 - 2026-09-11T084757.524.jpg'}",https://www.amarintv.com/news/crime/557247
ปะทะเทือกเขาตะเว วิสามัญ 2 สมาชิกตัวเป้งหมายจับอื้อ ยึดคลังแสงเพียบ,557246,กอ.รมน.ภาค 4 สน. เปิดไทม์ไลน์ ปะทะเดือดเทือกเขาตะเว วิสามัญ 2 สมาชิกตัวเป้งอ่วมหมายจับอื้อ ยึดคลังแสงอาวุธสงคราม M16-AK104 พร้อมระเบิด 2 ลูก,11 กันยายน 2569,"{'name': 'อาชญากรรม', 'id': '66c3c4ce350823a8c40ffd4e', 'path': '/news/crime'}",False,/news/crime/557246,11 ก.ย. 69,"{'id': '6aa355189ff50880fe09bbe2', 'sm': 'https://static.amarintv.com/media/Dpe4A5wywPtiKYuxFsyudJ1Gk41a1OVzDHNY0HEkKWuQpS6RGeDGLZzpiyllEse3z.jpg', 'md': 'https://static.amarintv.com/media/Dpe4A5wywPtiKYuxFsyudJ1Gk41a1OVzDHNY0HEkKWuQpS6RGe0mZ3SRhYrfxm8od.jpg', 'lg': 'https://static.amarintv.com/media/PJVlR0ljpO8FE6NMrnDh2YrROawm3xQGw1xUjLM5Ux5CyiMmmnuxVWeAmGCX8E5Ifj.jpg', 'caption': 'วิสามัญ2โจรใต้ตัวเป้ง (3).jpg'}",https://www.amarintv.com/news/crime/557246
"เปิดประวัติ ""สีกาเอ๋""ยาหยีคนสนิท สมีโชติ อดีตดาวมหาวิทยาลัยดัง",557245,"เปิดประวัติ ""สีกาเอ๋"" ยาหยีคนสนิท สมีโชติ อดีตดาวเด่นมหาวิทยาลัยดัง ทำธุรกิจขายของไหว้แก้บน สะเดาะเคราะห์",11 กันยายน 2569,"{'name': 'อาชญากรรม', 'id': '66c3c4ce350823a8c40ffd4e', 'path': '/news/crime'}",False,/news/crime/557245,11 ก.ย. 69,"{'id': '6aa352a03e89a21e180013b2', 'sm': 'https://static.amarintv.com/media/Dpe4A5wywPtiKYuw2yWGG7TGHSs0yc29217MzUDVsZRjNupFQzICGQ2ahiPOYx3wJ.jpg', 'md': 'https://static.amarintv.com/media/Dpe4A5wywPtiKYuw2yWGG7TGHSs0yc29217MzUDVsZRjNupFQz5iUuVCgIVJHsXgx.jpg', 'lg': 'https://static.amarintv.com/media/PJVlR0ljpO8FE6NL0T5POs21QJTMEXRFgiwc74xzpWYhawpnvUxKeHfYk2eCVBN0yJ.jpg', 'caption': 'News Web_16-9 - 2026-09-11T075956.840.jpg'}",https://www.amarintv.com/news/crime/557245
นายเอ คนสนิทสมีโชติ โผล่กลางดึก ปฏิเสธไม่รู้เรื่องเงินวัด-สีกา,557243,"โผล่กลางดึก! ""นายเอ"" ชายในวงจรปิด และเป็นคนสนิทสมีโชติ ปฏิเสธไม่รู้เรื่องเงินวัด-สีกา ตำรวจรวบตัวคากุฏิคุมตัวส่งกองปราบ",11 กันยายน 2569,"{'name': 'อาชญากรรม', 'id': '66c3c4ce350823a8c40ffd4e', 'path': '/news/crime'}",False,/news/crime/557243,11 ก.ย. 69,"{'id': '6aa3489b70ba84feb1042f62', 'sm': 'https://static.amarintv.com/media/Dpe4A5wywPtiKYueWhA5CwbpHFV0SE4Nv0jQS4ncoT6nTwzHgJplAT2riLBKh7xAB.jpg', 'md': 'https://static.amarintv.com/media/Dpe4A5wywPtiKYueWhA5CwbpHFV0SE4Nv0jQS4ncoT6nTwzHgKdHOxVTgvHFQ2Qup.jpg', 'lg': 'https://static.amarintv.com/media/PJVlR0ljpO8FE6L7XCTxheCNvQGL4oQI1jDlUF06SeWGVrlFCnlulh4gzcj8a0D2FH.jpg', 'caption': 'News Web_16-9 - 2026-09-11T071700.307.jpg'}",https://www.amarintv.com/news/crime/557243
"คุมตัว ""สมีโชติ"" สอบกองปราบฯ ยึดเงินสด-ทองคำทะลุ 100 ล้าน",557242,"คุมตัว ""สมีโชติ"" อดีตเจ้าอาวาสวัดพุทไธศวรรย์ สอบกองปราบฯ ยึดทรัพย์สมบัติแน่น 4 คันรถ เงินสด-ทองคำทะลุ 100 ล้าน ตำรวจเผยนับเงินจนเครื่องพังคามือ",11 กันยายน 2569,"{'name': 'อาชญากรรม', 'id': '66c3c4ce350823a8c40ffd4e', 'path': '/news/crime'}",False,/news/crime/557242,11 ก.ย. 69,"{'id': '6aa34405e1c41b52770990b2', 'sm': 'https://static.amarintv.com/media/Dpe4A5wywPtiKYueEAampJf0AEMZygqcGnvLEeVc6DirM1i4AA48pDUfOtdArwHvP.jpg', 'md': 'https://static.amarintv.com/media/Dpe4A5wywPtiKYueEAampJf0AEMZygqcGnvLEeVc6DirM1i4ABse3gxHNTi5aqlf3.jpg', 'lg': 'https://static.amarintv.com/media/PJVlR0ljpO8FE6L6Ihv5n5RcsRVQkm7SDaKxshSndsrQZHKHN5dQRtjT9Ky5xV3lE5.jpg', 'caption': 'ยึดเงินสด-ทองคำ100ล้าน (3).jpg'}",https://www.amarintv.com/news/crime/557242
ศึกรับน้องโหด! ศูนย์ฝึกเด็กอยุธยา ยกพวกตีกันเจ็บ 7 ราย,557240,ชุลมุน! กลุ่มเด็กเก่า เปิดศึกรับน้องใหม่ ยกพวกตะลุมบอน ภายใน ศูนย์ฝึกและอบรมเด็ก และเยาวชน บาดเจ็บ 7 ราย,10 กันยายน 2569,"{'name': 'อาชญากรรม', 'id': '66c3c4ce350823a8c40ffd4e', 'path': '/news/crime'}",False,/news/crime/557240,10 ก.ย. 69,"{'id': '6aa2c7fa4716b40262090572', 'sm': 'https://static.amarintv.com/media/Dpe4A5wywPtiKXslDQpUnE5PpthnLX4jqpZLFJItHjbtRV6YnjzzX9nrEs1xLepYp.jpg', 'md': 'https://static.amarintv.com/media/Dpe4A5wywPtiKXslDQpUnE5PpthnLX4jqpZLFJItHjbtRV6YnknVmdGTDS7r4ZJJT.jpg', 'lg': 'https://static.amarintv.com/media/PJVlR0ljpO8FE16I9eypLWUYsUC1xAtlWK77vPuCTQWe7olHtRn99SUi10VP8Dyd0R.jpg', 'caption': 'ปกใหม่_16-9 - 2026-09-10T220807.020.jpg'}",https://www.amarintv.com/news/crime/557240
ป่วนปัตตานี! คนร้ายลอบวาง จยย.บอมบ์ โชคดีไม่มีผู้ได้รับบาดเจ็บ,557239,ป่วนปัตตานี! คนร้ายลอบวาง จยย.บอมบ์ ขณะเจ้าหน้าที่ขับผ่านมา รถกระบะถูกสะเก็ดเสียหาย โชคดีไม่มีผู้ได้รับบาดเจ็บ,10 กันยายน 2569,"{'name': 'อาชญากรรม', 'id': '66c3c4ce350823a8c40ffd4e', 'path': '/news/crime'}",False,/news/crime/557239,10 ก.ย. 69,"{'id': '6aa2c5844fe1d4ffd50d8102', 'sm': 'https://static.amarintv.com/media/Dpe4A5wywPtiKXsk3QIqkGHcIbAeSO0eLtY2hesm71x6AX9lksVa5zB7EXUe9I9dz.jpg', 'md': 'https://static.amarintv.com/media/Dpe4A5wywPtiKXsk3QIqkGHcIbAeSO0eLtY2hesm71x6AX9lktI7KSejC7aZsDdOd.jpg', 'lg': 'https://static.amarintv.com/media/PJVlR0ljpO8FE16IUKn1zDQwKzgBFTSsobctMS0Q3MKLflEXNcwfA8gs4ZZwzETZJj.jpg', 'caption': 'News Web_16-9 - 2026-09-10T215215.734.jpg'}",https://www.amarintv.com/news/crime/557239
"ปล่อยตัว ""เชษฐา"" ไวยาวัจกร หลังเค้นสอบ 4 ชม. ปิดปากเงียบ",557238,"ตร.กองปราบ ปล่อยตัว ""เชษฐา"" ไวยาวัจกร วัดพุทไธศวรรย์ เผยเรียกสอบฐานะพยาน ส่วนรายละเอียดรอแถลงพรุ่งนี้",10 กันยายน 2569,"{'name': 'อาชญากรรม', 'id': '66c3c4ce350823a8c40ffd4e', 'path': '/news/crime'}",False,/news/crime/557238,10 ก.ย. 69,"{'id': '6aa2c271ac9a43b64303e6f2', 'sm': 'https://static.amarintv.com/media/Dpe4A5wywPtiKXskpdOExL1TEaHv9yjWw7MfbvrU71Y4fPuc9KzEQgyuEfXErXc3D.jpg', 'md': 'https://static.amarintv.com/media/Dpe4A5wywPtiKXskpdOExL1TEaHv9yjWw7MfbvrU71Y4fPuc9LmkfARWDFc9aR6nr.jpg', 'lg': 'https://static.amarintv.com/media/PJVlR0ljpO8FE16HZOqHxG8GuP2GLOyCGIbn0o66jKe1TDB1qcW1adULO6maRsEzTX.jpg', 'caption': 'ปกใหม่_16-9 - 2026-09-10T214448.773.jpg'}",https://www.amarintv.com/news/crime/557238
ช็อก! ชายอารมณ์เปลี่ยว จับปลาคราฟในบ่อ สำเร็จความใคร่,557235,อึ้ง! ชายอารมณ์เปลี่ยว โดดจับปลาคราฟในบ่อ สำเร็จความใคร่ บอกหน้าตาเฉยที่ไม่เลือกปลาซัคเกอร์ เพราะมีหนาม รับเคยทำกับสุนัข-ตุ๊กตามาแล้ว เหตุไม่มีแฟน,10 กันยายน 2569,"{'name': 'อาชญากรรม', 'id': '66c3c4ce350823a8c40ffd4e', 'path': '/news/crime'}",False,/news/crime/557235,10 ก.ย. 69,"{'id': '6aa2b89b5653d5f8650aa0a2', 'sm': 'https://static.amarintv.com/media/Dpe4A5wywPtiKXsSJ6jcXiN80scG3ufuT4UlbMTNJJKH3P3j9bEIy253xyeWoTkRn.jpg', 'md': 'https://static.amarintv.com/media/Dpe4A5wywPtiKXsSJ6jcXiN80scG3ufuT4UlbMTNJJKH3P3j9b1pDWYfwYkRXOECR.jpg', 'lg': 'https://static.amarintv.com/media/PJVlR0ljpO8FE1429D0ZLPTtPpiEeMDFQMlEkSzURvzykJnelhbGOUntaBigZEDWyB.jpg', 'caption': 'ปกใหม่_16-9 - 2026-09-10T210245.688.jpg'}",https://www.amarintv.com/news/crime/557235
ชาวบ้านสุดเอือม! แจ้งจับ “ด.ต.” นอกรีต ลอบขาย-เสพยาบ้า,557234,ชาวบ้านเอือม! แจ้งจับ “ด.ต.” นอกรีต ทั้งเสพ-ทั้งขายยาบ้าให้เอเย่นต์ชายแดน พร้อมของกลาง 17 เม็ด อึ้งราคาถูกเฉลี่ยเม็ดละ 27 บาท,10 กันยายน 2569,"{'name': 'อาชญากรรม', 'id': '66c3c4ce350823a8c40ffd4e', 'path': '/news/crime'}",False,/news/crime/557234,10 ก.ย. 69,"{'id': '6aa2ad8c29c21050ea02c422', 'sm': 'https://static.amarintv.com/media/Dpe4A5wywPtiKXsCcxCND6Py7w3M5jTSLlRrJcEQELSpgqg8SLpeFyZ8N0oSKn5vP.jpg', 'md': 'https://static.amarintv.com/media/Dpe4A5wywPtiKXsCcxCND6Py7w3M5jTSLlRrJcEQELSpgqg8SMdAUR2kMauM3iZf3.jpg', 'lg': 'https://static.amarintv.com/media/PJVlR0ljpO8FE130K2dH6QhUa117XrxpF37ELB3kVQpFc7mI671SEN93pgdf4iEDE5.jpg', 'caption': 'ปกใหม่_16-9 - 2026-09-10T201522.021.jpg'}",https://www.amarintv.com/news/crime/557234
ตร.ไซเบอร์ รวบเด็กวัดดังนนท์ ปลอม TikTok ล่อลวงเด็กอนาจารกว่า 50 ราย,557231,ตร.ไซเบอร์ บุกรวบเด็กวัดดังบางกรวย ปลอมโปรไฟล์ TikTok ล่อลวงเด็กหญิง 7 ขวบ ทำอนาจารแลกเหรียญ Roblox พบประวัติชั่วก่อเหตุมาแล้วกว่า 50 ราย,10 กันยายน 2569,"{'name': 'อาชญากรรม', 'id': '66c3c4ce350823a8c40ffd4e', 'path': '/news/crime'}",False,/news/crime/557231,10 ก.ย. 69,"{'id': '6aa2a2cfffa4aced760face2', 'sm': 'https://static.amarintv.com/media/Dpe4A5wywPtiKXr8wDCJih4sVTNjvCGY1FThOwEZuS9nPXQqOsTdCRB9GrpuCtYmx.jpg', 'md': 'https://static.amarintv.com/media/Dpe4A5wywPtiKXr8wDCJih4sVTNjvCGY1FThOwEZuS9nPXQqOtG9QuelFRvovn2Xb.jpg', 'lg': 'https://static.amarintv.com/media/PJVlR0ljpO8FE13k6Yg3coCLF9WDoMqanL6pPAeOTMaeDeE2YmoXrmI1UBZe92nOLT.jpg', 'caption': 'ปกใหม่_16-9 - 2026-09-10T192943.846.jpg'}",https://www.amarintv.com/news/crime/557231
ด่วน! โจรบุกเดี่ยวปล้น TTB สาขาตลาดไท กวาด 1.5 ล้าน เผารถทำลายหลักฐาน,557223,ด่วน! โจรบุกเดี่ยวปล้น TTB สาขาตลาดไท กวาด 1.5 ล้าน เผารถสวมทะเบียนปลอมทำลายหลักฐาน,10 กันยายน 2569,"{'name': 'อาชญากรรม', 'id': '66c3c4ce350823a8c40ffd4e', 'path': '/news/crime'}",False,/news/crime/557223,10 ก.ย. 69,"{'id': '6aa28cd1462a677ad20cd742', 'sm': 'https://static.amarintv.com/media/Dpe4A5wywPtiKXffTjsdomJ2CqB97h0WQNKGPerjrQYLF69rVebMkP7nKPVeD6Ig9.jpg', 'md': 'https://static.amarintv.com/media/Dpe4A5wywPtiKXffTjsdomJ2CqB97h0WQNKGPerjrQYLF69rVfOsytaPIzbYw0mRn.jpg', 'lg': 'https://static.amarintv.com/media/PJVlR0ljpO8FE1EFSzdobrivJDiPz1uL46Vrx8v5Ynpzyjku8lWTv5s2sob1A1OwM1.jpg', 'caption': 'News Web_16-9 - 2026-09-10T175604.645.jpg'}",https://www.amarintv.com/news/crime/557223
"ฝากขังแล้ว  ""หมวดโอ๋"" รัวยิงภรรยาดับ แจ้ง 3 ข้อหาหนัก",557219,"ฝากขังแล้ว  ""หมวดโอ๋"" รัวยิงภรรยาดับ เจอแจ้ง 3 ข้อหาหนัก ด้าน ผกก.บางละมุง ยันประวัติทำงานดี ไม่เคยมีปัญหา",10 กันยายน 2569,"{'name': 'อาชญากรรม', 'id': '66c3c4ce350823a8c40ffd4e', 'path': '/news/crime'}",False,/news/crime/557219,10 ก.ย. 69,"{'id': '6aa289d7bb351b46fa050322', 'sm': 'https://static.amarintv.com/media/Dpe4A5wywPtiKXfcMwrNS7mrFE01ZnHzUZl31KCCcUF2OJnj6uJbfbwLw8rPdqzmd.jpg', 'md': 'https://static.amarintv.com/media/Dpe4A5wywPtiKXfcMwrNS7mrFE01ZnHzUZl31KCCcUF2OJnj6u67t5OxvixKMlTXH.jpg', 'lg': 'https://static.amarintv.com/media/PJVlR0ljpO8FE1D2cxEa6SLv28CQhziT6RuenfaaI68P4bxaaaO9YEfnqjrsxMCq0t.jpg', 'caption': 'News Web_16-9 - 2026-09-10T174204.127.jpg'}",https://www.amarintv.com/news/crime/557219
ช็อกค้นบ้านสีกาคนสนิท “ทิดโชติ” เจอเงินสด-ทองคำแท่งเพียบหลายล้านบาท,557220,ช็อกค้นบ้านสีกา หญิงคนสนิท “ทิดโชติ” อดีตเจ้าอาวาสวัดพุทไธศวรรย์ ยักยอกเงินวัดอื้อ 92 ล้าน เจอเงินสด-ทองคำแท่งเพียบหลายล้านบาท,10 กันยายน 2569,"{'name': 'อาชญากรรม', 'id': '66c3c4ce350823a8c40ffd4e', 'path': '/news/crime'}",False,/news/crime/557220,10 ก.ย. 69,"{'id': '6aa2876ef31cc84233065e62', 'sm': 'https://static.amarintv.com/media/Dpe4A5wywPtiKXfcCwjEiN069InwUWLG0yVmZFffDIgiRgYeokXudUXKV7x9IU5rv.jpg', 'md': 'https://static.amarintv.com/media/Dpe4A5wywPtiKXfcCwjEiN069InwUWLG0yVmZFffDIgiRgYeolLQrxzwUh331PZcZ.jpg', 'lg': 'https://static.amarintv.com/media/PJVlR0ljpO8FE1D1xegyxTMnibqPiDj2SD3QjkuEM7MZiVvIjb4DrT6TvCBhTBlyrD.jpg', 'caption': 'เงินสด-ทองแท่งเพียบ (3).jpg'}",https://www.amarintv.com/news/crime/557220
"""สีกาเอ๋"" คนสนิททิดโชติ โดนอายัดตัวเพิ่ม คดีผลิตปุ๋ยปลอมปี 63",557214,"เคราะห์ซ้ำ! ""สีกาเอ๋"" คนสนิททิดโชติ โดนอายัดตัวเพิ่ม คดีเก่าผลิตปุ๋ยปลอมปี 63",10 กันยายน 2569,"{'name': 'อาชญากรรม', 'id': '66c3c4ce350823a8c40ffd4e', 'path': '/news/crime'}",False,/news/crime/557214,10 ก.ย. 69,"{'id': '6aa27a407258cb6be20b5652', 'sm': 'https://static.amarintv.com/media/Dpe4A5wywPtiKXfMMaeWspM4ACXE1qCMyoSyUgPv4ZWgqAapiABeIoQbjKOpW9Y2x.jpg', 'md': 'https://static.amarintv.com/media/Dpe4A5wywPtiKXfMMaeWspM4ACXE1qCMyoSyUgPv4ZWgqAapiAzAXHtDhuUkF32nb.jpg', 'lg': 'https://static.amarintv.com/media/PJVlR0ljpO8FE1CyXTXXyaJROJxSFnjG5IZpytLHy4tA5bwHiPwIP6EizhVrrgsSPT.jpg', 'caption': 'News Web_16-9 - 2026-09-10T163631.772.jpg'}",https://www.amarintv.com/news/crime/557214
"ค้นกุฏิ ""อดีตหลวงพ่อโชติ"" ยึด ""โต๊ะกลม"" ไปตรวจพยานหลักฐาน",557210,"ตร.กองปราบขนเครื่องนับเงิน ลุยค้นกุฏิ ""อดีตหลวงพ่อโชติ"" ยึด ""โต๊ะกลม"" ของกลาง พร้อมคุมตัวไวยาวัจกรสอบคดียักยอกเงินวัด 92 ล้าน และเสพเมถุน",10 กันยายน 2569,"{'name': 'อาชญากรรม', 'id': '66c3c4ce350823a8c40ffd4e', 'path': '/news/crime'}",False,/news/crime/557210,10 ก.ย. 69,"{'id': '6aa26ff74819bcd04c04dbd2', 'sm': 'https://static.amarintv.com/media/Dpe4A5wywPtiKXe3nKZ6SpKIfQVkuon47ljdzMdW1fZbgte5tmwcGu7x8LSzlR2Rf.jpg', 'md': 'https://static.amarintv.com/media/Dpe4A5wywPtiKXe3nKZ6SpKIfQVkuon47ljdzMdW1fZbgte5tnj8VOaZ6vYuUMWCJ.jpg', 'lg': 'https://static.amarintv.com/media/PJVlR0ljpO8FE1BjrtBGtD71HFfJunyzMHIfJZfQY5rDpJ1sYPyD2HtlUzu36i9qQ9.jpg', 'caption': 'ปกใหม่_16-9 - 2026-09-10T155242.815.jpg'}",https://www.amarintv.com/news/crime/557210
แม่ใจสลายร้อง “สายไหมต้องรอด” คาใจปมลูกชายวัย 15 ดับปริศนา,557197,แม่ใจสลายร้อง “สายไหมต้องรอด” คาใจปมลูกชายวัย 15 ดับปริศนาคาบ้านพักปราจีนบุรี ชี้พิรุธเพียบทั้งลายมือจดหมายลา แถมไร้รอยนิ้วมือบนปืน,10 กันยายน 2569,"{'name': 'อาชญากรรม', 'id': '66c3c4ce350823a8c40ffd4e', 'path': '/news/crime'}",False,/news/crime/557197,10 ก.ย. 69,"{'id': '6aa25fee61f0f198400e9702', 'sm': 'https://static.amarintv.com/media/Dpe4A5wywPtiKXekqCz6Ik8Et5KriWUPxXkUb6gg1cEYv0TVGWYPoQW4uIaOQzWUl.jpg', 'md': 'https://static.amarintv.com/media/Dpe4A5wywPtiKXekqCz6Ik8Et5KriWUPxXkUb6gg1cEYv0TVGXLv2tzgssgI9t0FP.jpg', 'lg': 'https://static.amarintv.com/media/PJVlR0ljpO8FE1ATblscDeoDjmELz2LnN3YAbXoTqr4KRh91IIIIadZRSz1byFPvDv.jpg', 'caption': 'ลูกชายวัย15ดับปริศนา (3).jpg'}",https://www.amarintv.com/news/crime/557197
ตม.ปิดเกมต่างชาติหื่นกาม ตระเวนทำทีขอลองทาบชุด ลวนลาม พนง. ห้างดัง,557171,ปิดเกมต่างชาติหื่น! แกล้งทาบเสื้อผ้าลวนลาม พนง.ห้างดัง ย่านลาดพร้าว-จตุจักร โดนถอนวีซ่า-เนรเทศ,10 กันยายน 2569,"{'name': 'อาชญากรรม', 'id': '66c3c4ce350823a8c40ffd4e', 'path': '/news/crime'}",False,/news/crime/557171,10 ก.ย. 69,"{'id': '6aa235b4cdc969e6ce035632', 'sm': 'https://static.amarintv.com/media/Dpe4A5wywPtiKXd5I0tU8Iv1gnWAFzlOWUxJt02LJbdmwOGREkER93KvXcjEEtB7X.jpg', 'md': 'https://static.amarintv.com/media/Dpe4A5wywPtiKXd5I0tU8Iv1gnWAFzlOWUxJt02LJbdmwOGREk1yOWnXWCo8xnfsB.jpg', 'lg': 'https://static.amarintv.com/media/PJVlR0ljpO8FE07h6htMkUNnAue0YFDtSN08NUTsC9cUHIN4ewlsHvnGnNB5sHHnJ7.jpg', 'caption': 'News Web_16-9 - 2026-09-10T114418.960.jpg'}",https://www.amarintv.com/news/crime/557171
ปัตตานีปิดล้อมปอเนาะ รวบสมาชิกกลุ่มติดอาวุธ มอบตัวสารภาพกลัวตาย,557172,"ปัตตานีปิดล้อมปอเนาะ รวบสมาชิกกลุ่มติดอาวุธระดับ ""เปอร์วีร่า"" ยอมมอบตัวสารภาพกลัวตาย หลังซุกหอพักนาน 10 วัน ยึดปืนกระสุนปืนเพียบ",10 กันยายน 2569,"{'name': 'อาชญากรรม', 'id': '66c3c4ce350823a8c40ffd4e', 'path': '/news/crime'}",False,/news/crime/557172,10 ก.ย. 69,"{'id': '6aa2362e5e2a3d811a0182c2', 'sm': 'https://static.amarintv.com/media/Dpe4A5wywPtiKXd5MkLBf0N6mAemJmScV0VDIGxqUEry7CwD1Gz9FeMnIr9NTRyYd.jpg', 'md': 'https://static.amarintv.com/media/Dpe4A5wywPtiKXd5MkLBf0N6mAemJmScV0VDIGxqUEry7CwD1HnfT7pPHSFICMSJH.jpg', 'lg': 'https://static.amarintv.com/media/PJVlR0ljpO8FE07iL7XgPdnkA6CZhsINEMG45eFIu3a6Xxcb5J4oC2gymSr30OtnCt.jpg', 'caption': 'มอบตัวกลัวตาย (3).jpg'}",https://www.amarintv.com/news/crime/557172
สลดบนรถทัวร์! สาวใหญ่กลับไม่ถึงบ้าน เสียชีวิตปริศนาสายระยอง–เชียงราย,557165,สลดบนรถทัวร์ สาววัย 47 กลับไม่ถึงบ้าน เสียชีวิตระหว่างเดินทางระยอง–เชียงราย พนักงานปลุกให้ลง แต่ไม่ตอบสนอง ญาติร่ำไห้รอรับกลับบ้าน,10 กันยายน 2569,"{'name': 'อาชญากรรม', 'id': '66c3c4ce350823a8c40ffd4e', 'path': '/news/crime'}",False,/news/crime/557165,10 ก.ย. 69,"{'id': '6aa226ebbb57bfac9f0a3f92', 'sm': 'https://static.amarintv.com/media/Dpe4A5wywPtiKXdmQYMAlJr7vZxmV1EXMNp8mbcFAMpofpWZuXJSn1fLmKorFVcwl.jpg', 'md': 'https://static.amarintv.com/media/Dpe4A5wywPtiKXdmQYMAlJr7vZxmV1EXMNp8mbcFAMpofpWZuX6y2U7xkuulyP6hP.jpg', 'lg': 'https://static.amarintv.com/media/PJVlR0ljpO8FE06R9p3kdaFgvwg2WPIDwcdUStV6o0T9QuwiTVQYwyta77FKwpyYpv.jpg', 'caption': 'News Web_16-9 - 2026-09-10T104113.692.jpg'}",https://www.amarintv.com/news/crime/557165
โรงเรียนอนุบาลหนองปลาไหลสั่งปิด 11–12 ก.ย. หลังเหตุยิง “ครูเปิ้ล”,557159,"ค้นบ้านยึดปืน ""หมวดโอ๋"" มอบตัวหลังล้อมข้ามคืน โรงเรียนสั่งปิด 11–12 ก.ย. เยียวยาจิตใจ",10 กันยายน 2569,"{'name': 'อาชญากรรม', 'id': '66c3c4ce350823a8c40ffd4e', 'path': '/news/crime'}",False,/news/crime/557159,10 ก.ย. 69,"{'id': '6aa21752d7cb284b050af592', 'sm': 'https://static.amarintv.com/media/Dpe4A5wywPtiKXdTXAiKQ4Gh5Wcj9B7uCrBHGG3AFXjwAxEMfDjbTZKA3DcJI5MmB.jpg', 'md': 'https://static.amarintv.com/media/Dpe4A5wywPtiKXdTXAiKQ4Gh5Wcj9B7uCrBHGG3AFXjwAxEMfEW7h2mm1niD1zqWp.jpg', 'lg': 'https://static.amarintv.com/media/PJVlR0ljpO8FE05B9AREZxpCE0uAkAGqHHmlTObGWNVsPQlVmGaUkVsAppVWnbXm9H.jpg', 'caption': 'News Web_16-9 - 2026-09-10T093419.343.jpg'}",https://www.amarintv.com/news/crime/557159
รวบ4 ชาวจีน อ้างทำพิธีแก้เคราะห์ หลอกหญิง 66 ปี สูญทอง-เงินกว่า1.9 แสน,557158,รวบ 4 ชาวจีน อ้างทำพิธีแก้เคราะห์ หลอกหญิงวัย 66 ปี สูญทอง-เงินกว่า 1.9 แสนบาท,10 กันยายน 2569,"{'name': 'อาชญากรรม', 'id': '66c3c4ce350823a8c40ffd4e', 'path': '/news/crime'}",False,/news/crime/557158,10 ก.ย. 69,"{'id': '6aa210b4e9bfaadf68060462', 'sm': 'https://static.amarintv.com/media/Dpe4A5wywPtiKXdS1qZhcRNhiZFeUdRUZsUj5xSKZqLFzviwhSLKvmjdY9kkkURnn.jpg', 'md': 'https://static.amarintv.com/media/Dpe4A5wywPtiKXdS1qZhcRNhiZFeUdRUZsUj5xSKZqLFzviwhS8rAGCFXjqfTOvYR.jpg', 'lg': 'https://static.amarintv.com/media/PJVlR0ljpO8FE0493pHcIvF4iDkpOg3iSLC8WnhBACJyFuXmZUuIQ1FIZhYN6k6XoB.jpg', 'caption': 'News Web_16-9 - 2026-09-10T090607.514.jpg'}",https://www.amarintv.com/news/crime/557158
ผัวเมียทะเลาะแย่งกุญแจรถ ผัววิ่งตามเมียข้ามถนนถูกเก๋งชนสาหัส,557155,ระทึก ผัวเมียทะเลาะกันในรถ ฝ่ายหญิงดึงกุญแจแล้ววิ่งข้ามเกาะกลางถนน ผัววิ่งตามหวังนำกุญแจคืน ถูกรถเก๋งพุ่งชนสาหัส,10 กันยายน 2569,"{'name': 'อาชญากรรม', 'id': '66c3c4ce350823a8c40ffd4e', 'path': '/news/crime'}",False,/news/crime/557155,10 ก.ย. 69,"{'id': '6aa20a860a8ee083050dc872', 'sm': 'https://static.amarintv.com/media/Dpe4A5wywPtiKXdDguRakPlUmMddWZmyTCYftIZbn9tjnEy51NXIO4IF6GOKYfInj.jpg', 'md': 'https://static.amarintv.com/media/Dpe4A5wywPtiKXdDguRakPlUmMddWZmyTCYftIZbn9tjnEy51OKodXkr4qUFHZmYN.jpg', 'lg': 'https://static.amarintv.com/media/PJVlR0ljpO8FE038jNF7vqaJHtfrOhyPsl3NAWtEJI4LHV4S3k3fzvkFgOxnxvvNXf.jpg', 'caption': 'News Web_16-9 - 2026-09-10T084008.747.jpg'}",https://www.amarintv.com/news/crime/557155
ปิดฉากกว่า 20 ชั่วโมง “หมวดโอ๋”ยอมมอบตัว หลังยิงเมียครูดับคาโรงเรียน,557150,ปิดฉากกว่า 20 ชั่วโมง “หมวดโอ๋” ยิงเมียครูดับคาโรงเรียนอนุบาลยอมมอบตัว หลังลูกชายเกลี้ยกล่อมข้ามคืน ตำรวจคุมตัวสอบสวน สภ.บางละมุง,10 กันยายน 2569,"{'name': 'อาชญากรรม', 'id': '66c3c4ce350823a8c40ffd4e', 'path': '/news/crime'}",False,/news/crime/557150,10 ก.ย. 69,"{'id': '6aa1f5490a9e1c4f120101d2', 'sm': 'https://static.amarintv.com/media/Dpe4A5wywPtiKWdPq8f4Yr3d6baPrBemOteyrxAkIrIaqPLKZWUcyxWUPsiF7pPMR.jpg', 'md': 'https://static.amarintv.com/media/Dpe4A5wywPtiKWdPq8f4Yr3d6baPrBemOteyrxAkIrIaqPLKZXH9DQy6OSoAqjs65.jpg', 'lg': 'https://static.amarintv.com/media/PJVlR0ljpO8FEwwwxb1u2BPFnTOYxoKZ2z1PWyWZN4GyKaqG8j2ex7m0nPB5e7eSrL.jpg', 'caption': 'News Web_16-9 - 2026-09-10T070933.911.jpg'}",https://www.amarintv.com/news/crime/557150
"โฟล์คอยากกอดพ่อ!ลูกชายร่ำไห้กล่อม ""หมวดโอ๋"" นาน 30 นาที ไร้เสียงตอบรับ",557149,"สะเทือนใจ! ลูกชายร่ำไห้เกลี้ยกล่อม ""หมวดโอ๋"" นาน 30 นาที ""โฟล์คอยากกอดพ่อ"" แต่ยังไร้สัญญาณตอบรับ-ตร.สั่งชะลอแผนปฏิบัติการเข้าบ้าน",9 กันยายน 2569,"{'name': 'อาชญากรรม', 'id': '66c3c4ce350823a8c40ffd4e', 'path': '/news/crime'}",False,/news/crime/557149,9 ก.ย. 69,"{'id': '6aa17d2208ad89c1bd01c362', 'sm': 'https://static.amarintv.com/media/Dpe4A5wywPtiKWO6Wm1J8rFpEdCJFnU6wbpFCug303iheWyzUcT9UO8JLkBk5LBjH.jpg', 'md': 'https://static.amarintv.com/media/Dpe4A5wywPtiKWO6Wm1J8rFpEdCJFnU6wbpFCug303iheWyzUdHfisavKKHfoFfTv.jpg', 'lg': 'https://static.amarintv.com/media/PJVlR0ljpO8FEvzq9abfMl5Xkb21hQaesCNmzWH0mZYmRYN16UmhBxnA6JztUqsA93.jpg', 'caption': 'ปกใหม่_16-9 - 2026-09-09T223641.217.jpg'}",https://www.amarintv.com/news/crime/557149
"ลูกชายถึงแล้ว! เตรียมกล่อม ""หมวดโอ๋"" หลังตร.ล้อมบ้านยืดเยื้อนาน 9 ชม.",557146,"ลูกชายตำรวจ ""หมวดโอ๋"" บินด่วนถึงชลบุรี เตรียมเกลี้ยกล่อมพ่อ มอบตัว หลังปิดล้อมยืดเยื้อ 9 ชม. ขณะโดรนความร้อนบินสแกนยังไม่พบตำแหน่งในบ้าน",9 กันยายน 2569,"{'name': 'อาชญากรรม', 'id': '66c3c4ce350823a8c40ffd4e', 'path': '/news/crime'}",False,/news/crime/557146,9 ก.ย. 69,"{'id': '6aa1755c01951696280c3502', 'sm': 'https://static.amarintv.com/media/Dpe4A5wywPtiKWO226XUfSmCr7jzsKt4KIXTtntG7qOPOK1Nt2kLoPAHT73ahgINn.jpg', 'md': 'https://static.amarintv.com/media/Dpe4A5wywPtiKWO226XUfSmCr7jzsKt4KIXTtntG7qOPOK1Nt3Xr2sctSh9VQal8R.jpg', 'lg': 'https://static.amarintv.com/media/PJVlR0ljpO8FEvzcm1CUpO1FLf97gYVh30kRecCQuaWy2gzutTDZ4XvJOwYAc91eSB.jpg', 'caption': 'ปกใหม่_16-9 - 2026-09-09T220323.321.jpg'}",https://www.amarintv.com/news/crime/557146
"ยืดเยื้อจนค่ำ!ตร.เพิ่มไฟส่องสว่าง ชะลอบุกรอลูกชายบินด่วนกล่อม""หมวดโอ๋""",557144,"ปิดล้อมยืดเยื้อ 8 ชั่วโมง! ตร.ตั้งไฟส่องสว่างรอบบ้าน ""หมวดโอ๋"" ยอมชะลอบุก รอลูกชายตำรวจบินด่วนจากใต้เข้าเกลี้ยกล่อม ขณะพยาน เผย นาทีลั่นไก ""ครูเปิ้ล""",9 กันยายน 2569,"{'name': 'อาชญากรรม', 'id': '66c3c4ce350823a8c40ffd4e', 'path': '/news/crime'}",False,/news/crime/557144,9 ก.ย. 69,"{'id': '6aa16e8b118179e87d011a62', 'sm': 'https://static.amarintv.com/media/Dpe4A5wywPtiKWOneNpJSlPXmmpPJEuxA1GVDQrQn4EUws8TJhkutOJHTeXriZlhz.jpg', 'md': 'https://static.amarintv.com/media/Dpe4A5wywPtiKWOneNpJSlPXmmpPJEuxA1GVDQrQn4EUws8TJiYQ7rltSEdmRUFSd.jpg', 'lg': 'https://static.amarintv.com/media/PJVlR0ljpO8FEvybCwZ4YxxfhdoShdnMXhQK5e6osvf3zLrBFQXuu8OTMyhAsq4jpj.jpg', 'caption': 'ปกใหม่_16-9 - 2026-09-09T213330.677.jpg'}",https://www.amarintv.com/news/crime/557144
สลด! อาจารย์ ม.ดังโคราช ดับปริศนาคาบ้านพัก หลังติดต่อไม่ได้ 4 วัน,557141,สลด! อาจารย์ ม.ดังโคราช ติดต่อไม่ได้ 4 วัน คนรู้จักเอะใจแจ้งกู้ภัยตรวจสอบ พบเสียชีวิตในบ้านพักหลายวัน,9 กันยายน 2569,"{'name': 'อาชญากรรม', 'id': '66c3c4ce350823a8c40ffd4e', 'path': '/news/crime'}",False,/news/crime/557141,9 ก.ย. 69,"{'id': '6aa162d8810a758514048622', 'sm': 'https://static.amarintv.com/media/Dpe4A5wywPtiKWOjs382ntY1PQiqVM5wEoJCYHgOQRw2Id7ruyCIkmLcxwpclgXAR.jpg', 'md': 'https://static.amarintv.com/media/Dpe4A5wywPtiKWOjs382ntY1PQiqVM5wEoJCYHgOQRw2Id7ruyzozFoEwWvXUa0u5.jpg', 'lg': 'https://static.amarintv.com/media/PJVlR0ljpO8FEvyLfZJXmDcn1CXMzjYifLvT1lDE3PbxhBsgpIQzRZd954CU9g0hJL.jpg', 'caption': 'ปกใหม่_16-9 - 2026-09-09T204432.141.jpg'}",https://www.amarintv.com/news/crime/557141
กระหน่ำหัว5นัด! แฟนใหม่ แค้นสาวไม่ยอมเลิกผัวเก่า ชัก 9 มม.รัวดับคาที่,557138,รักสามเส้า! แฟนใหม่หึงโหด จ่อยิงผัวเก่าสาว 6 นัด กระหน่ำหัว 5 นัดดับคาที่ ก่อนรอมอบตัว พา ตร.งมหาปืน อ้างแค้นฝ่ายหญิงไม่ยอมเลิกจริง,9 กันยายน 2569,"{'name': 'อาชญากรรม', 'id': '66c3c4ce350823a8c40ffd4e', 'path': '/news/crime'}",False,/news/crime/557138,9 ก.ย. 69,"{'id': '6aa152951c4eed3a2f0a7cf2', 'sm': 'https://static.amarintv.com/media/Dpe4A5wywPtiKWOQvBexdlJQBM15T6EegFOZ8Ij4bbLLpxgQghjVsPB5nsoS4EpTf.jpg', 'md': 'https://static.amarintv.com/media/Dpe4A5wywPtiKWOQvBexdlJQBM15T6EegFOZ8Ij4bbLLpxgQgiW16sehmSuNm9JEJ.jpg', 'lg': 'https://static.amarintv.com/media/PJVlR0ljpO8FEvw5MKLKSNYOI9IoqTwiAdlhOTaRDSOMMkdOOOR7c32nAVbi6IcIg9.jpg', 'caption': 'ปกใหม่_16-9 - 2026-09-09T193255.762.jpg'}",https://www.amarintv.com/news/crime/557138
ล้อม 8 ชม.! “หมวดโอ๋” ยังไม่มอบตัว คนสนิท เผยปมหึงหวง-แบ่งทรัพย์สิน,557134,"ปิดล้อม 8 ชม.ยังเงียบ! คนสนิท เผยปม ""หมวดโอ๋-ครูเปิ้ล"" ระแวงหึงหวง-ตกลงแบ่งทรัพย์สินเลิกราไม่ลงตัว ตร.สั่งลูกชายบินด่วนจากใต้ ช่วยเกลี้ยกล่อม",9 กันยายน 2569,"{'name': 'อาชญากรรม', 'id': '66c3c4ce350823a8c40ffd4e', 'path': '/news/crime'}",False,/news/crime/557134,9 ก.ย. 69,"{'id': '6aa1475f5a66b3d3c50b3db2', 'sm': 'https://static.amarintv.com/media/Dpe4A5wywPtiKWN8Kxjra40ayTgMv6BdbRObriFDurHmvLszJNACYM5ovcUSMvtb3.jpg', 'md': 'https://static.amarintv.com/media/Dpe4A5wywPtiKWN8Kxjra40ayTgMv6BdbRObriFDurHmvLszJNximqYQuCaM5qNMh.jpg', 'lg': 'https://static.amarintv.com/media/PJVlR0ljpO8FEvvqckrZVIseruk8t5kFinJoXys3eyDeC0ZFL3WJqLMtUSC6DURNKF.jpg', 'caption': 'ปกใหม่_16-9 - 2026-09-09T184721.728.jpg'}",https://www.amarintv.com/news/crime/557134
จับแล้ว! หลานเมายาบ้า ชักมีดจี้ย่ำยีอาสาวคาบ้านพัก,557125,จับแล้ว! หลานเมายาบ้า ชักมีดจี้ย่ำยีอาสาวคาบ้านพัก ฉกจักรยานยนต์ชาวบ้านหนี สุดท้ายไม่รอด,9 กันยายน 2569,"{'name': 'อาชญากรรม', 'id': '66c3c4ce350823a8c40ffd4e', 'path': '/news/crime'}",False,/news/crime/557125,9 ก.ย. 69,"{'id': '6aa13c3e9452b795c8047982', 'sm': 'https://static.amarintv.com/media/Dpe4A5wywPtiKWNsdm49wlJB6OWiReR6naN8Zq6hFDbomZDLaCL9WYXbE8jZyYErD.jpg', 'md': 'https://static.amarintv.com/media/Dpe4A5wywPtiKWNsdm49wlJB6OWiReR6naN8Zq6hFDbomZDLaC9fk10DDipUhSibr.jpg', 'lg': 'https://static.amarintv.com/media/PJVlR0ljpO8FEvunoUrVGpXSAbTHiNEGGwRrcFTqk2OLsjbJJWtfKqday3LXcok5vX.jpg', 'caption': 'News Web_16-9 - 2026-09-09T175930.874.jpg'}",https://www.amarintv.com/news/crime/557125
"อัยการ-ปส. เร่งสรุปสำนวนคดี หลอก ""แอร์มีนา"" หิ้วเฮโรอีนข้ามชาติ",557128,"อัยการ-ปส. เร่งสรุปสำนวนแก๊งยานรกข้ามชาติ หลอก ""แอร์มีนา"" หิ้วเฮโรอีนซุกถุงลายช้าง จ่อส่งอัยการฟ้องทันที เดินหน้าล่า “Rose Rose” ตัวการหนีหมายจับ",9 กันยายน 2569,"{'name': 'อาชญากรรม', 'id': '66c3c4ce350823a8c40ffd4e', 'path': '/news/crime'}",False,/news/crime/557128,9 ก.ย. 69,"{'id': '6aa137117d3b091d1809b1a2', 'sm': 'https://static.amarintv.com/media/Dpe4A5wywPtiKWNpNmOQew0yi4Q1ef0gELMAvl1h8HjPT82BOCTQ6mAnnvtLLKQjD.jpg', 'md': 'https://static.amarintv.com/media/Dpe4A5wywPtiKWNpNmOQew0yi4Q1ef0gELMAvl1h8HjPT82BODGxLFdPmVzF4EuTr.jpg', 'lg': 'https://static.amarintv.com/media/PJVlR0ljpO8FEvuaMN04HHsEwIVm19e0ZQNlKkVGQPPhQfVDDzNjwOvSqiJrCrj6tX.jpg', 'caption': 'เร่งสรุปคดีแอร์มีนา (3).jpg'}",https://www.amarintv.com/news/crime/557128
6ชม.ยังเงียบ! ตร.ล้อมบ้าน “หมวดโอ๋” พี่ชายเคาะกระจกเรียกไร้เสียงตอบรับ,557120,ผ่าน 6 ชั่วโมงยังไร้วี่แวว! ตร.ล้อมบ้าน “หมวดโอ๋” ลั่นไก“ครูเปิ้ล” ดับคาโรงเรียน พี่ชายช่วยเกลี้ยกล่อมยังเงียบ-หวั่นคิดสั้น,9 กันยายน 2569,"{'name': 'อาชญากรรม', 'id': '66c3c4ce350823a8c40ffd4e', 'path': '/news/crime'}",False,/news/crime/557120,9 ก.ย. 69,"{'id': '6aa130208478741dac0c59e2', 'sm': 'https://static.amarintv.com/media/Dpe4A5wywPtiKWNorfKGUZuTQtJCA5fxGdzaBvogXwCd14ZkxBstN8GjTQjduWqWx.jpg', 'md': 'https://static.amarintv.com/media/Dpe4A5wywPtiKWNorfKGUZuTQtJCA5fxGdzaBvogXwCd14ZkxCgPcbjLR0pYdRKHb.jpg', 'lg': 'https://static.amarintv.com/media/PJVlR0ljpO8FEvuYDmpsISTNjEZSTzdQuvKTdSvTsKWPUk5p4Swqh39wx3fnsC0eHT.jpg', 'caption': 'ปกใหม่_16-9 - 2026-09-09T170810.332.jpg'}",https://www.amarintv.com/news/crime/557120
จับได้พาสาวเข้าม่านรูด! เมียแค้นขับเก๋งชนผัวขาหัก-ตร.แจ้งข้อหาหนัก,557112,"นาทีระทึก! เมียจับได้ผัวพาสาวเข้าม่านรูด ขับเก๋งไล่ชน 3 รอบ จนขาหัก รถพุ่งทะลุร้านค้าพังยับ เจ้าของร้านปลอบ ""ผัวที่ดีคือผัวใหม่"" -ถูกแจ้งข้อหาหนัก",9 กันยายน 2569,"{'name': 'อาชญากรรม', 'id': '66c3c4ce350823a8c40ffd4e', 'path': '/news/crime'}",False,/news/crime/557112,9 ก.ย. 69,"{'id': '6aa11f49d94fb8ac7b09ceb2', 'sm': 'https://static.amarintv.com/media/Dpe4A5wywPtiKWNGxMSHMGoCyel9Ctp8SMjWFIjQg6wLrI04wabCRZTQ3z8r0MtTv.jpg', 'md': 'https://static.amarintv.com/media/Dpe4A5wywPtiKWNGxMSHMGoCyel9Ctp8SMjWFIjQg6wLrI04wbOif2v22aEmjHNEZ.jpg', 'lg': 'https://static.amarintv.com/media/PJVlR0ljpO8FEvsIDIuxr9bVmeY0DSlS7J39LNXmQCq8SIiebyznOGUOw3rx4JuplD.jpg', 'caption': 'ปกใหม่_16-9 - 2026-09-09T155558.721.jpg'}",https://www.amarintv.com/news/crime/557112
เปิดนาทีสลด! วงจรปิดจับนาที สามีตำรวจเหตุยิง “ครูเปิ้ล” ดับคาโรงเรียน,557106,เปิดนาทีสลด! วงจรปิดจับนาที สามีตำรวจเหตุยิง “ครูเปิ้ล” ดับคาโรงเรียน ก่อนหนีกลับบ้านพัก เผย 5 ก.ย. ทั้งคู่เพิ่งจัดพิธีมงคลสมรสให้ลูกชาย,9 กันยายน 2569,"{'name': 'อาชญากรรม', 'id': '66c3c4ce350823a8c40ffd4e', 'path': '/news/crime'}",False,/news/crime/557106,9 ก.ย. 69,"{'id': '6aa10d4f8ff73c956f027062', 'sm': 'https://static.amarintv.com/media/Dpe4A5wywPtiKWMxq4mv4g0LHXw2Lpjlols3DpHCz8miTSideJQh1A53ALjzgHsyJ.jpg', 'md': 'https://static.amarintv.com/media/Dpe4A5wywPtiKWMxq4mv4g0LHXw2Lpjlols3DpHCz8miTSideKEEFeYe8vpuPCMix.jpg', 'lg': 'https://static.amarintv.com/media/PJVlR0ljpO8FEvq1LLyFzZlb4eNxuLpBdpvVVHvFsmTLpqmVuV6TlHpqHG3FlPEjEJ.jpg', 'caption': 'เปิดนาทีลั่นไก (3).jpg'}",https://www.amarintv.com/news/crime/557106
เปิดภาพกล้องหน้ารถ นาทีหินยักษ์ร่วงทับกระบะ ดับ 1 ศพ ภรรยาเล่านาทีสลด,557099,เปิดภาพกล้องหน้ารถ นาทีหินยักษ์ร่วงทับกระบะ ดับ 1 ศพ ภรรยาเล่านาทีสลด,9 กันยายน 2569,"{'name': 'อาชญากรรม', 'id': '66c3c4ce350823a8c40ffd4e', 'path': '/news/crime'}",False,/news/crime/557099,9 ก.ย. 69,"{'id': '6aa10bb77e5ecf5ce90148c2', 'sm': 'https://static.amarintv.com/media/Dpe4A5wywPtiKWMxiiWueOmQEIU5eV3P89TAEXPUY0Vaeqc98n4rAlZieQ1WG11zX.jpg', 'md': 'https://static.amarintv.com/media/Dpe4A5wywPtiKWMxiiWueOmQEIU5eV3P89TAEXPUY0Vaeqc98osNPE2Kc07QzwVkB.jpg', 'lg': 'https://static.amarintv.com/media/PJVlR0ljpO8FEvq0mp3560V8VEaZXUYJ9zIcSD9SOkIdYrVt4QeFYsSLZUrcK7lyH7.jpg', 'caption': 'News Web_16-9 - 2026-09-09T143210.245.jpg'}",https://www.amarintv.com/news/crime/557099
เจ้าหน้าที่ ปะทะ ผู้ก่อเหตุรุนแรงบนเทือกเขาตะเว ผู้ก่อเหตุดับ 1 ราย,557105,นปพ.ร่วม นราธิวาส ปะทะ กลุ่มผู้ก่อเหตุรุนแรงบนเทือกเขาตะเว ต.จวบ อ.เจาะไอร้อง จ.นราธิวาส เบื้องต้น ผู้ก่อเหตุรุนแรงเสียชีวิต 1 ราย เจ้าหน้าที่ปลอดภัย,9 กันยายน 2569,"{'name': 'อาชญากรรม', 'id': '66c3c4ce350823a8c40ffd4e', 'path': '/news/crime'}",False,/news/crime/557105,9 ก.ย. 69,"{'id': '6aa10c1328c47d2543058922', 'sm': 'https://static.amarintv.com/media/Dpe4A5wywPtiKWMxmQdRjoptrWfZdFi5BIIDHO1adhj806YgimW6CglpPNjFZorox.jpg', 'md': 'https://static.amarintv.com/media/Dpe4A5wywPtiKWMxmQdRjoptrWfZdFi5BIIDHO1adhj806YginKcRAERNxpAIjLZb.jpg', 'lg': 'https://static.amarintv.com/media/PJVlR0ljpO8FEvq02AA4jN6UrC5rKG8LapjO13WlT8ojQlHQayGrcocLTLGBOhPybT.jpg', 'caption': 'LINE_ALBUM_2025.7.8_260909_1.jpg'}",https://www.amarintv.com/news/crime/557105
เปิดปฏิบัติการปิดล้อมบ้านตำรวจปืนโหด หลังก่อเหตุเศร้าในโรงเรียนอนุบาล,557098,เปิดปฏิบัติการปิดล้อมบ้านตำรวจปืนโหด หลังก่อเหตุเศร้าในโรงเรียนอนุบาล ชลบุรี ประสานญาติ-ลูกชายคนเล็กมาช่วยพูดคุยเกลี้ยกล่อม,9 กันยายน 2569,"{'name': 'อาชญากรรม', 'id': '66c3c4ce350823a8c40ffd4e', 'path': '/news/crime'}",False,/news/crime/557098,9 ก.ย. 69,"{'id': '6aa106008c6d334aee0707f2', 'sm': 'https://static.amarintv.com/media/Dpe4A5wywPtiKWMuRqfrtsOKvGnWwSub8sfumLdiJDWnx5qMhqFA2kM1EtC0UQfb3.jpg', 'md': 'https://static.amarintv.com/media/Dpe4A5wywPtiKWMuRqfrtsOKvGnWwSub8sfumLdiJDWnx5qMhq2hHDpdDTIvDK9Mh.jpg', 'lg': 'https://static.amarintv.com/media/PJVlR0ljpO8FEvqnHBg4kumgafYiDbZxgrxGdpYA9X3eWKKPw5arblTuJ1E26RVZKF.jpg', 'caption': 'ล้อมบ้านตร.ปืนดุ (3).jpg'}",https://www.amarintv.com/news/crime/557098
สาวร้องโดนบริษัทรับสร้างบ้านทิ้งงาน เหยื่อพุ่ง เสียหายกว่า 10 ล้าน,557085,สาวเชียงใหม่ร้องสายไหมต้องรอด อ้างโดนเพื่อน ต้า เฟ็ดเฟ่ โกงเงิน 10 ล้านบาท ทิ้งงานสร้างบ้านหายเข้ากลีบเมฆ,9 กันยายน 2569,"{'name': 'อาชญากรรม', 'id': '66c3c4ce350823a8c40ffd4e', 'path': '/news/crime'}",False,/news/crime/557085,9 ก.ย. 69,"{'id': '6aa0f49d723b0f76e2034982', 'sm': 'https://static.amarintv.com/media/Dpe4A5wywPtiKVM9i6cVCuZFO0TbwlcQxiMeAJBT2whK6S5FDH04KGOkje4LJOKGh.jpg', 'md': 'https://static.amarintv.com/media/Dpe4A5wywPtiKVM9i6cVCuZFO0TbwlcQxiMeAJBT2whK6S5FDIoaYjrMiFAF2In1L.jpg', 'lg': 'https://static.amarintv.com/media/PJVlR0ljpO8FErjoMRXA3VljnSASsqotWlNh2lPcGMY9KuHq0wGbr5i4A4rG4rpQ9P.jpg', 'caption': 'News Web_16-9 - 2026-09-09T125410.730.jpg'}",https://www.amarintv.com/news/crime/557085
ด่วน! ตำรวจบุกยิงภรรยาเป็นครูเสียชีวิตในโรงเรียน นักเรียน 44 คนปลอดภัย,557086,ด่วน! ตำรวจบุกยิงภรรยาเป็นครูเสียชีวิตกลางโรงเรียนอนุบาลชลบุรี นักเรียน 44 ชีวิตปลอดภัย ผู้ปกครองแห่รับกลับบ้าน เจ้าหน้าที่เร่งเจรจาผู้ก่อเหตุมอบตัว,9 กันยายน 2569,"{'name': 'อาชญากรรม', 'id': '66c3c4ce350823a8c40ffd4e', 'path': '/news/crime'}",False,/news/crime/557086,9 ก.ย. 69,"{'id': '6aa0ee4cddd7a22cfb0c47a2', 'sm': 'https://static.amarintv.com/media/Dpe4A5wywPtiKVMuOpbwABp9D0xXdUk77JN17MIlVZB9dA43n1brTsCMRc6shOWzr.jpg', 'md': 'https://static.amarintv.com/media/Dpe4A5wywPtiKVMuOpbwABp9D0xXdUk77JN17MIlVZB9dA43n2PNiLeyQDCnQI0kV.jpg', 'lg': 'https://static.amarintv.com/media/PJVlR0ljpO8FErim4jIqMG5WH3925HCniOFQwaHgMXWNxxw5ucWWplntsclkvyfzch.jpg', 'caption': 'ตำรวจบุกยิงครูดับ (3).jpg'}",https://www.amarintv.com/news/crime/557086
ระทึก ชายคลั่งบุกห้องผู้จัดการปั๊ม ขู่จี้พนักงานเป็นตัวประกัน,557068,ระทึก ชายคลั่งบุกห้องผู้จัดการปั๊ม ขู่จี้พนักงานเป็นตัวประกัน ก่อนถูกควบคุมตัว พร้อมปืน กระสุน และบ้องกัญชา,9 กันยายน 2569,"{'name': 'อาชญากรรม', 'id': '66c3c4ce350823a8c40ffd4e', 'path': '/news/crime'}",False,/news/crime/557068,9 ก.ย. 69,"{'id': '6aa0c5b1a5cff8154902e372', 'sm': 'https://static.amarintv.com/media/Dpe4A5wywPtiKVMEw6ZLmhKBKzdCvMenKQ6gkL8K7U3tzgwqUPShkVpTvqbxok9CN.jpg', 'md': 'https://static.amarintv.com/media/Dpe4A5wywPtiKVMEw6ZLmhKBKzdCvMenKQ6gkL8K7U3tzgwqUQGDyzH5uQhsXfcw1.jpg', 'lg': 'https://static.amarintv.com/media/PJVlR0ljpO8FErf1wFJ99G5W0sf5Y3kdsZ7ohbadPASJOvXAvc0ieTRQnOV54N3jIp.jpg', 'caption': 'News Web_16-9 - 2026-09-09T093338.897.jpg'}",https://www.amarintv.com/news/crime/557068
ทหาร ซิ่งบิ๊กไบค์หนี ตร.เข้ามอบตัว เจอ 6 ข้อหาหนัก,557051,หนีไม่พ้น! ทหารซิ่งบิ๊กไบค์ชน จยย.ตำรวจ สน.บางซื่อ เข้ามอบตัวเจอ 6 ข้อหาหนัก รับสารภาพไม่มีใบขับขี่-กลัวความผิด ยินดีชดใช้ค่าซ่อม,8 กันยายน 2569,"{'name': 'อาชญากรรม', 'id': '66c3c4ce350823a8c40ffd4e', 'path': '/news/crime'}",False,/news/crime/557051,8 ก.ย. 69,"{'id': '6aa008aecd97935c3c0e9812', 'sm': 'https://static.amarintv.com/media/Dpe4A5wywPtiKU6eYNMgLUDFMpF8m6m6yrcrybFMf2M7FaoEBiyk9sXCbnXCYOexX.jpg', 'md': 'https://static.amarintv.com/media/Dpe4A5wywPtiKU6eYNMgLUDFMpF8m6m6yrcrybFMf2M7FaoEBjmHOLzoaNc7HI8iB.jpg', 'lg': 'https://static.amarintv.com/media/PJVlR0ljpO8FEqdfd8fq2uwteRqqUyEy1Vcg4Pzdplzd8aBamTa4jDBxGboQupCr17.jpg', 'caption': 'ปกใหม่_16-9 - 2026-09-08T200711.220.jpg'}",https://www.amarintv.com/news/crime/557051
ด่วน! หินร่วงทับรถกระบะดับ 1 ศพ ถนนเถิน-ลี้ ลำปาง กู้ภัยเร่งช่วยเหลือ,557049,ด่วน! หินร่วงทับรถกระบะบนถนนเถิน-ลี้ อ.เถิน จ.ลำปาง สังเวย 1 ศพ กู้ภัยเร่งกู้ร่าง-เตือนผู้สัญจรระมัดระวังชะลอความเร็ว,8 กันยายน 2569,"{'name': 'อาชญากรรม', 'id': '66c3c4ce350823a8c40ffd4e', 'path': '/news/crime'}",False,/news/crime/557049,8 ก.ย. 69,"{'id': '6a9fffdedda50c492b01c952', 'sm': 'https://static.amarintv.com/media/Dpe4A5wywPtey8BCZrtxiLiwmImwzHCfMGusiNB27tf1QGvZePvxh1pXQ5A0jjOdn.jpg', 'md': 'https://static.amarintv.com/media/Dpe4A5wywPtey8BCZrtxiLiwmImwzHCfMGusiNB27tf1QGvZeQjTwVH9PfGvSdsOR.jpg', 'lg': 'https://static.amarintv.com/media/PJVlR0ljpO71QbyR8IlGlJtmtdmJlDEUx9237Pxw6n5h4f5vOwxWYDZfGMen7cpUWB.jpg', 'caption': 'ปกใหม่_16-9 - 2026-09-08T193000.956.jpg'}",https://www.amarintv.com/news/crime/557049
ระทึก! แก๊งเงินกู้บุกทวงหนี้ผิดคน มัดลวดขังสาวในบ้าน-ตร.ช่วยทัน,557047,"ระทึก! 3 ชายชุดดำ แก๊งเงินกู้นอกระบบ บุกทวงหนี้ 4,000 บาท แต่ผิดคน ก่อนใช้ลวดมัดประตูขังสาวในบ้าน -ตร.เร่งช่วยทันปลอดภัย",8 กันยายน 2569,"{'name': 'อาชญากรรม', 'id': '66c3c4ce350823a8c40ffd4e', 'path': '/news/crime'}",False,/news/crime/557047,8 ก.ย. 69,"{'id': '6a9ffc99a4d38d299b04d752', 'sm': 'https://static.amarintv.com/media/Dpe4A5wywPtey8BCLJ7NtnbbtYA8do3uH2W0lyX53exiU1yRmdJv8WJAsY6eUUPHv.jpg', 'md': 'https://static.amarintv.com/media/Dpe4A5wywPtey8BCLJ7NtnbbtYA8do3uH2W0lyX53exiU1yRmd7SMzlmq9CZDOs2Z.jpg', 'lg': 'https://static.amarintv.com/media/PJVlR0ljpO71QbyRAFGgsa1UfZKBsc2KcgeVOICzDJKlwKLmusEV3bP17qEoGgwADD.jpg', 'caption': 'ปกใหม่_16-9 - 2026-09-08T191558.925.jpg'}",https://www.amarintv.com/news/crime/557047
ศาลสั่งประหารชีวิต! “ไอ้แซม” คดีฆ่าโหดสาวโรงแรม ชี้พฤติการณ์โหดเหี้ยม,557044,ศาลจังหวัดหัวหิน! พิพากษาประหารชีวิต “ไอ้แซม” คดีฆ่าชิงทรัพย์พนักงานโรงแรม ชี้พฤติการณ์โหดเหี้ยม ไม่ลดโทษ-แม้รับสารภาพ,8 กันยายน 2569,"{'name': 'อาชญากรรม', 'id': '66c3c4ce350823a8c40ffd4e', 'path': '/news/crime'}",False,/news/crime/557044,8 ก.ย. 69,"{'id': '6a9ff6eaa0275a6f0b051f52', 'sm': 'https://static.amarintv.com/media/Dpe4A5wywPtey8A81YM16cWNj7wgGnn33D0F6mc6hXJoPtKhwSHbvoGCWBqUpODPv.jpg', 'md': 'https://static.amarintv.com/media/Dpe4A5wywPtey8A81YM16cWNj7wgGnn33D0F6mc6hXJoPtKhwS48AHioUlwPYIhAZ.jpg', 'lg': 'https://static.amarintv.com/media/PJVlR0ljpO71QbyDSb7ItXFuEe0UjZquvV1GiCzfrxl0M6fhdQeuc7XktSB6MzM9FD.jpg', 'caption': 'ปกใหม่_16-9 - 2026-09-08T185129.301.jpg'}",https://www.amarintv.com/news/crime/557044
ด่วน! รวบ 'เควิน' ฝรั่งเศส เจ้าของสวนสัตว์ดังสมุย หลังนายกฯ สั่งเนรเทศ,557011,ด่วน!รวบแล้ว 'เควิน' ชาวฝรั่งเศส เจ้าของสวนสัตว์ดัง หลังถูกนายกฯสั่งเนรเทศพ้นไทย ปมมีพฤติกรรมกร่าง กระทบต่อความสงบเรียบร้อย,8 กันยายน 2569,"{'name': 'อาชญากรรม', 'id': '66c3c4ce350823a8c40ffd4e', 'path': '/news/crime'}",False,/news/crime/557011,8 ก.ย. 69,"{'id': '6a9fc319ca6a047bb30d22d2', 'sm': 'https://static.amarintv.com/media/Dpe4A5wywPtey8ADvWaoYpIdU6qM8bnWw8Sqs3MCFqMz30GC7qAhNdFS87KuR7fGV.jpg', 'md': 'https://static.amarintv.com/media/Dpe4A5wywPtey8ADvWaoYpIdU6qM8bnWw8Sqs3MCFqMz30GC7qyDb6h47hQpA1809.jpg', 'lg': 'https://static.amarintv.com/media/PJVlR0ljpO71QbuPhimCxz09IeSRjkGiGM9KZV3qncRASjG8ORIM7z4jYBZgAu18Lr.jpg', 'caption': 'News Web_16-9 - 2026-09-08T151002.102.jpg'}",https://www.amarintv.com/news/crime/557011
ระทึก สถานีพิษณุโลก! ชายวิ่งมุดใต้ขบวนรถไฟขณะกำลังออกจากชานชลา,557005,ระทึก สถานีพิษณุโลก! ชายวิ่งมุดใต้ขบวนรถไฟขณะกำลังออกจากชานชลาหวังจบชีวิต แต่ถูกทับบาดเจ็บสาหัส,8 กันยายน 2569,"{'name': 'อาชญากรรม', 'id': '66c3c4ce350823a8c40ffd4e', 'path': '/news/crime'}",False,/news/crime/557005,8 ก.ย. 69,"{'id': '6a9fbafeb81b5949210c6762', 'sm': 'https://static.amarintv.com/media/Dpe4A5wywPtey79yOWS5AxftavoGXxQukAzTbDnvzVeUUyaVzsvlP0VaSP7U3sUWJ.jpg', 'md': 'https://static.amarintv.com/media/Dpe4A5wywPtey79yOWS5AxftavoGXxQukAzTbDnvzVeUUyaVztjHeTyCQ0DPmmyGx.jpg', 'lg': 'https://static.amarintv.com/media/PJVlR0ljpO71QbtNZSGHZSbBkgtkWPbKUrZ2PtCNeAtN76MyJaghnn7Hjs8JKoNlcJ.jpg', 'caption': 'News Web_16-9 - 2026-09-08T143615.195.jpg'}",https://www.amarintv.com/news/crime/557005
สลดกีฬาสี! รปภ. กระซวก ภารโรง ดับคาโรงเรียนดังอยุธยา-ตร.เร่งล่า,557002,ด่วน! รปภ.โรงเรียนดังอยุธยา กระซวก ภารโรงดับคาป้อมยาม กลางงานกีฬาสี ก่อนเผ่นหนี-ตร.เร่งล่าตัว ผู้ปกครองขวัญผวาแห่รับเด็กกลับบ้าน,8 กันยายน 2569,"{'name': 'อาชญากรรม', 'id': '66c3c4ce350823a8c40ffd4e', 'path': '/news/crime'}",False,/news/crime/557002,8 ก.ย. 69,"{'id': '6a9fb7839f8220a29c095062', 'sm': 'https://static.amarintv.com/media/Dpe4A5wywPtey79vGt34I1S5qtbSC1z5mzFCxbinKWPUbEIYQ1kLbA0cW93Plpejj.jpg', 'md': 'https://static.amarintv.com/media/Dpe4A5wywPtey79vGt34I1S5qtbSC1z5mzFCxbinKWPUbEIYQ2XrpeTEVj9KUj8UN.jpg', 'lg': 'https://static.amarintv.com/media/PJVlR0ljpO71QbtAfzgzykGKMbmqf0SZ6S4ziJw9sv1SXvEoNe5ZBvTQJSnRUIfw1f.jpg', 'caption': 'ปกใหม่_16-9 - 2026-09-08T141840.074.jpg'}",https://www.amarintv.com/news/crime/557002
อัจฉริยะ ร้อง DSI ฟัน 16 บริษัททุนจีน สอบขบวนการขนขยะพิษข้ามชาติ,556994,อัจฉริยะ ลุยร้อง DSI นำหลักฐานฟัน 16 บริษัททุนจีน ลอบนำเข้าขยะอิเล็กทรอนิกส์ ฝังกลบภาคตะวันออก,8 กันยายน 2569,"{'name': 'อาชญากรรม', 'id': '66c3c4ce350823a8c40ffd4e', 'path': '/news/crime'}",False,/news/crime/556994,8 ก.ย. 69,"{'id': '6a9fa6924c9e9e91150320d2', 'sm': 'https://static.amarintv.com/media/Dpe4A5wywPtey79cFDuHUGx7ni8SZ46bvWByEgfZ0YcYaZAFF3KVlfKlSNdbcS5Y5.jpg', 'md': 'https://static.amarintv.com/media/Dpe4A5wywPtey79cFDuHUGx7ni8SZ46bvWByEgfZ0YcYaZAFF371z8nNQxjWLNZJj.jpg', 'lg': 'https://static.amarintv.com/media/PJVlR0ljpO71Qbrt63caPCGSPWY8DBHUng7cuqNssU9O1BOVCLctBEga9issPdUi4V.jpg', 'caption': 'News Web_16-9 - 2026-09-08T130823.172.jpg'}",https://www.amarintv.com/news/crime/556994
"""อัจฉริยะ"" เห็นด้วย ""ทนายตั้ม"" ลุยตรวจสอบ “กันจอมพลัง”",556992,อัจฉริยะ เห็นด้วย ทนายตั้ม ลุยสอบ กัน จอมพลัง ต้องเคลียร์ชัดทั้งเงินบริจาค-ซื้อเสื้อเกราะ นี่ไม่ใช่การทะเลาะ แต่เป็นการตรวจสอบ ห้ามใช้ต่อรองผลประโยชน์,8 กันยายน 2569,"{'name': 'อาชญากรรม', 'id': '66c3c4ce350823a8c40ffd4e', 'path': '/news/crime'}",False,/news/crime/556992,8 ก.ย. 69,"{'id': '6a9fa21523d02934ea0c66d2', 'sm': 'https://static.amarintv.com/media/Dpe4A5wywPtey79bwidmcJ4pGTaeEe4zE6tANRQuOcT4JxqUOnUoeZoclhCejp27z.jpg', 'md': 'https://static.amarintv.com/media/Dpe4A5wywPtey79bwidmcJ4pGTaeEe4zE6tANRQuOcT4JxqUOoIKs3HEkHIZSkWsd.jpg', 'lg': 'https://static.amarintv.com/media/PJVlR0ljpO71QbrsseWSwQ57sENWKjom4ady2zTI3q6L2dIviSFQ9xttHTfbH4IfBj.jpg', 'caption': 'News Web_16-9 - 2026-09-08T124959.381.jpg'}",https://www.amarintv.com/news/crime/556992
อดีตผัวโหดตามยิงกลางวัด เมียเก่า-แฟนใหม่ดับคารถ ก่อนถ่ายภาพส่งญาติดู,556963,สะเทือนขวัญ! อดีตผัวโหดตามยิงกลางวัด ลั่นไกแฟนใหม่อดีตเมียดับคารถ ส่วนอดีตภรรยาสาหัสก่อนสิ้นใจ ถ่ายภาพส่งญาติดู ล่าสุดทนแรงกดดันไม่ไหว ให้ญาติพามอบตัว,8 กันยายน 2569,"{'name': 'อาชญากรรม', 'id': '66c3c4ce350823a8c40ffd4e', 'path': '/news/crime'}",False,/news/crime/556963,8 ก.ย. 69,"{'id': '6a9f6be916976fc86703b422', 'sm': 'https://static.amarintv.com/media/Dpe4A5wywPtey7wWWMKoScApGWmaQQkannAHtFkQkYdSscTpFwB2gfQ6p8Eyx4Fid.jpg', 'md': 'https://static.amarintv.com/media/Dpe4A5wywPtey7wWWMKoScApGWmaQQkannAHtFkQkYdSscTpFwzYu8tioiKtgyjTH.jpg', 'lg': 'https://static.amarintv.com/media/PJVlR0ljpO71QazqToP8YLotsRYobKeZ9nCf4LDueRC9Ri5Lpr9u6a6nRnJCooweUt.jpg', 'caption': 'อดีตผัวโหดตามยิงกลางวัด (3).jpg'}",https://www.amarintv.com/news/crime/556963
ตูมสนั่น ยาย 75 เดินไปปิดเตาแก๊สอุ่นอาหาร ระเบิดตูมบ้านพังยับ,556960,ตูมสนั่น ยาย 75 เดินไปปิดเตาแก๊สอุ่นอาหาร ระเบิดตูมบ้านพังยับ บาดเจ็บพร้อมสามี,8 กันยายน 2569,"{'name': 'อาชญากรรม', 'id': '66c3c4ce350823a8c40ffd4e', 'path': '/news/crime'}",False,/news/crime/556960,8 ก.ย. 69,"{'id': '6a9f5d85a416d6debb09f722', 'sm': 'https://static.amarintv.com/media/Dpe4A5wywPtey7wDhcocD8EPYnoljgwNlBEEXBXbMQKLwc06va4hsZN4yngsxOBYJ.jpg', 'md': 'https://static.amarintv.com/media/Dpe4A5wywPtey7wDhcocD8EPYnoljgwNlBEEXBXbMQKLwc06vbsD62qgxNmngIfIx.jpg', 'lg': 'https://static.amarintv.com/media/PJVlR0ljpO71QayamKTB2YBhjttpIrVGI0YyDDqwSmuEoHImnsxdBj8HlaSPz1FRsJ.jpg', 'caption': 'News Web_16-9 - 2026-09-08T075726.679.jpg'}",https://www.amarintv.com/news/crime/556960
"โปรดเกล้าฯ แต่งตั้งนายพลตำรวจ 281 ราย ""อิทธิพล-กฤษฎา"" นั่ง รอง ผบ.ตร.",556958,"โปรดเกล้าฯ แต่งตั้งนายพล 281 ราย! ""อิทธิพล-กฤษฎา"" ขึ้นรอง ผบ.ตร. - ""บิ๊กเต่า"" นั่งจเรตำรวจ",8 กันยายน 2569,"{'name': 'อาชญากรรม', 'id': '66c3c4ce350823a8c40ffd4e', 'path': '/news/crime'}",False,/news/crime/556958,8 ก.ย. 69,"{'id': '6a9f519a8c172006230d35b2', 'sm': 'https://static.amarintv.com/media/Dpe4A5wywPtey7v9vXheAws7yiUGVfH3cFU9pypqDBHavm1zn2Ra967d9hdhuTfQ5.jpg', 'md': 'https://static.amarintv.com/media/Dpe4A5wywPtey7v9vXheAws7yiUGVfH3cFU9pypqDBHavm1zn3E7OaaF8HjcdN9Bj.jpg', 'lg': 'https://static.amarintv.com/media/PJVlR0ljpO71QayLBnMP5PLo8ttAMwgk78CqopOFmcmqgoeROfx9SBQQ0bTINzsp2V.jpg', 'caption': 'LINE_ALBUM_ราชกิจจานุเบกษา_250715_2.jpg'}",https://www.amarintv.com/news/crime/556958
รวบ “โจ้ หมูก้อน” ทำร้ายน้าชายดับ ก่อนขนร่างทิ้งริมถนน,556952,รวบตัว “โจ้ หมูก้อน” ค้อนฟาดหัวน้าดับคาบ้าน นำร่างขึ้นกระบะหวังนำไปอำพราง แต่รถดับกลางทาง ก่อนโยนทิ้งใส่พงหญ้า อ้างฉุนถูกบ่น,7 กันยายน 2569,"{'name': 'อาชญากรรม', 'id': '66c3c4ce350823a8c40ffd4e', 'path': '/news/crime'}",False,/news/crime/556952,7 ก.ย. 69,"{'id': '6a9ec25c7224c0c4b601a2d2', 'sm': 'https://static.amarintv.com/media/Dpe4A5wywPtey6txnTPznOv3DYVmAvPfUmXvpghPtlm7Nz9AyaXswejKtkra13Did.jpg', 'md': 'https://static.amarintv.com/media/Dpe4A5wywPtey6txnTPznOv3DYVmAvPfUmXvpghPtlm7Nz9AybLPA8BwsKxVkxhTH.jpg', 'lg': 'https://static.amarintv.com/media/PJVlR0ljpO71QWhG6TfXMA9tUAhO7JGBXIeIzcVS8TW0hIn5WEl6scB3UkmdzGgOUt.jpg', 'caption': 'ปกใหม่_16-9 - 2026-09-07T205509.268.jpg'}",https://www.amarintv.com/news/crime/556952
รู้ตัวสาว 2 สัญชาติลอยดับแม่น้ำแควน้อย วงจรปิดจับภาพชัด,556929,แกะรอยจากกระเป๋าท่ารถตู้! รู้ตัวสาว 2 สัญชาติลอยดับแม่น้ำแควน้อย วงจรปิดจับภาพชัด,7 กันยายน 2569,"{'name': 'อาชญากรรม', 'id': '66c3c4ce350823a8c40ffd4e', 'path': '/news/crime'}",False,/news/crime/556929,7 ก.ย. 69,"{'id': '6a9e96359240d05017087f22', 'sm': 'https://static.amarintv.com/media/Dpe4A5wywPtey6g73HIAQZpsEirjyV5HxDkqjYx5bI1RyXapThft9vjcDWELoSQ8l.jpg', 'md': 'https://static.amarintv.com/media/Dpe4A5wywPtey6g73HIAQZpsEirjyV5HxDkqjYx5bI1RyXapTiTQOPCEB6KGXMutP.jpg', 'lg': 'https://static.amarintv.com/media/PJVlR0ljpO71QVqHRjbDFwAN8zR514f2KizdwKaJKEkBiAuGkiDDtQPC0MMa88noNv.jpg', 'caption': 'News Web_16-9 - 2026-09-07T174703.901.jpg'}",https://www.amarintv.com/news/crime/556929
อาลัย ผอ.โรงเรียนดีกรีรางวัลคุรุชนคนคุณธรรม เครียดดับคาบ้านพัก,556930,อาลัย ผอ.โรงเรียนดีกรีรางวัลคุรุชนคนคุณธรรม กำแพงเพชร เสียชีวิตคาบ้านพัก ครอบครัวเผยภาวะเครียดรุมเร้า ทั้งรื่องงาน-ซึมเศร้า,7 กันยายน 2569,"{'name': 'อาชญากรรม', 'id': '66c3c4ce350823a8c40ffd4e', 'path': '/news/crime'}",False,/news/crime/556930,7 ก.ย. 69,"{'id': '6a9e92eeff9d95cdf30824e2', 'sm': 'https://static.amarintv.com/media/Dpe4A5wywPtey6g7lohWZ3rQoPmOJ7KEpOyg9SUIgI0cBR4CDaafjiQ3LfbOcIjUZ.jpg', 'md': 'https://static.amarintv.com/media/Dpe4A5wywPtey6g7lohWZ3rQoPmOJ7KEpOyg9SUIgI0cBR4CDbOByBtfKFhJLDDFD.jpg', 'lg': 'https://static.amarintv.com/media/PJVlR0ljpO71QVqGHdXui58ouMd0dGRlQRKoNFpJKsgjrT5WeAxcLBUY103kiwjaQN.jpg', 'caption': 'อาลัย ผอ.โรงเรียน (3).jpg'}",https://www.amarintv.com/news/crime/556930
ป่าตองผวา! พบร่างนักท่องเที่ยวอเมริกันดับปริศนา 5 วัน คาห้องพัก,556920,ป่าตองผวา! พบร่างนักท่องเที่ยวอเมริกันดับปริศนาคาห้องพัก หลังเช็กเอาต์เกินกำหนด แม่บ้านเอะใจไม่เห็นหน้า 5 วัน ตร.เร่งประสานสถานทูตหาสาเหตุ,7 กันยายน 2569,"{'name': 'อาชญากรรม', 'id': '66c3c4ce350823a8c40ffd4e', 'path': '/news/crime'}",False,/news/crime/556920,7 ก.ย. 69,"{'id': '6a9e80ef5c8e97b4220ab812', 'sm': 'https://static.amarintv.com/media/Dpe4A5wywPtey6gofWqKTAkFCt2COxj3Q1BexDmmBKcayWpbnFX3iPkW3KH1FeH9b.jpg', 'md': 'https://static.amarintv.com/media/Dpe4A5wywPtey6gofWqKTAkFCt2COxj3Q1BexDmmBKcayWpbnGLZwtC81uNvyYluF.jpg', 'lg': 'https://static.amarintv.com/media/PJVlR0ljpO71QVozPfoGieY8zTZHPGsMNk6LIi7a8zLYr7lIFP4pLoKzgG3kFPkhqd.jpg', 'caption': 'ดับคาห้องพัก 5 วัน (3).jpg'}",https://www.amarintv.com/news/crime/556920
ลูกจ้างเทศบาลวัย 57 หึงโหดทำร้ายกิ๊กสาววัย 35 ดับคาห้อง แล้วจบชีวิตตาม,556913,ปิดฉากรักสามเส้า-หนี้ท่วม! ลูกจ้างเทศบาลวัย 57 ทำร้ายกิ๊กสาววัย 35 ดับคาห้อง ก่อนจะจบชีวิตตามใต้ต้นมะม่วง,7 กันยายน 2569,"{'name': 'อาชญากรรม', 'id': '66c3c4ce350823a8c40ffd4e', 'path': '/news/crime'}",False,/news/crime/556913,7 ก.ย. 69,"{'id': '6a9e7f516c9e75ba49033fe2', 'sm': 'https://static.amarintv.com/media/Dpe4A5wywPtey6gZhQmmjHsKnc0keQHDFe0EAJ3nKTZjm9kTzvXc2LRofhYvetSpv.jpg', 'md': 'https://static.amarintv.com/media/Dpe4A5wywPtey6gZhQmmjHsKnc0keQHDFe0EAJ3nKTZjm9kTzwK9GouQeHeqNnwaZ.jpg', 'lg': 'https://static.amarintv.com/media/PJVlR0ljpO71QVnzbWndPB0X47HIo6hGurU8go1rskJlHAR73lS3B6ZiQi9Y9eOobD.jpg', 'caption': 'News Web_16-9 - 2026-09-07T160923.322.jpg'}",https://www.amarintv.com/news/crime/556913
รวบลูกทรพีหลอนยา ตบ-ขู่รีดเงินแม่ตาบอดวันละ 300,556908,ลูกทรพีหลอนยา ตบ-ขู่รีดเงินแม่ตาบอดวันละ 300 ถ้าไม่ให้จะโดนซ้อมทารุณ,7 กันยายน 2569,"{'name': 'อาชญากรรม', 'id': '66c3c4ce350823a8c40ffd4e', 'path': '/news/crime'}",False,/news/crime/556908,7 ก.ย. 69,"{'id': '6a9e7039f44bd4cf3007e492', 'sm': 'https://static.amarintv.com/media/Dpe4A5wywPtey6gVhWOV5FqrAWDu8oAhX9cqGSQGdZcPlhEc8j4HXAf4aXn94R6lH.jpg', 'md': 'https://static.amarintv.com/media/Dpe4A5wywPtey6gVhWOV5FqrAWDu8oAhX9cqGSQGdZcPlhEc8krnld8gY7t4nMaVv.jpg', 'lg': 'https://static.amarintv.com/media/PJVlR0ljpO71QVni5txQfteRjdFf8ZMN1DwZz9YetbGoa8ibn95sPN6Z9QsSfBRfP3.jpg', 'caption': 'News Web_16-9 - 2026-09-07T150432.211.jpg'}",https://www.amarintv.com/news/crime/556908
ชายวัย32ช็อก หญิงคนสนิทรุ่นพี่ดับปริศนาคาห้องพัก หลังนัดพบผ่านแอปหาคู่,556907,ชายวัย32ช็อก หญิงคนสนิทรุ่นพี่ดับปริศนา หลังนัดพบผ่านแอปหาคู่ มาหาที่ห้องพัก ก่อนมีอาการอ่อนแรง เล่านาทีกินยาหลายเม็ดก่อนหมดลม,7 กันยายน 2569,"{'name': 'อาชญากรรม', 'id': '66c3c4ce350823a8c40ffd4e', 'path': '/news/crime'}",False,/news/crime/556907,7 ก.ย. 69,"{'id': '6a9e7026f48292377c0e15a2', 'sm': 'https://static.amarintv.com/media/Dpe4A5wywPtey6gVhVGmb24ejV0xWJirf459i4qEuV7GE4dtzg6ViSDpepVpOXoEd.jpg', 'md': 'https://static.amarintv.com/media/Dpe4A5wywPtey6gVhVGmb24ejV0xWJirf459i4qEuV7GE4dtzht1wvgRdPbj7SHzH.jpg', 'lg': 'https://static.amarintv.com/media/PJVlR0ljpO71QVni5pJUvItQN8N9xddRpxFcMKBtlYoBGRMxOnq4xyXyU7ylH8zAct.jpg', 'caption': 'ดับปริศนาหลังนัดแอปหาคู่ (3).jpg'}",https://www.amarintv.com/news/crime/556907
ช็อกวงการศึกษา! เสียงปืนสนั่น ผอ.รร.ดัง กำแพงเพชรสิ้นชีวิตคาบ้านพัก,556895,ช็อกวงการศึกษา! เสียงปืนสนั่น ผอ.โรงเรียนดังกำแพงเพชรสิ้นชีวิตคาบ้านพักส่วนตัว คาดปมความเครียดรุมเร้า ตร.เร่งตรวจสอบหาสาเหตุ,7 กันยายน 2569,"{'name': 'อาชญากรรม', 'id': '66c3c4ce350823a8c40ffd4e', 'path': '/news/crime'}",False,/news/crime/556895,7 ก.ย. 69,"{'id': '6a9e50b5eb844ee3e100c452', 'sm': 'https://static.amarintv.com/media/Dpe4A5wywPtey6ftn9H0883AU9rs4uBluTVQPfdy6a9sVPWtKUFrZhTCdMkPEQC8N.jpg', 'md': 'https://static.amarintv.com/media/Dpe4A5wywPtey6ftn9H0883AU9rs4uBluTVQPfdy6a9sVPWtKU3NoAvobwqJxKgs1.jpg', 'lg': 'https://static.amarintv.com/media/PJVlR0ljpO71QVlCdGYavxZHYqwhcSCn1N1xGB9IVRczFtb0eenhDpVRM5CxGLbymp.jpg', 'caption': 'ผอ.รร.สิ้นชีวิต (3).jpg'}",https://www.amarintv.com/news/crime/556895
ทนายตั้มซิ่งเจ็ตสกี ยื่น DSI สอบ กัน จอมพลัง แฉคลิปลับ-แช่แข็งบัญชีม้า,556885,ทนายตั้ม ซิ่งเจ็ตสกี ยื่น DSI สอบ “กัน จอมพลัง” แฉคลิปลับ-อ้างแช่แข็งบัญชีม้า,7 กันยายน 2569,"{'name': 'อาชญากรรม', 'id': '66c3c4ce350823a8c40ffd4e', 'path': '/news/crime'}",False,/news/crime/556885,7 ก.ย. 69,"{'id': '6a9e433c44efb068d9088fe2', 'sm': 'https://static.amarintv.com/media/Dpe4A5wywPtey6fa3yMIq86tRH8LuM9YfdFVA1IXqOu49Du8GJqJWH349zdrXvLcx.jpg', 'md': 'https://static.amarintv.com/media/Dpe4A5wywPtey6fa3yMIq86tRH8LuM9YfdFVA1IXqOu49Du8GKdpklWg8ZjmGppNb.jpg', 'lg': 'https://static.amarintv.com/media/PJVlR0ljpO71QVjxEbQH3doe6s4gexnfL6GCvhYlwY5tSHf6JRoCbkbiVnnwAsA23T.jpg', 'caption': 'News Web_16-9 - 2026-09-07T115247.594.jpg'}",https://www.amarintv.com/news/crime/556885
ไล่เส้นเงิน “หนึ่ง บ้านไผ่” ตัวเป็งค้ายา ยึดบ้าน-รถหรู-ที่ดิน 30 ล้าน,556887,ปฏิบัติการกวาดล้างยานรก ตร.ภาค 4 ร่วม ป.ป.ส. ลุยปิดล้อม 3 จุด ขอนแก่น ไล่เส้นเงิน “หนึ่ง บ้านไผ่” ตัวเป็งค้ายา ยึดบ้าน-รถหรู-ที่ดินรวม 30 ล้าน,7 กันยายน 2569,"{'name': 'อาชญากรรม', 'id': '66c3c4ce350823a8c40ffd4e', 'path': '/news/crime'}",False,/news/crime/556887,7 ก.ย. 69,"{'id': '6a9e421e7746f93ca00c5392', 'sm': 'https://static.amarintv.com/media/Dpe4A5wywPtey6fazLX1EkCr249Q7Xk2prTkbDnTkqyJfUftJERJOSjeTQYvpZKSR.jpg', 'md': 'https://static.amarintv.com/media/Dpe4A5wywPtey6fazLX1EkCr249Q7Xk2prTkbDnTkqyJfUftJFEpcwCGR0eqYToC5.jpg', 'lg': 'https://static.amarintv.com/media/PJVlR0ljpO71QVjwvVAfI4zLMvTABLaRuK02btAU3evFPWrAZTUx5QfMJ2xZrjGDdL.jpg', 'caption': 'ยึดทรัพย์ 30 ล้าน (3).jpg'}",https://www.amarintv.com/news/crime/556887
เด็กช่างตีกันกลาง BTS สยาม เจ็บ 2 ตำรวจเร่งเช็กกล้องวงจรปิดล่ามือมีด,556884,ระทึกกลางเมือง! เด็กช่างตีกันกลาง BTS สยาม เจ็บ 2 ราย ตำรวจปทุมวันปิดพื้นที่ เร่งเช็กกล้องวงจรปิด ล่าตัวมือมีดกลุ่คนมก่อเหตุมาดำเนินคดี,7 กันยายน 2569,"{'name': 'อาชญากรรม', 'id': '66c3c4ce350823a8c40ffd4e', 'path': '/news/crime'}",False,/news/crime/556884,7 ก.ย. 69,"{'id': '6a9e3c506322525f5601fc12', 'sm': 'https://static.amarintv.com/media/Dpe4A5wywPtey6fLfEJjf2cnc0tFSguF90Y4rNGt1ddRuH48DOCZjDOvP8fqksr7n.jpg', 'md': 'https://static.amarintv.com/media/Dpe4A5wywPtey6fLfEJjf2cnc0tFSguF90Y4rNGt1ddRuH48DOz5xgrXOillTnLsR.jpg', 'lg': 'https://static.amarintv.com/media/PJVlR0ljpO71QViveRJgnm2O7HsJ2fMUvWW2GaHzWxq5QcrN7Ln7W7LmIS58uNxEOB.jpg', 'caption': 'แทงเด็กช่างกลางBTS (3).jpg'}",https://www.amarintv.com/news/crime/556884
แม่ค้าตลาดนัดนอนไม่หลับ ขนหม้อ-เตาแก๊สคืนวัด ถูกมิจฉาชีพลบชื่อหลอกขาย,556879,แม่ค้าตลาดนัดนอนไม่หลับ! รีบขนหม้อ-เตาแก๊สคืนวัดสำนักบก หลังรู้ถูกมิจฉาชีพลบชื่อหลอกขาย อ้างเป็นทหารยึดของลูกหนี้มา,7 กันยายน 2569,"{'name': 'อาชญากรรม', 'id': '66c3c4ce350823a8c40ffd4e', 'path': '/news/crime'}",False,/news/crime/556879,7 ก.ย. 69,"{'id': '6a9e3a0dcf3d36e09f07e3c3', 'sm': 'https://static.amarintv.com/media/Dpe4A5wywPtey6fLVxnCrURTKUcqYskqgAHm2ye2pualZKFlrAcIjsxMxdq44eRjv.jpg', 'md': 'https://static.amarintv.com/media/Dpe4A5wywPtey6fLVxnCrURTKUcqYskqgAHm2ye2pualZKFlrBPoyMPywDwznYvUZ.jpg', 'lg': 'https://static.amarintv.com/media/PJVlR0ljpO71QViu2A5NI3tdIoebEEHdiIfeiUffuXr0b3pJnbiLNsvz0nqV10OHpD.jpg', 'caption': 'News Web_16-9 - 2026-09-07T111336.780.jpg'}",https://www.amarintv.com/news/crime/556879
ครอบครัว “น้องข้าวปั้น” เผชิญหน้า “สารวัตร อ.” เจ้าตัวรับสารภาพ,556870,เผชิญหน้าครั้งแรก! ครอบครัว “น้องข้าวปั้น” พบ “สารวัตร อ.” เจ้าตัวรับสารภาพ 2 ข้อหา ตำรวจเร่งตรวจนิติวิทยาศาสตร์ฟันคดีตรงไปตรงมา,7 กันยายน 2569,"{'name': 'อาชญากรรม', 'id': '66c3c4ce350823a8c40ffd4e', 'path': '/news/crime'}",False,/news/crime/556870,7 ก.ย. 69,"{'id': '6a9e1f2ff7478c1a71032e02', 'sm': 'https://static.amarintv.com/media/Dpe4A5wywPtey6ejyjfXklNLjGHiLVj9tdCKESfFF6CnnRbmltOltu6poScrxd0YV.jpg', 'md': 'https://static.amarintv.com/media/Dpe4A5wywPtey6ejyjfXklNLjGHiLVj9tdCKESfFF6CnnRbmluCH8OZRm2imgYUI9.jpg', 'lg': 'https://static.amarintv.com/media/PJVlR0ljpO71QVgP2yljZHobu5RLI1Gm3t25juYVCfo3oMCDZocTnJo48tTps4Z2fr.jpg', 'caption': 'News Web_16-9 - 2026-09-07T091820.505.jpg'}",https://www.amarintv.com/news/crime/556870
ด่วน! เพลิงไหม้โรงงานย่านอ้อมน้อย เจ้าหน้าที่เร่งระดมรถน้ำคุมเพลิง,556868,ด่วน! เพลิงไหม้โรงงานย่านอ้อมน้อย กระทุ่มแบน เจ้าหน้าที่เร่งระดมรถน้ำคุมเพลิง,7 กันยายน 2569,"{'name': 'อาชญากรรม', 'id': '66c3c4ce350823a8c40ffd4e', 'path': '/news/crime'}",False,/news/crime/556868,7 ก.ย. 69,"{'id': '6a9e158f063bbd51e1008d62', 'sm': 'https://static.amarintv.com/media/Dpe4A5wywPtey6egLu7H9FL5T6mxN4cixn62Z0kPLUfSYrRyhMQ76oJkOGCOFAKqZ.jpg', 'md': 'https://static.amarintv.com/media/Dpe4A5wywPtey6egLu7H9FL5T6mxN4cixn62Z0kPLUfSYrRyhNEeLHmMMqIIx4obD.jpg', 'lg': 'https://static.amarintv.com/media/PJVlR0ljpO71QVgA4h2I8NbOqWELPbH5q87GqtHoqwpN78tio6WDUXmOkiAVBP3pGN.jpg', 'caption': 'News Web_16-9 - 2026-09-07T083736.711.jpg'}",https://www.amarintv.com/news/crime/556868
นาทีตาวัย 78 โดดลงน้ำหนีตาย! ไฟไหม้บ้านไม้สัก 100 ปีวอดทั้งหลัง,556851,นาทีตาวัย 78 โดดลงน้ำหนีตาย! ไฟไหม้บ้านไม้สัก 100 ปีวอดทั้งหลัง สุดเศร้าเงินเยียวยาน้ำท่วมและเบี้ยผู้สูงอายุกลายเป็นเถ้าถ่าน,6 กันยายน 2569,"{'name': 'อาชญากรรม', 'id': '66c3c4ce350823a8c40ffd4e', 'path': '/news/crime'}",False,/news/crime/556851,6 ก.ย. 69,"{'id': '6a9d4d403c7f1916ec0c9492', 'sm': 'https://static.amarintv.com/media/Dpe4A5wywPtey5POdNGQ9ZFACqLzRLbEh9xuTR2Ak4yGE70n2DRKaZVwVAtO7vJXP.jpg', 'md': 'https://static.amarintv.com/media/Dpe4A5wywPtey5POdNGQ9ZFACqLzRLbEh9xuTR2Ak4yGE70n2EEqo2yYTkzJqpnH3.jpg', 'lg': 'https://static.amarintv.com/media/PJVlR0ljpO71QQW3umF4JhioLEMzs7NwwXLZNnxAcai1GfHWnDM21QeklGF6pV2P85.jpg', 'caption': 'News Web_16-9 - 2026-09-06T182236.062.jpg'}",https://www.amarintv.com/news/crime/556851
“ณัฐวุฒิ” ลุยยื่น ผบ.ตร. ขอออกหมายจับ “สมชัย-ยิ่งชีพ” ค้านประกัน,556852,พรุ่งนี้บุก ตร.! “ณัฐวุฒิ” เตรียมยื่น ผบ.ตร. ร้องศาลออกหมายจับ 6 คนดัง ‘สมชัย-ยิ่งชีพ’ ปมระดมทุนรับบริจาค ยันค้านประกันตัว หวั่นยุ่งเหยิงพยานหลักฐาน,6 กันยายน 2569,"{'name': 'อาชญากรรม', 'id': '66c3c4ce350823a8c40ffd4e', 'path': '/news/crime'}",False,/news/crime/556852,6 ก.ย. 69,"{'id': '6a9d4d3ff1ebb8fbbe0518c2', 'sm': 'https://static.amarintv.com/media/Dpe4A5wywPtey5POdMN6UbRG1FGrzafObc2OON77Vf0vZvqCZrpxauLDmgy5nSrvv.jpg', 'md': 'https://static.amarintv.com/media/Dpe4A5wywPtey5POdMN6UbRG1FGrzafObc2OON77Vf0vZvqCZsdTpNnplG40WNLgZ.jpg', 'lg': 'https://static.amarintv.com/media/PJVlR0ljpO71QQW3uidi0YmoTLFq8Va7nZN4utpjCzf1wY1j8AAj4oeT7ala02aRND.jpg', 'caption': 'ปกใหม่_16-9 - 2026-09-06T182155.339.jpg'}",https://www.amarintv.com/news/crime/556852
ด่วนไฟไหม้ รร.สวนกุหลาบธนบุรี ย่านบางขุนเทียน กู้ภัยระดมฉีดน้ำดับวุ่น,556844,ด่วน! ไฟไหม้ รร.สวนกุหลาบธนบุรี ย่านบางขุนเทียน กู้ภัยระดมฉีดน้ำดับวุ่น ล่าสุดเพลิงสงบไร้บาดเจ็บ,6 กันยายน 2569,"{'name': 'อาชญากรรม', 'id': '66c3c4ce350823a8c40ffd4e', 'path': '/news/crime'}",False,/news/crime/556844,6 ก.ย. 69,"{'id': '6a9d3619eca5d278970dcf82', 'sm': 'https://static.amarintv.com/media/Dpe4A5wywPtey5O2G3rqVta9Jh59IKyyBih8Gl8moZoxXWB9ZCITdWoY3uwfaO2y5.jpg', 'md': 'https://static.amarintv.com/media/Dpe4A5wywPtey5O2G3rqVta9Jh59IKyyBih8Gl8moZoxXWB9ZC5zr0HA2U2aJJWjj.jpg', 'lg': 'https://static.amarintv.com/media/PJVlR0ljpO71QQVZaeAW1tlafaHaZupwiaoQLSyTk16b2a8NhOeUNdVdyiPam6n4QV.jpg', 'caption': 'News Web_16-9 - 2026-09-06T164421.096.jpg'}",https://www.amarintv.com/news/crime/556844
หญิง 55 หายตัว 5 วัน กลายเป็นศพจมสระ ผัวเผยได้ยินเสียงร้องไห้ปริศนา,556842,ขนลุก! หญิง 55 หายตัว 5 วัน กลายเป็นศพจมสระสวนยาง ผัวเผยได้ยินเสียงร้องไห้ปริศนา ก่อนเมียดับ,6 กันยายน 2569,"{'name': 'อาชญากรรม', 'id': '66c3c4ce350823a8c40ffd4e', 'path': '/news/crime'}",False,/news/crime/556842,6 ก.ย. 69,"{'id': '6a9d3027f144b6ee4c092c22', 'sm': 'https://static.amarintv.com/media/Dpe4A5wywPtey5O1pXON4NyFMSkkSBjj3urnmi2Z2EdlpnfZRSEW3WHs5ovgz7bYp.jpg', 'md': 'https://static.amarintv.com/media/Dpe4A5wywPtey5O1pXON4NyFMSkkSBjj3urnmi2Z2EdlpnfZRS13HzkU4O1bi15JT.jpg', 'lg': 'https://static.amarintv.com/media/PJVlR0ljpO71QQVXkz4taJAxcwvD0ae4OM0LlOAqzQePh5HqXQSCUxKigZZYdImp0R.jpg', 'caption': 'News Web_16-9 - 2026-09-06T161901.197.jpg'}",https://www.amarintv.com/news/crime/556842
ด่วน! ไฟไหม้อาคารเจริญกรุง 13 สภาพเพลิงสงบแล้ว พบชายบาดเจ็บ 1,556839,ด่วน! ไฟไหม้อาคารพาณิชย์ เจริญกรุง 13 เจ้าหน้าที่เข้าระงับเหตุได้ทันควัน คุมเพลิงสงบได้แล้ว พบมีผู้บาดเจ็บ 1 ราย ถูกกระจกบาดหัวเข่า,6 กันยายน 2569,"{'name': 'อาชญากรรม', 'id': '66c3c4ce350823a8c40ffd4e', 'path': '/news/crime'}",False,/news/crime/556839,6 ก.ย. 69,"{'id': '6a9d243efb957dbca200d642', 'sm': 'https://static.amarintv.com/media/Dpe4A5wywPtey5OjAoP8FBsPQFklsHwZk6O7elPmR9zuqNGPPQzN6j9mmAJEP5WJP.jpg', 'md': 'https://static.amarintv.com/media/Dpe4A5wywPtey5OjAoP8FBsPQFklsHwZk6O7elPmR9zuqNGPPRmuLDcOkkO88zz33.jpg', 'lg': 'https://static.amarintv.com/media/PJVlR0ljpO71QQUIiqN6EvErAbFJsMH3qgdvoVyeGTTquSFw65JfYGbGbPqkcWBAK5.jpg', 'caption': 'ปกใหม่_16-9 - 2026-09-06T152828.124.jpg'}",https://www.amarintv.com/news/crime/556839
สั่งไล่ออก! ผู้ใหญ่บ้านศรีสะเกษฉี่ม่วง มั่วสุมเสพยากับวัยรุ่น,556829,ผู้ว่าฯศรีสะเกษ สั่งไล่ออก “ผู้ใหญ่บ้านฉี่ม่วง” มั่วสุมเสพยากับวัยรุ่น เร่งเดินหน้ากวาดล้างบ้านตัวเอง เพื่อสร้างความเชื่อมั่นให้กับประชาชน,6 กันยายน 2569,"{'name': 'อาชญากรรม', 'id': '66c3c4ce350823a8c40ffd4e', 'path': '/news/crime'}",False,/news/crime/556829,6 ก.ย. 69,"{'id': '6a9cfbd3bce78e389e0fd372', 'sm': 'https://static.amarintv.com/media/Dpe4A5wywPtey4OP6tgAqoLaeSLAhy1jKBKQsdacXdT8ob5hgVteQF6YnJlGVM8Gp.jpg', 'md': 'https://static.amarintv.com/media/Dpe4A5wywPtey4OP6tgAqoLaeSLAhy1jKBKQsdacXdT8ob5hgWhAejZAltrBEHb1T.jpg', 'lg': 'https://static.amarintv.com/media/PJVlR0ljpO71QMK10f6K0F5LXFDcPoBLLWyZBnfPK5EebBTkZbZyuqVwsAsVEKttgR.jpg', 'caption': 'ปกใหม่_16-9 - 2026-09-06T123555.771.jpg'}",https://www.amarintv.com/news/crime/556829
"เปิดหน้าชน สส.โฟล์ค ถูกส่งคลิปขู่ หลังยื่นมือช่วยคดี น้องข้าวปั้น""",556823,"เปิดหน้าชน! สส.โฟล์ค ถูกส่งคลิปเสียงขู่ หลังยื่นมือช่วยคดี ""น้องข้าวปั้น"" เหยื่อ พ.ต.ท. ชนแล้วหนี",6 กันยายน 2569,"{'name': 'อาชญากรรม', 'id': '66c3c4ce350823a8c40ffd4e', 'path': '/news/crime'}",False,/news/crime/556823,6 ก.ย. 69,"{'id': '6a9cf31720619044ef0b5c32', 'sm': 'https://static.amarintv.com/media/Dpe4A5wywPtey4OMcEyBr6F9p2rAyrqsd0m4E9ZA8v6gouANeEMQEAfhcEIHoXDGV.jpg', 'md': 'https://static.amarintv.com/media/Dpe4A5wywPtey4OMcEyBr6F9p2rAyrqsd0m4E9ZA8v6gouANeE9wSd8JaoOCXRg09.jpg', 'lg': 'https://static.amarintv.com/media/PJVlR0ljpO71QMKnZ50jDZ2uo5zlXWYXpPSnilhSC57o0N63qBAmIv43IOIqdSWWLr.jpg', 'caption': 'News Web_16-9 - 2026-09-06T115738.350.jpg'}",https://www.amarintv.com/news/crime/556823
มิจฉาชีพตีเนียน! พาบินดูโรงงานจีน ก่อนเชิดเงินผู้เสียหาย 20 ล้าน,556825,แนบเนียนขั้นเทพ! มิจฉาชีพจัดฉากเปิดบริษัท-พาบินไกลถึงจีน อ้างดึงยูทูบเบอร์ชื่อดังนับร้อย ช่วยไลฟ์ขายครีมได้ สุดท้ายถูกลอก เสียหายรวมพุ่ง 20 ล้าน,6 กันยายน 2569,"{'name': 'อาชญากรรม', 'id': '66c3c4ce350823a8c40ffd4e', 'path': '/news/crime'}",False,/news/crime/556825,6 ก.ย. 69,"{'id': '6a9cea8d828a536689040c12', 'sm': 'https://static.amarintv.com/media/Dpe4A5wywPtey4N64Ph9bS2YozLdATxKJmhPQk7DHCKKmNLABl7W9w22nTmjdE3y1.jpg', 'md': 'https://static.amarintv.com/media/Dpe4A5wywPtey4N64Ph9bS2YozLdATxKJmhPQk7DHCKKmNLABmu3OQVel3seL9Xjf.jpg', 'lg': 'https://static.amarintv.com/media/PJVlR0ljpO71QMJlOQMVqt6lyjVVvTs95tHRCgjy1C59zwZaGgZIvVpQkqGZUpaB9z.jpg', 'caption': 'ปกใหม่_16-9 - 2026-09-06T112212.705.jpg'}",https://www.amarintv.com/news/crime/556825
สลด! ลูกคลั่งสลิ้งแตก ขอยาซื้อเสพไม่ได้ ยกหิน 6 กก. ทุ่มหัวพ่อสาหัส,556822,สลด! ลูกคลั่งสลิ้งแตก ขอยาซื้อเสพไม่ได้ ยกหิน 6 กก. ทุ่มหัวพ่อ ชรบ. สาหัส,6 กันยายน 2569,"{'name': 'อาชญากรรม', 'id': '66c3c4ce350823a8c40ffd4e', 'path': '/news/crime'}",False,/news/crime/556822,6 ก.ย. 69,"{'id': '6a9ce30cc89ae8f3aa02bbe2', 'sm': 'https://static.amarintv.com/media/Dpe4A5wywPtey4N3e7NhOL1yd7yb8baju3G0zEtmeUhFdf9Rf6yZUEJU1VnzeCF4p.jpg', 'md': 'https://static.amarintv.com/media/Dpe4A5wywPtey4N3e7NhOL1yd7yb8baju3G0zEtmeUhFdf9Rf7l5ihl6z5tuM6jpT.jpg', 'lg': 'https://static.amarintv.com/media/PJVlR0ljpO71QMJXJyf3MlAMbs8TfjPtnliSG3iW5Owml2FCTwgIXE7NImblclz78R.jpg', 'caption': 'News Web_16-9 - 2026-09-06T105023.069.jpg'}",https://www.amarintv.com/news/crime/556822
อ่อนนุช 21เดือด! หนุ่มถอดเสื้อรัวหมัด-เตะอัดหน้าอริ กรามหักเจ็บสาหัส,556817,อ่อนนุช 21เดือด! หนุ่มถอดเสื้อต่อยล้ม ก่อนเตะอัดหน้าซ้ำ หน้าเหวอะ-กรามหัก-โหนกแก้มแตกเจ็บสาหัส ญาติหอบหลักฐานแจ้งความ,6 กันยายน 2569,"{'name': 'อาชญากรรม', 'id': '66c3c4ce350823a8c40ffd4e', 'path': '/news/crime'}",False,/news/crime/556817,6 ก.ย. 69,"{'id': '6a9cd1af9ed41fa098084fd2', 'sm': 'https://static.amarintv.com/media/Dpe4A5wywPtey4NkZh0PL7Pp678nAL2h2j87j7XZEOwogrSeffAbHO2nAZvkEvjit.jpg', 'md': 'https://static.amarintv.com/media/Dpe4A5wywPtey4NkZh0PL7Pp678nAL2h2j87j7XZEOwogrSeffx7VsVO891exqDTX.jpg', 'lg': 'https://static.amarintv.com/media/PJVlR0ljpO71QMIGVdtstWotNdoVCxDN3WjsAdKnffC3VAwV75rxwHQOEDdl0RmXYx.jpg', 'caption': 'ปกใหม่_16-9 - 2026-09-06T093536.462.jpg'}",https://www.amarintv.com/news/crime/556817
"รวบ ""เสือหนึ่ง"" สิ้นลายหนีซุกข้างเมรุ คดีขโมยทุเรียนชาวบ้าน",556810,"รวบ ""เสือหนึ่ง"" สิ้นลายหนีซุกข้างเมรุ จำนนด้วยหลักฐาน คดีขโมยทุเรียนชาวบ้าน หลังส่งสายลับซุ่มแฝงตัวจนสืบทราบรัง อึ้งคดีติดตัวเพียบ",5 กันยายน 2569,"{'name': 'อาชญากรรม', 'id': '66c3c4ce350823a8c40ffd4e', 'path': '/news/crime'}",False,/news/crime/556810,5 ก.ย. 69,"{'id': '6a9c05265164a4ae630c2f32', 'sm': 'https://static.amarintv.com/media/Dpe4A5wywPtey37rHc9jn1z5ExiA4vY97vnnv50KO8P2YuUcFfxq7IXWHTto0nXJr.jpg', 'md': 'https://static.amarintv.com/media/Dpe4A5wywPtey37rHc9jn1z5ExiA4vY97vnnv50KO8P2YuUcFglNLlz8F3zjjh04V.jpg', 'lg': 'https://static.amarintv.com/media/PJVlR0ljpO71QLEeCzsPKmSXpykbwXtN0wrqN4zYRyximLSb8m9LKYZGUijph5vKCh.jpg', 'caption': 'เสือหนึ่ง สิ้นลาย (3).jpg'}",https://www.amarintv.com/news/crime/556810
ศึกมรดกเลือด! หลานเดือดคว้ากรรไกรจ้วงน้าเจ็บ ปมขัดแย้งที่ดินบ้าน,556791,ศึกมรดกเลือดแม่เมาะ! หลานเดือดคว้ากรรไกรจ้วง ทำร้ายน้าชายเจ็บหนัก ปมขัดแย้งแค้นแบ่งที่ดิน-บ้านไม้สักบานปลาย อ้างถูกกดดันให้ขายทรัพย์สิน,5 กันยายน 2569,"{'name': 'อาชญากรรม', 'id': '66c3c4ce350823a8c40ffd4e', 'path': '/news/crime'}",False,/news/crime/556791,5 ก.ย. 69,"{'id': '6a9badb71a4e53826e0a1d92', 'sm': 'https://static.amarintv.com/media/Dpe4A5wywPtey26dQx7AS2eKj43iT2Kx36guoNencdJFPL85pysdXhUOZNhQBml21.jpg', 'md': 'https://static.amarintv.com/media/Dpe4A5wywPtey26dQx7AS2eKj43iT2Kx36guoNencdJFPL85pzf9mAw0XxnKuhFnf.jpg', 'lg': 'https://static.amarintv.com/media/PJVlR0ljpO71QG1a1YPnP68jqS5XsDqmC9pOmDse5iVfotdkIhFnHZaMec8dDSl8fz.jpg', 'caption': 'ศึกมรดกเลือด (3).jpg'}",https://www.amarintv.com/news/crime/556791
“โฆษก ตร.” ยืนยันทำคดี “ณัฐวุฒิ-สมชัย” ตรงไปตรงมา จ่อคุมเข้ม สน.,556758,"จ่อคุมเข้ม สน.! ""โฆษก ตร."" ยืนยันดำเนินคดี ""ณัฐวุฒิ"" ตามหลักฐาน หลังทำร้าย ""สมชัย"" กลางสถานที่ราชการ-เร่งวางมาตรการกันปะทะ",4 กันยายน 2569,"{'name': 'อาชญากรรม', 'id': '66c3c4ce350823a8c40ffd4e', 'path': '/news/crime'}",False,/news/crime/556758,4 ก.ย. 69,"{'id': '6a9ab9c6ccd04629d4029632', 'sm': 'https://static.amarintv.com/media/Dpe4A5wywPtey1qc9A2c7yrU6Vu2ta2LF6R1XUkQVThcyyJTqdwkl30WRQEdKvnqt.jpg', 'md': 'https://static.amarintv.com/media/Dpe4A5wywPtey1qc9A2c7yrU6Vu2ta2LF6R1XUkQVThcyyJTqekG0XS8P0KX3qHbX.jpg', 'lg': 'https://static.amarintv.com/media/PJVlR0ljpO71QBpVp5m3k9U6c5zj9k7rygpuYU9teAqK9xEdRQom8sY09lblVD3aax.jpg', 'caption': 'ปกใหม่_16-9 - 2026-09-04T192930.564.jpg'}",https://www.amarintv.com/news/crime/556758
ใครสั่งมา! 6 ล้อ 3 คัน บุกบริษัทอาหารสัตว์ เจ้าของยันไม่รู้เรื่อง,556741,ใครสั่งมา? รถบรรทุก 3 คัน ตีเนียน โผล่บริษัทอาหารสัตว์สระแก้ว อ้างมารับของ เจ้าของยันไม่เคยสั่งใครมา ก่อนแก๊งบงการขับเก๋งชิ่งหนี-ตร.ตามแกะรอย,4 กันยายน 2569,"{'name': 'อาชญากรรม', 'id': '66c3c4ce350823a8c40ffd4e', 'path': '/news/crime'}",False,/news/crime/556741,4 ก.ย. 69,"{'id': '6a9a96e021d442824f031302', 'sm': 'https://static.amarintv.com/media/Dpe4A5wywPtey1d5p11rYu9yjYV3pEqv0RQB6oQ10A5mQlwugSGc4iNvVgJQX0uTb.jpg', 'md': 'https://static.amarintv.com/media/Dpe4A5wywPtey1d5p11rYu9yjYV3pEqv0RQB6oQ10A5mQlwugS39JBqXUGPLGvOEF.jpg', 'lg': 'https://static.amarintv.com/media/PJVlR0ljpO71QAzkI2ZtMODOyIiZzlWlh1QMCKRoSvz4AkBSFMarLtHefLzYhE8wQd.jpg', 'caption': 'ปกใหม่_16-9 - 2026-09-04T170022.352.jpg'}",https://www.amarintv.com/news/crime/556741
ลมชักล้มต่อหน้า! หนุ่มควงแม่รับรถคืน จู่ๆ วูบพับกลางวงแถลงคดียา,556737,"ลมชักล้มต่อหน้านักข่าวและตำรวจ หนุ่มควงแม่รับรถคืน จู่ๆ วูบพับกลางวงแถลงคดียา ""มะระหวาน""",4 กันยายน 2569,"{'name': 'อาชญากรรม', 'id': '66c3c4ce350823a8c40ffd4e', 'path': '/news/crime'}",False,/news/crime/556737,4 ก.ย. 69,"{'id': '6a9a8e8c691d7439620cff92', 'sm': 'https://static.amarintv.com/media/Dpe4A5wywPtey1dqLraHLIbAM0etvm9Ksxe2yfpnINja0sL5ePe3KmGasNXe8cYPb.jpg', 'md': 'https://static.amarintv.com/media/Dpe4A5wywPtey1dqLraHLIbAM0etvm9Ksxe2yfpnINja0sL5eQSZZFjCqxdZrW2AF.jpg', 'lg': 'https://static.amarintv.com/media/PJVlR0ljpO71QAyiMTRzn8ze1Cu48o8kQ8XgUiv3j6CS1odPWvphmDJNS4UKwOZpud.jpg', 'caption': 'News Web_16-9 - 2026-09-04T162519.135.jpg'}",https://www.amarintv.com/news/crime/556737
“น้องแพทตี้” แจ้งความตำรวจไซเบอร์ มิจฉาชีพก๊อปเพจปลอมยอดฟอลพุ่ง 2 แสน,556739,“น้องแพทตี้” อินฟลูฯ ดัง แจ้งความตำรวจไซเบอร์ ถูกมิจฉาชีพก๊อปเพจปลอมยอดฟอลพุ่ง 2 แสน โพสต์สแปมลิงก์-ด่าหยาบ หวั่นแฟนคลับหลงเชื่อโอนเงิน,4 กันยายน 2569,"{'name': 'อาชญากรรม', 'id': '66c3c4ce350823a8c40ffd4e', 'path': '/news/crime'}",False,/news/crime/556739,4 ก.ย. 69,"{'id': '6a9a8b945566dfc6f401c542', 'sm': 'https://static.amarintv.com/media/Dpe4A5wywPtey1dp76hcqiD0btfPlnI9vrpFfQVnQg9ZCBcF3fzAdoPbjqFDwawTT.jpg', 'md': 'https://static.amarintv.com/media/Dpe4A5wywPtey1dp76hcqiD0btfPlnI9vrpFfQVnQg9ZCBcF3gmgsHsDiQK8fVQD7.jpg', 'lg': 'https://static.amarintv.com/media/PJVlR0ljpO71QAyhRfsKbqn2if3CbXnJC8RotFfUIQNhWWAAVFElwoAa1o0CejvBtb.jpg', 'caption': '“น้องแพทตี้”แจ้งความ (3).jpg'}",https://www.amarintv.com/news/crime/556739
รวบเจ้าของแผงทุเรียน อ้างพาลูกจ้างสาวเข้าบังกะโลจริง ปัดล่วงละเมิด,556733,ตำรวจจันทบุรี ตะครุบ เจ้าของแผงทุเรียน คดีพาลูกจ้างสาวเข้าบังกะโล เจ้าตัวอ้างแค่พักผ่อน ไม่ได้ล่วงละเมิด ก่อนปิดปากเงียบเข้าห้องขัง,4 กันยายน 2569,"{'name': 'อาชญากรรม', 'id': '66c3c4ce350823a8c40ffd4e', 'path': '/news/crime'}",False,/news/crime/556733,4 ก.ย. 69,"{'id': '6a9a87014b681db8f8004902', 'sm': 'https://static.amarintv.com/media/Dpe4A5wywPtey1dmwY2aFfHNsvIs9xsu5LhvLwwoc40oxlWWGIPfxYoTDkjbdDAeh.jpg', 'md': 'https://static.amarintv.com/media/Dpe4A5wywPtey1dmwY2aFfHNsvIs9xsu5LhvLwwoc40oxlWWGJDCB2G5CKpWL7ePL.jpg', 'lg': 'https://static.amarintv.com/media/PJVlR0ljpO71QAyUH0srssdyoyoBxLSxuHpY0pa3FYtacyQTPLuDGLlFrKFeShlkFP.jpg', 'caption': 'ปกใหม่_16-9 - 2026-09-04T155243.542.jpg'}",https://www.amarintv.com/news/crime/556733
EOD ตรวจสอบเหตุลอบวางระเบิด ระบบสูบน้ำพลังงานแสงอาทิตย์ ต.ลิดล ยะลา,556732,EOD ตรวจสอบเหตุลอบวางระเบิด ระบบสูบน้ำพลังงานแสงอาทิตย์ ต.ลิดล ยะลา กระทบการใช้น้ำของประชาชน,4 กันยายน 2569,"{'name': 'อาชญากรรม', 'id': '66c3c4ce350823a8c40ffd4e', 'path': '/news/crime'}",False,/news/crime/556732,4 ก.ย. 69,"{'id': '6a9a85f483ce4875dd0c6d62', 'sm': 'https://static.amarintv.com/media/Dpe4A5wywPtey1dmoLtQvW1vq7zOZ16gtPiysm2sMICXJIUA2bvKcgVwHvWHSIitP.jpg', 'md': 'https://static.amarintv.com/media/Dpe4A5wywPtey1dmoLtQvW1vq7zOZ16gtPiysm2sMICXJIUA2ciqq9yYGVcCBDCd3.jpg', 'lg': 'https://static.amarintv.com/media/PJVlR0ljpO71QAyTj6a5NkaA5ZBhgytpI0PvaQh4eFLxjsWnmqSu99YjsYmc9eg6y5.jpg', 'caption': 'News Web_16-9 - 2026-09-04T154435.778.jpg'}",https://www.amarintv.com/news/crime/556732
ผู้ปกครองผวา นักเรียน รร.ดัง นนทบุรี โพสต์รูปปืนลงโซเชียล,556725,ตำรวจสยบข่าวลือ! เช็กวุ่น นักเรียน รร.ดังย่านนนทบุรี โพสต์รูปปืน ยันก๊อปเน็ต-บ้านไม่มีของจริง,4 กันยายน 2569,"{'name': 'อาชญากรรม', 'id': '66c3c4ce350823a8c40ffd4e', 'path': '/news/crime'}",False,/news/crime/556725,4 ก.ย. 69,"{'id': '6a9a7f81fa89107d7b0abfd2', 'sm': 'https://static.amarintv.com/media/Dpe4A5wywPtey1dXTLINTkXZ89KeDO5bcT8zj0l9aN3KOs8q0aexoBwLFvlratDLv.jpg', 'md': 'https://static.amarintv.com/media/Dpe4A5wywPtey1dXTLINTkXZ89KeDO5bcT8zj0l9aN3KOs8q0bST2fOxEVrmJng6Z.jpg', 'lg': 'https://static.amarintv.com/media/PJVlR0ljpO71QAxSPL7482MrRyjSFXnLW6fK8BO1mRVwQxsk4VFKxfJkyJoyM7MsjD.jpg', 'caption': 'News Web_16-9 - 2026-09-04T151801.751.jpg'}",https://www.amarintv.com/news/crime/556725
เดือด! “ณัฐวุฒิ” บุกผลัก “สมชัย” ล้มตกรถจักรยาน ต่อหน้าตร.ทองหล่อ,556723,"สุดกร่าง! “สมชัย” มาแจ้งความ โดน “ณัฐวุฒิ” ดักรอปรี่ผลักล้มตกจักรยาน ได้รับบาดเจ็บ ต่อหน้าต่อตาตำรวจ ลั่น ""กูไม่กลัวมึง"" ก่อนชี้หน้าด่านักข่าวลำเอียง",4 กันยายน 2569,"{'name': 'อาชญากรรม', 'id': '66c3c4ce350823a8c40ffd4e', 'path': '/news/crime'}",False,/news/crime/556723,4 ก.ย. 69,"{'id': '6a9a798a0d7c97abb80b30e2', 'sm': 'https://static.amarintv.com/media/Dpe4A5wywPtey1dT8mfORz33XBFWW5xtVTT3Ba48qCTJHNWVmNHKilhdsvjssaQzz.jpg', 'md': 'https://static.amarintv.com/media/Dpe4A5wywPtey1dT8mfORz33XBFWW5xtVTT3Ba48qCTJHNWVmN4qxFAFrVpnbUukd.jpg', 'lg': 'https://static.amarintv.com/media/PJVlR0ljpO71QAxEeS869oSwnCeIWqpVN9wHL5JQhjhDnxKRPnzlZGy3tLgngBpD9j.jpg', 'caption': 'ปกใหม่_16-9 - 2026-09-04T145534.346.jpg'}",https://www.amarintv.com/news/crime/556723
รวบตัวการใหญ่ “Lucky Nine” สแกมเมอร์เกาหลี ตุ๋นเหยื่ออ่วม 250 ล้าน,556700,รวบตัวการใหญ่ “Lucky Nine” สแกมเมอร์เกาหลีใต้คาคอนโดหรู ตุ๋นลงทุนกาสิโนเหยื่ออ่วม 250 ล้าน หนีหมายจับอินเตอร์โพลกบกบดานไทย Overstay 260 วัน,4 กันยายน 2569,"{'name': 'อาชญากรรม', 'id': '66c3c4ce350823a8c40ffd4e', 'path': '/news/crime'}",False,/news/crime/556700,4 ก.ย. 69,"{'id': '6a9a545452a445fbf80f2f92', 'sm': 'https://static.amarintv.com/media/Dpe4A5wywPtey1crrYohltoA8erCfviYflCy0tCpk0mupc4j4QGWmFWaBjcigTOO5.jpg', 'md': 'https://static.amarintv.com/media/Dpe4A5wywPtey1crrYohltoA8erCfviYflCy0tCpk0mupc4j4Q320izCAJidPNr9j.jpg', 'lg': 'https://static.amarintv.com/media/PJVlR0ljpO71QAugbLxYvydOBwtsXKWBMc7n7r9BuJSArNXmQKKRLd7OczfDaAkVmV.jpg', 'caption': 'รวบตัวการใหญ่ (3).jpg'}",https://www.amarintv.com/news/crime/556700
รวบหนุ่มบัญชีม้า - สาวฉ้อโกง บุพเพนำพาถูกจับคาสถานีขนส่งเดียวกัน,556682,หนียังไงให้เจอกัน! รวบ 2 ผู้ต้องหาคดีโกง คา บขส.มุกดาหาร โดนจับพร้อมกันแบบไม่ได้นัดหมาย,4 กันยายน 2569,"{'name': 'อาชญากรรม', 'id': '66c3c4ce350823a8c40ffd4e', 'path': '/news/crime'}",False,/news/crime/556682,4 ก.ย. 69,"{'id': '6a9a402bad58dba9b609abe2', 'sm': 'https://static.amarintv.com/media/Dpe4A5wywPtey1cYb2czuRnPoePQSq34dCbPzmq1QCkPeQqfetP6blOEuwqNMSkkl.jpg', 'md': 'https://static.amarintv.com/media/Dpe4A5wywPtey1cYb2czuRnPoePQSq34dCbPzmq1QCkPeQqfeuDcqEqqtWwH5NEVP.jpg', 'lg': 'https://static.amarintv.com/media/PJVlR0ljpO71QAtO7G3DpGyEnK3BTLI1J4EhXJu74Opp683gCuhzILgwngFbXX6nHv.jpg', 'caption': 'News Web_16-9 - 2026-09-04T105018.900.jpg'}",https://www.amarintv.com/news/crime/556682
จับหนุ่มสิงคโปร์หนีคดี! ซุกยาพิษ-ระเบิด วางแผนเตรียมสังหารหมู่,556679,สืบนครบาลบุกจับหนุ่มสิงคโปร์ หนีคดีกบดานไทยเกือบ 3 ปี ผงะซุกคลังยาพิษ-สารประกอบวัตถุระเบิดกลางคอนโด อึ้งวางแผนเตรียมใช้สังหารหมู่,4 กันยายน 2569,"{'name': 'อาชญากรรม', 'id': '66c3c4ce350823a8c40ffd4e', 'path': '/news/crime'}",False,/news/crime/556679,4 ก.ย. 69,"{'id': '6a9a38972f7aa38f7a05ac33', 'sm': 'https://static.amarintv.com/media/Dpe4A5wywPtey1cGFmKBMDbt9BizVmSWo6ABeBwmIzZNRYGScL3q5Mz3G0ctqJ8T7.jpg', 'md': 'https://static.amarintv.com/media/Dpe4A5wywPtey1cGFmKBMDbt9BizVmSWo6ABeBwmIzZNRYGScMrNJqSfFaioZEcEl.jpg', 'lg': 'https://static.amarintv.com/media/PJVlR0ljpO71QAsBJLjW5wOh18byBQHzjBeGH9WtecQGzxgAMQx7Cay4ilrxeqWmYl.jpg', 'caption': 'วางแผนสังหารหมู่ (3).jpg'}",https://www.amarintv.com/news/crime/556679
ตำรวจท่องเที่ยวพัทยา นำโดรนดูแลความปลอดภัยนักท่องเที่ยวพัทยา,556673,ตำรวจท่องเที่ยวพัทยา นำโดรนสายตรวจบินดูแลความปลอดภัยนักท่องเที่ยวชายหาด–วอล์กกิ้งสตรีท–แหลมบาลีฮาย,4 กันยายน 2569,"{'name': 'อาชญากรรม', 'id': '66c3c4ce350823a8c40ffd4e', 'path': '/news/crime'}",False,/news/crime/556673,4 ก.ย. 69,"{'id': '6a9a317fe690f7fd92043692', 'sm': 'https://static.amarintv.com/media/Dpe4A5wywPtey1cFjb8DXDEaNNErKgli1pjYj4sRxaUXHV8dm6vdOXjKUl9msOLEJ.jpg', 'md': 'https://static.amarintv.com/media/Dpe4A5wywPtey1cFjb8DXDEaNNErKgli1pjYj4sRxaUXHV8dm7i9c1BwTMFhbIoyx.jpg', 'lg': 'https://static.amarintv.com/media/PJVlR0ljpO71QAr9AXd75KqQOh9YPcnF7loJeSK1eEsHcWtsUqUAflH1pb7ktNtPIJ.jpg', 'caption': 'News Web_16-9 - 2026-09-04T094817.932.jpg'}",https://www.amarintv.com/news/crime/556673
2 คนร้ายงัดห้องพัทยา ฉกทอง 11 บาท เช่าโรงแรมสวมบัตรคนอื่นหลบตำรวจ,556669,เพิ่งพ้นโทษคดีฆ่า! 2 คนร้ายงัดห้องพัทยา ฉกทอง 11 บาท เช่าโรงแรมสวมบัตรคนอื่นหลบตำรวจ,4 กันยายน 2569,"{'name': 'อาชญากรรม', 'id': '66c3c4ce350823a8c40ffd4e', 'path': '/news/crime'}",False,/news/crime/556669,4 ก.ย. 69,"{'id': '6a9a22d53603f0bfa4019662', 'sm': 'https://static.amarintv.com/media/Dpe4A5wywPtey1bwrtr8cBY4nkSOAJhRqv3HPfiimKLAgdfDuJVxEtI2w79nYSWBX.jpg', 'md': 'https://static.amarintv.com/media/Dpe4A5wywPtey1bwrtr8cBY4nkSOAJhRqv3HPfiimKLAgdfDuKJTTMleviFiHMzwB.jpg', 'lg': 'https://static.amarintv.com/media/PJVlR0ljpO71QAqtGktjlrw11b1PynXbCltj6CSq5kBcKFyPcaR8buNVOgxng48dp7.jpg', 'caption': 'News Web_16-9 - 2026-09-04T084519.227.jpg'}",https://www.amarintv.com/news/crime/556669
ไฟไหม้โกดังรีไซเคิลกลางดึก พื้นที่กว่า1ไร่ครึ่ง คุมเพลิงอยู่ในวงจำกัด,556667,ไฟไหม้ร้านรับซื้อพลาสติกรีไซเคิลกลางดึก พื้นที่กว่า 1 ไร่ครึ่ง ระดมรถดับเพลิงเกือบ 10 คัน ใช้ 3 ชั่วโมงคุมเพลิงอยู่ในวงจำกัด,4 กันยายน 2569,"{'name': 'อาชญากรรม', 'id': '66c3c4ce350823a8c40ffd4e', 'path': '/news/crime'}",False,/news/crime/556667,4 ก.ย. 69,"{'id': '6a9a1d60c5653c462f0f1412', 'sm': 'https://static.amarintv.com/media/Dpe4A5wywPtey1bhbTrWJgWN7JXidkCd2sAdI9zswpKUdKyWyxTnOuis96LKoQAtX.jpg', 'md': 'https://static.amarintv.com/media/Dpe4A5wywPtey1bhbTrWJgWN7JXidkCd2sAdI9zswpKUdKyWyyHJdOBU8gRFXKeeB.jpg', 'lg': 'https://static.amarintv.com/media/PJVlR0ljpO71QApsExVBdTlvmOtQWIyPX3r6VJTi458ogcn8NlTDzIECyFTQ0zSjV7.jpg', 'caption': 'News Web_16-9 (1).jpg'}",https://www.amarintv.com/news/crime/556667
เฒ่า 64 พกปืนซุ่มยิงเพื่อนรักดับกลางตลาด  ก่อนลั่นไกปลิดชีพตาม,556664,ปมยืมเงินแค้นสะสม! เฒ่า 64 พกปืน 11 มม. 2 กระบอก ซุ่มยิงเพื่อนรักดับกลางตลาด ก่อนลั่นไกปลิดชีพตาม,4 กันยายน 2569,"{'name': 'อาชญากรรม', 'id': '66c3c4ce350823a8c40ffd4e', 'path': '/news/crime'}",False,/news/crime/556664,4 ก.ย. 69,"{'id': '6a9a0f05e592a4944d0ebf42', 'sm': 'https://static.amarintv.com/media/Dpe4A5wywPtey1bOnRjncOXa5QV1mK1cmN89ZisERTlPhX0nmXlHD4WQRplkxkQdH.jpg', 'md': 'https://static.amarintv.com/media/Dpe4A5wywPtey1bOnRjncOXa5QV1mK1cmN89ZisERTlPhX0nmYYnSXy2QPrfgeuNv.jpg', 'lg': 'https://static.amarintv.com/media/PJVlR0ljpO71QAocaMjI4jWvKbgRXm0uJztzjhT7pe5yJ0dVkVHO8WgkPS2WzU5iN3.jpg', 'caption': 'News Web_16-9 - 2026-09-04T072021.479.jpg'}",https://www.amarintv.com/news/crime/556664
รวบสาวแสบ “ลวงรักสลับร่าง” ปลอมโปรไฟล์หลอกหนุ่มธุรกิจ สูญกว่า 7 ล้าน,556657,"CIB รวบสาวแสบ ""ลวงรักสลับร่าง"" ปลอมโปรไฟล์สวย หลอกเงินหนุ่มนักธุรกิจนาน 5 ปี สูญกว่า 7 ล้านบาท จนต้องขายทรัพย์สิน",3 กันยายน 2569,"{'name': 'อาชญากรรม', 'id': '66c3c4ce350823a8c40ffd4e', 'path': '/news/crime'}",False,/news/crime/556657,3 ก.ย. 69,"{'id': '6a9983b4409fc463e70fca43', 'sm': 'https://static.amarintv.com/media/Dpe4A5wywPteyC9QNfzQg6ccgJXxVjYx25SZ30nJ725KodjbzHP92o0GmnRNCQ01X.jpg', 'md': 'https://static.amarintv.com/media/Dpe4A5wywPteyC9QNfzQg6ccgJXxVjYx25SZ30nJ725KodjbzIDgHISslNXHvLUmB.jpg', 'lg': 'https://static.amarintv.com/media/PJVlR0ljpO71MoU67xZqQBXfuuuPvEKZ8wkC6lTrJQwD9IGW25oDT4byV1QMr8vyX7.jpg', 'caption': 'ปกใหม่_16-9 - 2026-09-03T212504.570.jpg'}",https://www.amarintv.com/news/crime/556657
ศาลสั่งคุมตัว ม.3 ยิงในรร.กำแพงเพชร ชี้หากปล่อยกลับหวั่นก่อเหตุซ้ำ,556642,ศาลเยาวชนฯ สั่งคุมตัวนักเรียนม.3 ยิงในโรงเรียนกำแพงเพชร ชี้หากปล่อยกลับหวั่นก่อเหตุซ้ำ และเพื่อประโยชน์สูงสุดของเด็ก,3 กันยายน 2569,"{'name': 'อาชญากรรม', 'id': '66c3c4ce350823a8c40ffd4e', 'path': '/news/crime'}",False,/news/crime/556642,3 ก.ย. 69,"{'id': '6a995a223b8062ed78036dc2', 'sm': 'https://static.amarintv.com/media/Dpe4A5wywPteyC8Yud2tH9EROHxAVMed2WyTFLFRIXlaDVYspWVHr4fY9o3DdhXMR.jpg', 'md': 'https://static.amarintv.com/media/Dpe4A5wywPteyC8Yud2tH9EROHxAVMed2WyTFLFRIXlaDVYspXIn6X8A8O88Mb065.jpg', 'lg': 'https://static.amarintv.com/media/PJVlR0ljpO71MoRYL5X8U8JpIUKVZhj1WeLsxXvwulcfjyWEan5NnhIUM54dOi9UrL.jpg', 'caption': 'News Web_16-9 (25).jpg'}",https://www.amarintv.com/news/crime/556642
"บุกช่วย ""นักศึกษาสาว"" เหยื่อแก๊งคอลฯ สูญ 8.5 แสน-ส่งเงินสดคนจีน",556634,สืบนครบาล บุกช่วยนักศึกษาสาว เหยื่อแก๊งสแกมเมอร์ หลังถูกหลอกกักขังผ่านวิดีโอคอล สูญ 8.5 แสน นำเงินสดส่งให้คนจีนหน้าคอนโดพญาไท,3 กันยายน 2569,"{'name': 'อาชญากรรม', 'id': '66c3c4ce350823a8c40ffd4e', 'path': '/news/crime'}",False,/news/crime/556634,3 ก.ย. 69,"{'id': '6a994e8ff92ae427df057292', 'sm': 'https://static.amarintv.com/media/Dpe4A5wywPteyC8GF0evs5Q4NluuhxLcdrqfsuWy893F4bR4tutwY6TYWKeiIQdsh.jpg', 'md': 'https://static.amarintv.com/media/Dpe4A5wywPteyC8GF0evs5Q4NluuhxLcdrqfsuWy893F4bR4tvhSnZwAUukc1K7dL.jpg', 'lg': 'https://static.amarintv.com/media/PJVlR0ljpO71MoQJKIvDDedyIL3CLhFTkoXg8vcOf1heZCp8QwpBpMktj2ZRytOP3P.jpg', 'caption': 'ปกใหม่_16-9 - 2026-09-03T173926.333.jpg'}",https://www.amarintv.com/news/crime/556634
"หญิง 56 ร้องศัลยกรรมทำพิษ ผ่าแก้ตาตกได้แผล ""4คิ้ว"" ลุยตรวจคลินิก",556619,"หญิงวัย56 ร้องหมอไม่รับผิดชอบ หลังผ่าตัดยกคิ้วหวังแก้ตาตก แต่ได้รอยแผลเป็นใหญ่ถูกล้อ""สี่คิ้ว"" ด้าน""ธนกฤต"" ลงพื้นที่พร้อมหน่วยงานตรวจสอบข้อเท็จจริง",3 กันยายน 2569,"{'name': 'อาชญากรรม', 'id': '66c3c4ce350823a8c40ffd4e', 'path': '/news/crime'}",False,/news/crime/556619,3 ก.ย. 69,"{'id': '6a993afcd51d0c7fc40bd2c2', 'sm': 'https://static.amarintv.com/media/Dpe4A5wywPteyC7w1MjLHKuHPNz2q8zWlpbpDfGlyUm1WesOJJM0TRTmoXS9LUKcd.jpg', 'md': 'https://static.amarintv.com/media/Dpe4A5wywPteyC7w1MjLHKuHPNz2q8zWlpbpDfGlyUm1WesOJKAWhuwOm7Y34OoNH.jpg', 'lg': 'https://static.amarintv.com/media/PJVlR0ljpO71MoO1tp3P3mWZ41INzdKFVhINgcbSHzKcU2ymZnrBxzTqlDThfWctit.jpg', 'caption': 'News Web_16-9 (19).jpg'}",https://www.amarintv.com/news/crime/556619
ยังร่าเริงไม่สลด! คุม 15 เยาวชนไล่ยิง-ปาบึ้ม ส่งศาลฯ ค้านประกันตัว,556612,คุมตัว 15 เยาวชน ส่งศาลเยาวชนฯ ไร้สลด หลังรวบยกแก๊ง “เด็กบ้าน”  19 ราย คดีไล่ยิง-ปาบึ้มถล่มช่างกลดับ 1 เจ็บอื้อ ตร.ยื่นค้านประกันตัวทั้งหมด,3 กันยายน 2569,"{'name': 'อาชญากรรม', 'id': '66c3c4ce350823a8c40ffd4e', 'path': '/news/crime'}",False,/news/crime/556612,3 ก.ย. 69,"{'id': '6a992eacd7d841bae909dc22', 'sm': 'https://static.amarintv.com/media/Dpe4A5wywPteyC7eMWs9DDrSUbOtFdlpnOdmhAtF18sYXhmHyEk2mSTGVvW5em3pj.jpg', 'md': 'https://static.amarintv.com/media/Dpe4A5wywPteyC7eMWs9DDrSUbOtFdlpnOdmhAtF18sYXhmHyFYY0vvsUVc0NhXaN.jpg', 'lg': 'https://static.amarintv.com/media/PJVlR0ljpO71MoNmrDzuEnQvqYcyKmPh39wTGTAMO2rSpMxaOmoRUVZhOMpyRDxZnf.jpg', 'caption': 'ปกใหม่_16-9 - 2026-09-03T152254.394.jpg'}",https://www.amarintv.com/news/crime/556612
ร.ต.อ.เมากร่างมอบตัว สาดกระสุนไล่วัยรุ่น ปฏิเสธยิงปืน รับแค่ทำตกใจ,556610,ร.ต.อ.เมากร่างมอบตัว ปมสาดปืนแบลงก์กันขู่ไล่กลุ่มวัยรุ่นอุดรธานี ปฏิเสธพก-ยิงปืน รับแค่ทำตกใจ ตร.ปล่อยตัวชั่วคราว,3 กันยายน 2569,"{'name': 'อาชญากรรม', 'id': '66c3c4ce350823a8c40ffd4e', 'path': '/news/crime'}",False,/news/crime/556610,3 ก.ย. 69,"{'id': '6a9928fd3d419baa500ea233', 'sm': 'https://static.amarintv.com/media/Dpe4A5wywPteyC7a13b8uiuugjK3Jnd6bTyrSH3ptRAH0lQzPURRwxXIEVosx7LVD.jpg', 'md': 'https://static.amarintv.com/media/Dpe4A5wywPteyC7a13b8uiuugjK3Jnd6bTyrSH3ptRAH0lQzPVEyBQzuC5ung1pFr.jpg', 'lg': 'https://static.amarintv.com/media/PJVlR0ljpO71MoNY6g7g0PfCGdO7txBnSxzUu0l2S6MgZL3dlJZXPrqKUSfR21iW5X.jpg', 'caption': 'ร.ต.อ.เมากร่างมอบตัว (3).jpg'}",https://www.amarintv.com/news/crime/556610
สน.วังทองหลาง บุกตรวจ 5 ร้านดังซอยมหาดไทย เข้มกวาดล้างยา-อาวุธ,556584,สน.วังทองหลาง บุกตรวจ 5 ร้านดังซอยมหาดไทย เข้มกวาดล้างยา-อาวุธ เคาะปิดตามเวลา ไร้สิ่งผิดกฎหมาย,3 กันยายน 2569,"{'name': 'อาชญากรรม', 'id': '66c3c4ce350823a8c40ffd4e', 'path': '/news/crime'}",False,/news/crime/556584,3 ก.ย. 69,"{'id': '6a98fab961f6e0e211072232', 'sm': 'https://static.amarintv.com/media/Dpe4A5wywPteyB7HaEz8wJXQdeS8r20vxaFzVHTbdC56U1ijH5NgsShp5UffFMnAR.jpg', 'md': 'https://static.amarintv.com/media/Dpe4A5wywPteyB7HaEz8wJXQdeS8r20vxaFzVHTbdC56U1ijH6BC6wAR34lZyHGu5.jpg', 'lg': 'https://static.amarintv.com/media/PJVlR0ljpO71MkEGnp8m6ysEBvIWpMd3WDuD9MMRZ6HO2JItCj503IXsHDvNOFUlJL.jpg', 'caption': 'News Web_16-9 - 2026-09-03T114140.006.jpg'}",https://www.amarintv.com/news/crime/556584
ยิงสนั่นชัยภูมิ! หนุ่ม15 ถูกรัว 3 นัดดับ รวบเยาวชน 17 อ้างทิ้งปืนลงน้ำ,556578,ยิงสนั่นเมืองชัยภูมิ! หนุ่ม 15  ถูกกลุ่มวัยรุ่นไล่ยิง 3 นัด ทางเข้าบ้านหนองบ่อ เสียชีวิตโรงพยาบาล ด้านตร.ล็อกตัวเยาวชน17 ปี พร้อมพวกอ้างโยนปืนทิ้งน้ำ,3 กันยายน 2569,"{'name': 'อาชญากรรม', 'id': '66c3c4ce350823a8c40ffd4e', 'path': '/news/crime'}",False,/news/crime/556578,3 ก.ย. 69,"{'id': '6a98f8b7ab8f0a2efb069c02', 'sm': 'https://static.amarintv.com/media/Dpe4A5wywPteyB7EX2XhGlmy9CEB3nsB5GIU2Namo2gPl5BTKPgHbGGnN2wHKAL4B.jpg', 'md': 'https://static.amarintv.com/media/Dpe4A5wywPteyB7EX2XhGlmy9CEB3nsB5GIU2Namo2gPl5BTKQTnpjjPMc2B24pop.jpg', 'lg': 'https://static.amarintv.com/media/PJVlR0ljpO71MkD4GkhKrRWSgAgnzt7x5vUaL1b5mxHKcjbZILumgHCC7pPyb38rTH.jpg', 'caption': 'News Web_16-9 (11).jpg'}",https://www.amarintv.com/news/crime/556578
ตร.แจ้ง 4 ข้อหาม.3กราดยิงในรร.- พ่อรับป่วยซึมเศร้า ลูกเผยทำเพราะโกรธ,556575,คืบหน้านักเรียนม.3 บุกยิงในโรงเรียน รอง ผบช.ภาค 6 แจ้ง 4 ข้อหาหนัก พ่อเผยลูกป่วยซึมเศร้า เจ้าตัวรับสารภาพทำไปเพราะโกรธ รู้สึกโล่งใจหลังได้คุยครอบครัว,3 กันยายน 2569,"{'name': 'อาชญากรรม', 'id': '66c3c4ce350823a8c40ffd4e', 'path': '/news/crime'}",False,/news/crime/556575,3 ก.ย. 69,"{'id': '6a98eecf95243f848f087a72', 'sm': 'https://static.amarintv.com/media/Dpe4A5wywPteyB6yvV1cbZTUYphw6iLnV0TyC497T0eygMgvD0u1YoGK3h73JuUsF.jpg', 'md': 'https://static.amarintv.com/media/Dpe4A5wywPteyB6yvV1cbZTUYphw6iLnV0TyC497T0eygMgvD1iXnHiw2IDx2oyct.jpg', 'lg': 'https://static.amarintv.com/media/PJVlR0ljpO71MkC1lgQtbKfyN1hgFvKCeMBwoDVy56vOk7tQTvfeR9YJ9rUam0fEBn.jpg', 'caption': 'News Web_16-9 (9).jpg'}",https://www.amarintv.com/news/crime/556575
ก.พลังงาน แจ้งจับ ผู้บริหาร Data Center ซุกน้ำมันชั้นใต้ดิน 2 แสนลิตร,556576,ก.พลังงาน บุก สน.มักกะสัน แจ้งความจับ ผู้บริหาร Data Center แอบซุกน้ำมันชั้นใต้ดิน 2 แสนลิตร ย่านพระราม 9 ไร้ใบอนุญาต เสี่ยงอันตรายกลางเมือง,3 กันยายน 2569,"{'name': 'อาชญากรรม', 'id': '66c3c4ce350823a8c40ffd4e', 'path': '/news/crime'}",False,/news/crime/556576,3 ก.ย. 69,"{'id': '6a98edbf59d517d05a0c9122', 'sm': 'https://static.amarintv.com/media/Dpe4A5wywPteyB6yquJiXHrLWpJzWRPVR6j8Up2Rt3wkYr1Nb7BanEpmzNuQxDTdz.jpg', 'md': 'https://static.amarintv.com/media/Dpe4A5wywPteyB6yquJiXHrLWpJzWRPVR6j8Up2Rt3wkYr1Nb7y61iIOxx0Lf7xOd.jpg', 'lg': 'https://static.amarintv.com/media/PJVlR0ljpO71MkC1Sejb5dwS5j6kD9NV4F2hHW4JPgUmSBFthRX3vjGhTz0MNI19Jj.jpg', 'caption': 'แจ้งจับผู้บริหาร Data Center (3).jpg'}",https://www.amarintv.com/news/crime/556576
รวบ “แก๊งคอกม้า” กบดานโรงแรมหรู เตรียมลากบัญชีม้ากว้านซื้อทองฟอกเงิน,556573,ตร.จักรวรรดิ บุกรวบ แก๊งคอกม้าถอนทอง กบดานโรงแรมหรูย่านเยาวราช เตรียมลากบัญชีม้ากว้านซื้อทองฟอกเงินก้อนโต ตะปบตัวการใหญ่มี 4 หมายจับติดตัว,3 กันยายน 2569,"{'name': 'อาชญากรรม', 'id': '66c3c4ce350823a8c40ffd4e', 'path': '/news/crime'}",False,/news/crime/556573,3 ก.ย. 69,"{'id': '6a98ea89ccf7340b6c01d3c2', 'sm': 'https://static.amarintv.com/media/Dpe4A5wywPteyB6ycNdqdb7ORxpUn8YhjZhtbBCW5jSALASPryQkpZv4wYSU4WrIR.jpg', 'md': 'https://static.amarintv.com/media/Dpe4A5wywPteyB6ycNdqdb7ORxpUn8YhjZhtbBCW5jSALASPrzEG33Ogu8YPnRK25.jpg', 'lg': 'https://static.amarintv.com/media/PJVlR0ljpO71MkC0UfojXlai9fEpPDXUmNdRliRwprsUtbNW0vOfNOOfcJY1NU3oLL.jpg', 'caption': 'บัญชีม้าซื้อทองฟอกเงิน (3).jpg'}",https://www.amarintv.com/news/crime/556573
อดีตอาสากู้ภัยหึงโหดขับกระบะไล่ชนท้ายจยย.แฟนเก่า-ชายคนใหม่ ดับคาที่,556568,ง้อไม่เป็นผล! อดีตอาสากู้ภัยหึงโหด ขับกระบะไล่บี้ชนท้าย จยย.อดีตแฟนสาวพร้อมชายคนใหม่ ดับคาที่,3 กันยายน 2569,"{'name': 'อาชญากรรม', 'id': '66c3c4ce350823a8c40ffd4e', 'path': '/news/crime'}",False,/news/crime/556568,3 ก.ย. 69,"{'id': '6a98e397bfd447f9060820f0', 'sm': 'https://static.amarintv.com/media/Dpe4A5wywPteyB6vDFJPOT7G4i4IcGnV4RYgORLOWVLqnrIFm7kpI5gXbAdTkOjd7.jpg', 'md': 'https://static.amarintv.com/media/Dpe4A5wywPteyB6vDFJPOT7G4i4IcGnV4RYgORLOWVLqnrIFm8YLXY89ZkjOTJDOl.jpg', 'lg': 'https://static.amarintv.com/media/PJVlR0ljpO71MkCmQtQK3IYEhiHw4DYecXzPE66XSPeQD4FZOttXrFUVv1CLuNWDql.jpg', 'caption': 'News Web_16-9 - 2026-09-03T100340.140.jpg'}",https://www.amarintv.com/news/crime/556568
บุกค้นบ้านพักย่านบางบัวทอง ยึดไอซ์ล็อตใหญ่ 500 กิโลฯ มูลค่า 100 ล้าน,556557,"บุกบ้านพักย่านบางบัวทอง ยึดไอซ์ล็อตใหญ่ 500 กก. มูลค่ากว่า 100 ล้าน ซุกถุงชาแถมใช้ ""ผลมะระ"" วางปะปนอำพรางตบตาเจ้าหน้าที่รวบผู้ต้องหาดำเนินคดี",3 กันยายน 2569,"{'name': 'อาชญากรรม', 'id': '66c3c4ce350823a8c40ffd4e', 'path': '/news/crime'}",False,/news/crime/556557,3 ก.ย. 69,"{'id': '6a98da726838a44e7d083cf2', 'sm': 'https://static.amarintv.com/media/Dpe4A5wywPteyB6ffFpWfxkhDKbFeNGiuvYWbBwnaNhVfkmgladDMkHtvWqm0xmOJ.jpg', 'md': 'https://static.amarintv.com/media/Dpe4A5wywPteyB6ffFpWfxkhDKbFeNGiuvYWbBwnaNhVfkmglbQjbDkVt6whjsF8x.jpg', 'lg': 'https://static.amarintv.com/media/PJVlR0ljpO71MkBkEXYw7Su0dFF0ouHFfFqknlWywP3qybNEmY77CK8l74vJSmDYaJ.jpg', 'caption': 'News Web_16-9 (3).jpg'}",https://www.amarintv.com/news/crime/556557
เปิดพฤติกรรม ม.3 แค้นครู ตามล่ากราดยิงกลาง รร.กำแพงเพชร,556554,แม่เผยสาเหตุ ม.3 คลั่ง กราดยิงกลาง รร.กำแพงเพชร เครียด-ชีวิตกดดัน ขโมยปืนพ่อตำรวจก่อนออกตามล่าครู อ้างแค้นเอาเรื่องส่วนตัวไปเปิดเผยทำอับอาย,3 กันยายน 2569,"{'name': 'อาชญากรรม', 'id': '66c3c4ce350823a8c40ffd4e', 'path': '/news/crime'}",False,/news/crime/556554,3 ก.ย. 69,"{'id': '6a98ce79b86370ed440daa12', 'sm': 'https://static.amarintv.com/media/Dpe4A5wywPteyB6M0VZtH153eqKtqyHga9Glejh7rbfCdhB3P4zAf8SpmvycOejGN.jpg', 'md': 'https://static.amarintv.com/media/Dpe4A5wywPteyB6M0VZtH153eqKtqyHga9Glejh7rbfCdhB3P5mgubvRlV4W7ZC01.jpg', 'lg': 'https://static.amarintv.com/media/PJVlR0ljpO71MkAVCIaOUerDIqIUou7D5aTQyOwOfXiKN6XyJkSl6Oxu2afdcbYdop.jpg', 'caption': 'ม.3อ้างแค้นครู (3).jpg'}",https://www.amarintv.com/news/crime/556554
เหลือ 1 ปีสุดท้าย! ตร.ยันหมายแดง 'บอส อยู่วิทยา' ยังไม่หมดอายุความ,556551,เหลือ1 ปีสุดท้าย! ตร.ยันหมายแดง 'บอส อยู่วิทยา' คดีขับรถชน ด.ต.วิเชียร ยังไม่หมดอายุ สั่งล่าตัวข้ามโลกก่อนหมดอายุความปี 70,3 กันยายน 2569,"{'name': 'อาชญากรรม', 'id': '66c3c4ce350823a8c40ffd4e', 'path': '/news/crime'}",False,/news/crime/556551,3 ก.ย. 69,"{'id': '6a98c057d94034ce1f0d7032', 'sm': 'https://static.amarintv.com/media/Dpe4A5wywPteyB6I5Bjq81f9eWHwBzNfiDVH9jbRu0XCrkNsNimlXajEJvpWVUR33.jpg', 'md': 'https://static.amarintv.com/media/Dpe4A5wywPteyB6I5Bjq81f9eWHwBzNfiDVH9jbRu0XCrkNsNjaHl4BqIVvREOvoh.jpg', 'lg': 'https://static.amarintv.com/media/PJVlR0ljpO71MkAEzcfXdS8F3VWGThdwQlxPAOUpTaPJJ7imj0nYI7fcKp35Io7cwF.jpg', 'caption': 'คดีบอสยังไม่หมดอายุความ (3).jpg'}",https://www.amarintv.com/news/crime/556551
"รวบยกแก๊ง! 19 โจ๋ ""เด็กบ้าน"" ยกพวกปาบึ้มถล่มเด็กช่าง ดับ 1 เจ็บอื้อ",556541,จับยกแก๊ง! 19 โจ๋ “เด็กบ้าน” ยกพวกขี่ จยย. 8 คัน ไล่ยิง-ปาบึ้มถล่มเด็กช่างกลย่านอุดมสุข ดับ 1 เจ็บอื้อ พบเป็นเยาวชนถึง 15 ราย,2 กันยายน 2569,"{'name': 'อาชญากรรม', 'id': '66c3c4ce350823a8c40ffd4e', 'path': '/news/crime'}",False,/news/crime/556541,2 ก.ย. 69,"{'id': '6a9828a9132620887b0ca712', 'sm': 'https://static.amarintv.com/media/Dpe4A5wywPteyBrKyQe7sGEggQp3lNpYYMhePjZ6yv9toSQU8zOs0IPQHK0iiWFmF.jpg', 'md': 'https://static.amarintv.com/media/Dpe4A5wywPteyBrKyQe7sGEggQp3lNpYYMhePjZ6yv9toSQU80CPElr2Fu6dRQjWt.jpg', 'lg': 'https://static.amarintv.com/media/PJVlR0ljpO71MjAQniH0iFEqRO09jqa4r5wQ4SPI1oK4eXZcnBOw7d1ph72JicYtPn.jpg', 'caption': 'ปกใหม่_16-9 - 2026-09-02T204506.243.jpg'}",https://www.amarintv.com/news/crime/556541
จับเร็วทันควัน! รวบหนุ่มวัย 44 ปี โจรค้อนทุบตู้ร้านทอง จ.ปัตตานี,556540,จับเร็วทันควัน! รวบหนุ่มวัย 44 ปี โจรค้อนทุบตู้ร้านทองกลางนาประดู่ จ.ปัตตานี ชิงแหวนทอง 1 บาท รับสารภาพเป็นผู้ก่อเหตุจริง,2 กันยายน 2569,"{'name': 'อาชญากรรม', 'id': '66c3c4ce350823a8c40ffd4e', 'path': '/news/crime'}",False,/news/crime/556540,2 ก.ย. 69,"{'id': '6a9826f459ec671ef101f3e2', 'sm': 'https://static.amarintv.com/media/Dpe4A5wywPteyBrKpK0SnbDbwLDGcaFvlhNgcnHXnarpJkpDsfQP63cinb1xJlG3L.jpg', 'md': 'https://static.amarintv.com/media/Dpe4A5wywPteyBrKpK0SnbDbwLDGcaFvlhNgcnHXnarpJkpDsgDwLW5KmB7r2fknz.jpg', 'lg': 'https://static.amarintv.com/media/PJVlR0ljpO71MjAQCAv66zsOq5mypVtyi9J0CNgdkyQR5lXhVmvHpYykBOJP0OZ90Z.jpg', 'caption': 'News Web_16-9 - 2026-09-02T202537.584.jpg'}",https://www.amarintv.com/news/crime/556540
"ทลายเว็บพนัน""premsuk365""ยึดทรัพย์ 74 ล้าน พบเงินหมุนเวียน 1.5 พันล้าน",556539,"CIB ทลายเครือข่ายเว็บพนัน ""premsuk365"" รวบ 4 ผู้ต้องหา ยึดของกลางเงินสด-บัญชีรวมกว่า 74 ล้านบาท พบเงินหมุนเวียนพุ่ง 1,500 ล้านต่อเดือน",2 กันยายน 2569,"{'name': 'อาชญากรรม', 'id': '66c3c4ce350823a8c40ffd4e', 'path': '/news/crime'}",False,/news/crime/556539,2 ก.ย. 69,"{'id': '6a981fec1c36fab656093b52', 'sm': 'https://static.amarintv.com/media/Dpe4A5wywPteyBq5QX3UyFgB7b0tEUzeeiDiFCNkWEDeGpyMH08K0NshkAI4KzNZz.jpg', 'md': 'https://static.amarintv.com/media/Dpe4A5wywPteyBq5QX3UyFgB7b0tEUzeeiDiFCNkWEDeGpyMH1vrErLJikOy3trKd.jpg', 'lg': 'https://static.amarintv.com/media/PJVlR0ljpO71Mi9Obood4ywQFc9sF4Al4ImosxKGHGuYTinQESYcj0cjo9p4zSo6nj.jpg', 'caption': 'ปกใหม่_16-9 - 2026-09-02T200815.910.jpg'}",https://www.amarintv.com/news/crime/556539
"""โจชัว หว่อง"" รับสารภาพผิดคดีสมคบคิดต่างชาติ โทษหนักสุดคุกตลอดชีวิต",556530,"""โจชัว หว่อง"" นักเคลื่อนไหวฮ่องกง วัย 29 ปี รับสารภาพผิดคดีสมคบคิดต่างชาติ ตามกฎหมายความมั่นคงแห่งชาติ เผชิญโทษสูงสุดจำคุกตลอดชีวิต",2 กันยายน 2569,"{'name': 'อาชญากรรม', 'id': '66c3c4ce350823a8c40ffd4e', 'path': '/news/crime'}",False,/news/crime/556530,2 ก.ย. 69,"{'id': '6a98079df0837d851b0b14f2', 'sm': 'https://static.amarintv.com/media/Dpe4A5wywPteyBqiyuRpTEYxFQjHWxGUTrmeXtDEAl41VPlPhMNxxhRyJVBVKOYwt.jpg', 'md': 'https://static.amarintv.com/media/Dpe4A5wywPteyBqiyuRpTEYxFQjHWxGUTrmeXtDEAl41VPlPhNBUCAuaH5HP3I2hX.jpg', 'lg': 'https://static.amarintv.com/media/PJVlR0ljpO71Mi7tvhG6iuKWpuZAaGuH3WG5b8AoigiwPuZyI6I9avQME32qQ0n3Mx.jpg', 'caption': 'News Web_16-9 (34).jpg'}",https://www.amarintv.com/news/crime/556530
ระทึก! นักเรียนชายควงปืน 9 มม. กราดยิงกลางโรงเรียนดังกำแพงเพชร,556520,เปิดนาทีระทึกโรงเรียนดังกำแพงเพชร นักเรียนควงปืน 9 มม. รัวยิงใส่ห้องเรียน ครู-ตำรวจผนึกกำลังรวบตัวทันควัน เด็กหลบใต้โต๊ะปลอดภัย ไร้คนบาดเจ็บ,2 กันยายน 2569,"{'name': 'อาชญากรรม', 'id': '66c3c4ce350823a8c40ffd4e', 'path': '/news/crime'}",False,/news/crime/556520,2 ก.ย. 69,"{'id': '6a97f466900a5a4482047172', 'sm': 'https://static.amarintv.com/media/Dpe4A5wywPteyAqyBL1wtASDZ7fbYeKj32P0jMmRRmka1qkPWRU0UvFae3TR5Ex6d.jpg', 'md': 'https://static.amarintv.com/media/Dpe4A5wywPteyAqyBL1wtASDZ7fbYeKj32P0jMmRRmka1qkPWSIWjOiCddZMn9RrH.jpg', 'lg': 'https://static.amarintv.com/media/PJVlR0ljpO71Me0ug5AFLzMiHLrzHGjqOsBbDWGDWvUa5pzpZ1QD36PEZ3cw2RBvat.jpg', 'caption': 'กราดยิงรร.กำแพงเพชร (3).jpg'}",https://www.amarintv.com/news/crime/556520
หนุ่มลูกครึ่งทำร้ายแฟนดับคาห้องพัก ก่อนแก้ผ้าซิ่งชนวินาศสันตะโร,556512,หนุ่มลูกครึ่งทำร้ายแฟนดับคาห้องพัก ก่อนแก้ผ้าซิ่ง มอเตอร์ไซค์ชนวินาศ ตำรวจตามอายัดตัวคา ICU,2 กันยายน 2569,"{'name': 'อาชญากรรม', 'id': '66c3c4ce350823a8c40ffd4e', 'path': '/news/crime'}",False,/news/crime/556512,2 ก.ย. 69,"{'id': '6a97f32fec1173d8f60f3d02', 'sm': 'https://static.amarintv.com/media/Dpe4A5wywPteyAqx6hCE2t51XOGfa5ctxuIQMcYEUhC1UqHgAmmYCVcp5U9CZxEOB.jpg', 'md': 'https://static.amarintv.com/media/Dpe4A5wywPteyAqx6hCE2t51XOGfa5ctxuIQMcYEUhC1UqHgAnZ4Qy5R35E7Irh8p.jpg', 'lg': 'https://static.amarintv.com/media/PJVlR0ljpO71Me0uNqYkKBo4X4O1xLQpHYeG3bNX2wbyNX5CKbIfD4bEHFtK1Fw93H.jpg', 'caption': 'News Web_16-9 - 2026-09-02T165715.849.jpg'}",https://www.amarintv.com/news/crime/556512
"""พ.ต.ต.ณฐพล"" จ่อร้องถูกแกล้ง ปลัดยธ.สั่งสอบฟ้าผ่า คาดเหตุขอล้ม4คดีใหญ่",556500,"พ.ต.ต.ณฐพล จ่อร้องถูกกลั่นแกล้งหรือไม่ ปลัดยธ.คนใหม่ สั่งสอบวินัยฟ้าผ่าข้ามขั้นตอน คาดชนวนเหตุมาจาก 4 คดีใหญ่""แตงโม-เขากระโดง-รันเวย์-รุกลำรางสาธารณะ""",2 กันยายน 2569,"{'name': 'อาชญากรรม', 'id': '66c3c4ce350823a8c40ffd4e', 'path': '/news/crime'}",False,/news/crime/556500,2 ก.ย. 69,"{'id': '6a97d8a8a980bfe46309cee2', 'sm': 'https://static.amarintv.com/media/Dpe4A5wywPteyAqMaGtIr92IM6iYhLTv81LQz7wj3etjv6ecl0ORrWCE0G92yvwXD.jpg', 'md': 'https://static.amarintv.com/media/Dpe4A5wywPteyAqMaGtIr92IM6iYhLTv81LQz7wj3etjv6ecl1Bx5zeqyrFxhqQHr.jpg', 'lg': 'https://static.amarintv.com/media/PJVlR0ljpO71MeyPRxwX7pdf3bwBTAtoHRkhgi0kNI4Lr7fwIHU83OxO9f8pOOdRLX.jpg', 'caption': 'News Web_16-9 (24).jpg'}",https://www.amarintv.com/news/crime/556500
จ.ส.ต. คลั่งอาละวาด! ขู่ชาวบ้านกราบเท้า ค้นรถพบน้ำกระท่อม-เบียร์,556484,จ.ส.ต. คลั่งอาละวาด! ขู่ชาวบ้านกราบเท้า ค้นรถพบน้ำกระท่อม-เบียร์,2 กันยายน 2569,"{'name': 'อาชญากรรม', 'id': '66c3c4ce350823a8c40ffd4e', 'path': '/news/crime'}",False,/news/crime/556484,2 ก.ย. 69,"{'id': '6a97d22d75aba0e2b2041162', 'sm': 'https://static.amarintv.com/media/Dpe4A5wywPteyAqL7tFkgR9shpb5GcFHpxov2gnfFitj8B0MZc31VLj0nnSxZN5z3.jpg', 'md': 'https://static.amarintv.com/media/Dpe4A5wywPteyAqL7tFkgR9shpb5GcFHpxov2gnfFitj8B0MZdrXjpCcmNYsIIZkh.jpg', 'lg': 'https://static.amarintv.com/media/PJVlR0ljpO71MeyNYmLExUSz5BJRwn7JqlCVrIvGW7aMf1lhPBAoDrmqV9Wu2usWQF.jpg', 'caption': 'News Web_16-9 - 2026-09-02T143705.344.jpg'}",https://www.amarintv.com/news/crime/556484
รร.นายร้อยตำรวจ ไล่ออก พ.ต.อ.ภีมพจน์ สามีเจ๊หนิง เซ่นปมรีดทรัพย์3ล้าน,556492,"โรงเรียนนายร้อยตำรวจ ออกแถลงการณ์ไล่ออก ""ผศ.พ.ต.อ.ภีมพจน์"" สามีเจ๊หนิง คู่กรณีเมียบิ๊กโจ๊ก หลังสอบพบผิดวินัยร้ายแรง-คดีอาญา ทำเสื่อมเสียเกียรติยศตำรวจ",2 กันยายน 2569,"{'name': 'อาชญากรรม', 'id': '66c3c4ce350823a8c40ffd4e', 'path': '/news/crime'}",False,/news/crime/556492,2 ก.ย. 69,"{'id': '6a97ca0d192191fa610ef612', 'sm': 'https://static.amarintv.com/media/Dpe4A5wywPteyAp6eUOEK1CQHr0jTbjAOqUCWJDNjGBdO8oHbZ4ZcOO3hQnn040yx.jpg', 'md': 'https://static.amarintv.com/media/Dpe4A5wywPteyAp6eUOEK1CQHr0jTbjAOqUCWJDNjGBdO8oHbar5qrrff0tijzUjb.jpg', 'lg': 'https://static.amarintv.com/media/PJVlR0ljpO71MexLfNgFOy9UjzDDyRyg8muttbXSA42Et0ZotEo44wmKTrwzbF5ntT.jpg', 'caption': 'News Web_16-9 (20).jpg'}",https://www.amarintv.com/news/crime/556492
รุทธพล เผย พนักงานสอบสวน วางกรอบส่ง คดีForex-3D ให้อัยการภายใน ก.ย.นี้,556486,"""รุทธพล"" เผย พนักงานสอบสวนวางกรอบส่ง ""คดี Forex-3D"" ให้อัยการภายใน ก.ย.นี้ ย้ำ ไม่ทราบรายละเอียดสำนวน",2 กันยายน 2569,"{'name': 'อาชญากรรม', 'id': '66c3c4ce350823a8c40ffd4e', 'path': '/news/crime'}",False,/news/crime/556486,2 ก.ย. 69,"{'id': '6a97c1f483c3bbdc5002e6f2', 'sm': 'https://static.amarintv.com/media/Dpe4A5wywPteyAp267aWg3qgBAwekXYEK1RzyiQyQASxuewHA13NdgTsg1ihFz9D3.jpg', 'md': 'https://static.amarintv.com/media/Dpe4A5wywPteyAp267aWg3qgBAwekXYEK1RzyiQyQASxuewHA2qtr9wUfbobyucyh.jpg', 'lg': 'https://static.amarintv.com/media/PJVlR0ljpO71Mew63bW1Bz5iMLOOSMjXO0Bn6tfZgFPnZ9Eo7cL9cHQE2CNtgrzqEF.jpg', 'caption': 'News Web_16-9 (18).jpg'}",https://www.amarintv.com/news/crime/556486
ผัวแพ้ปลาร้าแทงเมียดับ ไม่พาไปรพ. สะเทือนใจบริจาคโลงศพสุดท้ายใช้เอง,556475,พ่อค้าทุเรียนโมโหอ้างแพ้ปลาร้า เมียไม่พาไป รพ. คว้ามีดจ้วงดับ สะเทือนใจเคยบริจาคโลงศพ สุดท้ายได้ใช้เอง พี่สาวลั่นไม่น่าฆ่ากัน ด้านตำรวจค้านประกัน,2 กันยายน 2569,"{'name': 'อาชญากรรม', 'id': '66c3c4ce350823a8c40ffd4e', 'path': '/news/crime'}",False,/news/crime/556475,2 ก.ย. 69,"{'id': '6a97ba61bbc4a0ab3007e513', 'sm': 'https://static.amarintv.com/media/Dpe4A5wywPteyApnhUAdmcxHMHHuKCCacjDeMqX6oKO3WUU5TccNGeoMbRzz1jeQN.jpg', 'md': 'https://static.amarintv.com/media/Dpe4A5wywPteyApnhUAdmcxHMHHuKCCacjDeMqX6oKO3WUU5TdPtU8GyZ15ukd8A1.jpg', 'lg': 'https://static.amarintv.com/media/PJVlR0ljpO71Mev5Pkl8Sy2xsBZ8laaBP6uYsXA2J0RekL8YoNKd5CWoXAtLBxse6p.jpg', 'caption': 'แพ้ปลาร้าแทงเมียดับ (3).jpg'}",https://www.amarintv.com/news/crime/556475
"DSI ออกหมายเรียก ""สมชาติ"" สส.ภูเก็ต คดีนอมินีอสังหาฯ นัดเข้าพบ 7 ก.ย.",556480,"""รุทธพล"" เผย ""สมชาติ"" ได้หมายเรียกคดีนอมินีอสังหาริมทรัพย์ภูเก็ตแล้ว ดีเอสไอนัด 7 ก.ย.",2 กันยายน 2569,"{'name': 'อาชญากรรม', 'id': '66c3c4ce350823a8c40ffd4e', 'path': '/news/crime'}",False,/news/crime/556480,2 ก.ย. 69,"{'id': '6a97b6dc65e4b31961091792', 'sm': 'https://static.amarintv.com/media/Dpe4A5wywPteyApkWvsjetr8uWQYoFkGSgjNmbDFgIYHaX4CBoUTm7PeCbkdG676V.jpg', 'md': 'https://static.amarintv.com/media/Dpe4A5wywPteyApkWvsjetr8uWQYoFkGSgjNmbDFgIYHaX4CBpHz1asGBBqXz1bq9.jpg', 'lg': 'https://static.amarintv.com/media/PJVlR0ljpO71MevsKBCCi4tkzZ5rvhDEAedaOrquwqnko6rWWqL21EclCa9tFSpC3r.jpg', 'caption': 'News Web_16-9 (16).jpg'}",https://www.amarintv.com/news/crime/556480
"""กระติก"" เมิน""ขวัญ อุษามณี"" เป็นพยานคดีแตงโม เดินหน้าทำมาหากิน",556470,"ส่อง ""กระติก อิจศรินทร์"" เคลื่อนไหวโซเชียลไร้เงาประเด็น ""ขวัญ อุษามณี"" เป็นพยานคดีแตงโม พบโพสต์ขายผลไม้ผ่านอินสตาแกรมสตอรี่",2 กันยายน 2569,"{'name': 'อาชญากรรม', 'id': '66c3c4ce350823a8c40ffd4e', 'path': '/news/crime'}",False,/news/crime/556470,2 ก.ย. 69,"{'id': '6a97a91961227e774e056192', 'sm': 'https://static.amarintv.com/media/Dpe4A5wywPteyApRmf7f1hmpfrjE0tEzE5LfpW5W5tIuqYvPG6pi7jO8ruDCpTMst.jpg', 'md': 'https://static.amarintv.com/media/Dpe4A5wywPteyApRmf7f1hmpfrjE0tEzE5LfpW5W5tIuqYvPG7dFMCrkqUI7YNqdX.jpg', 'lg': 'https://static.amarintv.com/media/PJVlR0ljpO71MeucvB7tjEzpY320BsH44UHguyo2qWYIvEPEYh5mKLUfo7Nr3KeEqx.jpg', 'caption': 'News Web_16-9 (12).jpg'}",https://www.amarintv.com/news/crime/556470
ผู้การฯ ปทุมฯ เดือด ตั้งคณะกรรมการสอบปม ตร. ลาดหลุมแก้ว หลับยกโรงพัก,556469,ผู้การฯ ปทุมฯ เดือด! ตั้งคณะกรรมการสอบ 3 วัน รู้ผล ปม ตร. ลาดหลุมแก้ว นอนหลับยกโรงพัก - โวยพลเมืองดี,2 กันยายน 2569,"{'name': 'อาชญากรรม', 'id': '66c3c4ce350823a8c40ffd4e', 'path': '/news/crime'}",False,/news/crime/556469,2 ก.ย. 69,"{'id': '6a97a62d0f082426880ab182', 'sm': 'https://static.amarintv.com/media/Dpe4A5wywPteyApRYvdFaOvJ3eXKMC9GfjwA6GJUWNJljDCMN94UnoxEGWGYnprdj.jpg', 'md': 'https://static.amarintv.com/media/Dpe4A5wywPteyApRYvdFaOvJ3eXKMC9GfjwA6GJUWNJljDCMOAr02IPqE6MTWkLON.jpg', 'lg': 'https://static.amarintv.com/media/PJVlR0ljpO71Meub0QAGYU6s1HZoFuUS2XsP13YgDsTpGshEdpSlB8PP6kVimZXEFf.jpg', 'caption': 'News Web_16-9 - 2026-09-02T112726.954.jpg'}",https://www.amarintv.com/news/crime/556469
ฮอร์มุซวิกฤตหนัก เรือบรรทุกน้ำมันถูกโจมตีซ้ำ เรือไทยหลีกเลี่ยงด่วน,556463,ช่องแคบฮอร์มุซวิกฤตหนัก เรือบรรทุกน้ำมันถูกโจมตีซ้ำ กองทัพเรือไทยยกระดับเตือนขั้นสูงสุด สั่งเรือไทยหลีกเลี่ยงพื้นที่เสี่ยง หวั่นกระทบพลังงานโลก,2 กันยายน 2569,"{'name': 'อาชญากรรม', 'id': '66c3c4ce350823a8c40ffd4e', 'path': '/news/crime'}",False,/news/crime/556463,2 ก.ย. 69,"{'id': '6a97a36e6f9fce3d370ac062', 'sm': 'https://static.amarintv.com/media/Dpe4A5wywPteyApRLEIIzJ0i1niKZQp1wmlhKYprIYpyVYs8vTlJEfzObHBeYfwRX.jpg', 'md': 'https://static.amarintv.com/media/Dpe4A5wywPteyApRLEIIzJ0i1niKZQp1wmlhKYprIYpyVYs8vUYpS9R0ZrHZHaQCB.jpg', 'lg': 'https://static.amarintv.com/media/PJVlR0ljpO71Meua5rDmbOpB7dTE8U02EvY8652KGp2n2WFs3OlXQ1OMmSFSXyY3t7.jpg', 'caption': 'เรือไทยหลีกเลี่ยงด่วน (3).jpg'}",https://www.amarintv.com/news/crime/556463
ชายปริศนาอ้างเป็นหมอปลา บุกทุบรูปปั้นแก้บนวัดพังกว่า100ตัว ก่อนซิ่งหนี,556465,ชายปริศนาบุกวัดใหม่บางปลากดกลางดึก สวมบทเป็นหมอปลา ไล่ทุบรูปปั้นไก่ชน นางรำ ช้าง ม้า พังเสียหายกว่า 100 ตัว ก่อนหลบหนี,2 กันยายน 2569,"{'name': 'อาชญากรรม', 'id': '66c3c4ce350823a8c40ffd4e', 'path': '/news/crime'}",False,/news/crime/556465,2 ก.ย. 69,"{'id': '6a979f8a582d3d4d9e0eb4e3', 'sm': 'https://static.amarintv.com/media/Dpe4A5wywPteyAdGy4ADEg8ztdDStuQni12PjHff0o4eKjJxWACXefJ6uaGTj64M1.jpg', 'md': 'https://static.amarintv.com/media/Dpe4A5wywPteyAdGy4ADEg8ztdDStuQni12PjHff0o4eKjJxWAz3s8mitAMOS1X7f.jpg', 'lg': 'https://static.amarintv.com/media/PJVlR0ljpO71Md6MKLOMqsLLlt7nW3CrV8cARBAHfa5OjnKbwrzyyKdtkA1NtCZnFz.jpg', 'caption': 'News Web_16-9 (10).jpg'}",https://www.amarintv.com/news/crime/556465
หนุ่มใหญ่ดับปริศนาในบ้านร้าง เลือดอาบหน้า ขวดเบียร์แตกเกลื่อนพื้น,556464,หนุ่มใหญ่ดับปริศนาในบ้านร้าง สภาพเลือดอาบหน้า ขวดเบียร์แตกเกลื่อนพื้น ตำรวจคุมตัวเพื่อนคนตาย 3 คนในสภาพมึนเมาไปสอบสวน,2 กันยายน 2569,"{'name': 'อาชญากรรม', 'id': '66c3c4ce350823a8c40ffd4e', 'path': '/news/crime'}",False,/news/crime/556464,2 ก.ย. 69,"{'id': '6a979e4b582d3d4d9e0eb4e2', 'sm': 'https://static.amarintv.com/media/Dpe4A5wywPteyAdGuO7nwWDi8g5BC0qc2JItvAuKrQOP81jwmRwyM2fRWnUGATo0d.jpg', 'md': 'https://static.amarintv.com/media/Dpe4A5wywPteyAdGuO7nwWDi8g5BC0qc2JItvAuKrQOP81jwmSkUbV73VNaAtOIlH.jpg', 'lg': 'https://static.amarintv.com/media/PJVlR0ljpO71Md6L05wQPpEsZ55aTvhVNjuE6HEoKnA19TNut7HhHY1yrxcHp4WMot.jpg', 'caption': 'News Web_16-9 - 2026-09-02T105542.359.jpg'}",https://www.amarintv.com/news/crime/556464
เปิดใจสิบเอก ฆ่าได้หยามไม่ได้ เหตุยำคู่กรณีเละ แซวเมียสวยขอนอนด้วย,556459,คดีพลิก! เปิดใจสิบเอก ฆ่าได้หยามไม่ได้ เหตุยำคู่กรณีเละ แซวเมียสวยขอนอนด้วย ขณะที่ภรรยาคนก่อเหตุออกโรงแฉผัวชอบปากเสีย แถมนอกใจ ขายยา ยันฟ้องหย่า,2 กันยายน 2569,"{'name': 'อาชญากรรม', 'id': '66c3c4ce350823a8c40ffd4e', 'path': '/news/crime'}",False,/news/crime/556459,2 ก.ย. 69,"{'id': '6a979195b68384de41079e92', 'sm': 'https://static.amarintv.com/media/Dpe4A5wywPteyAdC3nTgx1vDTIvbXrX7SmWPYyaj0jLS7EkWlIjOrr5x3ZuKo9Dtz.jpg', 'md': 'https://static.amarintv.com/media/Dpe4A5wywPteyAdC3nTgx1vDTIvbXrX7SmWPYyaj0jLS7EkWlJWu6LYZ190FX3hed.jpg', 'lg': 'https://static.amarintv.com/media/PJVlR0ljpO71Md557sUnb38RpCL3D1I402X1kcNuBDQqP46JTNDegrNVBJXw3zS9Nj.jpg', 'caption': 'เปิดใจสิบเอกฟิวส์ขาด (3).jpg'}",https://www.amarintv.com/news/crime/556459
ตร.ไล่ล่าระทึก! หนุ่มรีแมพรถ รับจ้าง 4 พัน พาชาวเวียดนามเข้าเมือง,556452,ตำรวจทางหลวงไล่ล่าระทึก! หนุ่มรีแมพรถ รับจ้าง 4 พัน พาชาวเวียดนามเข้าเมือง เสียหลักลงข้างทาง,2 กันยายน 2569,"{'name': 'อาชญากรรม', 'id': '66c3c4ce350823a8c40ffd4e', 'path': '/news/crime'}",False,/news/crime/556452,2 ก.ย. 69,"{'id': '6a978cd579a7cfe0630014e2', 'sm': 'https://static.amarintv.com/media/Dpe4A5wywPteyAcxoyQh6x3wFjNVan38LFMTlOwsiMQ0mqHjEw3eXeHA840BFMslH.jpg', 'md': 'https://static.amarintv.com/media/Dpe4A5wywPteyAcxoyQh6x3wFjNVan38LFMTlOwsiMQ0mqHjExrAl7jm7e55yHMVv.jpg', 'lg': 'https://static.amarintv.com/media/PJVlR0ljpO71Md45CfiUKyCSi9ZGeAvGdvc05vDJ7MpjRr5OznjHPMJnD1v5WFrrP3.jpg', 'caption': 'News Web_16-9 (5).jpg'}",https://www.amarintv.com/news/crime/556452
ศึกสายเลือด! น้องแทงพี่ชายดับ โมโหกินแต่เหล้า ไม่ไปเฝ้าแม่ป่วยมะเร็ง,556449,ศึกสายเลือด! น้องแทงพี่ชายดับ โมโหกินแต่เหล้า ไม่ไปเฝ้าแม่นอนป่วยมะเร็งระยะสุดท้ายอยู่โรงพยาบาล,2 กันยายน 2569,"{'name': 'อาชญากรรม', 'id': '66c3c4ce350823a8c40ffd4e', 'path': '/news/crime'}",False,/news/crime/556449,2 ก.ย. 69,"{'id': '6a977e9404d27165b9076ed2', 'sm': 'https://static.amarintv.com/media/Dpe4A5wywPteyAce0G869bo3pPPgX6n4SBjlhMpBxHs8bhaiXu7YHwOpvDWNiNvCt.jpg', 'md': 'https://static.amarintv.com/media/Dpe4A5wywPteyAce0G869bo3pPPgX6n4SBjlhMpBxHs8bhaiXvu4WPrRtncIRIOxX.jpg', 'lg': 'https://static.amarintv.com/media/PJVlR0ljpO71Md3pVKzpjsM10S8Fs2IwaafA9GRZYz3rjsBn77jNaU9Pam62z39xQx.jpg', 'caption': 'ศึกสายเลือด (3).jpg'}",https://www.amarintv.com/news/crime/556449
หนุ่มหลอนวิ่งข้ามจังหวัด ชลบุรีมุ่งสู่บางปะกง ด้วยพลังยาบ้า 5 แรงม้า,556446,หนุ่มก่อสร้างเมียนมาหลอนวิ่งข้ามจังหวัด ชลบุรีมุ่งสู่บางปะกง ด้วยพลังยาบ้า 5 แรงม้า อ้างมีคนตามล่า ตำรวจคุมตัวสงบสติอารมณ์โรงพัก,2 กันยายน 2569,"{'name': 'อาชญากรรม', 'id': '66c3c4ce350823a8c40ffd4e', 'path': '/news/crime'}",False,/news/crime/556446,2 ก.ย. 69,"{'id': '6a9772772cc0689fb20b30a2', 'sm': 'https://static.amarintv.com/media/Dpe4A5wywPteyAcbD8WNJrHYNKoT0wdkFrW3ugsO6rhVAJCwtnNR0uxVtNAZPiH6V.jpg', 'md': 'https://static.amarintv.com/media/Dpe4A5wywPteyAcbD8WNJrHYNKoT0wdkFrW3ugsO6rhVAJCwtoAyFOP7rxGT8clq9.jpg', 'lg': 'https://static.amarintv.com/media/PJVlR0ljpO71Md3ZuZNsUCCf8X8d76KJBhEiMHEpsXvoslVfORk1gDCatAwzIyGU3r.jpg', 'caption': 'หลอนยาวิ่งข้ามจังหวัด (3).jpg'}",https://www.amarintv.com/news/crime/556446
มรดกเลือด! หลานชายยิงอดีตผู้ใหญ่บ้านดับ ขัดแย้งที่ดินก่อนปลิดชีพหนีผิด,556444,มรดกเลือด! ขัดแย้งที่ดินบานปลาย หลานชายยิงอดีตผู้ใหญ่บ้านดับ ซิ่งกระบะหนีข้ามอำเภอ ก่อนพบใช้ปืนปลิดชีพหนีความผิด พร้อมสาวคนสนิทคารถ,2 กันยายน 2569,"{'name': 'อาชญากรรม', 'id': '66c3c4ce350823a8c40ffd4e', 'path': '/news/crime'}",False,/news/crime/556444,2 ก.ย. 69,"{'id': '6a976e77d488c23b6602e0b2', 'sm': 'https://static.amarintv.com/media/Dpe4A5wywPteyAcL28Ge35qE7Fd0ig3mFd5UePVXXET8noudJKmeoITSpOLT66MyB.jpg', 'md': 'https://static.amarintv.com/media/Dpe4A5wywPteyAcL28Ge35qE7Fd0ig3mFd5UePVXXET8noudJLaA2lv4nyROp0qip.jpg', 'lg': 'https://static.amarintv.com/media/PJVlR0ljpO71Md2ZE8Kzk6Jub8nPAjznQnisk3WQfP0eXuP2Vtg6V6IWEjn3P7gahH.jpg', 'caption': 'มรดกเลือด (3).jpg'}",https://www.amarintv.com/news/crime/556444
"เปิดหลักฐานใหม่ 4 ปีที่รอคอย ""ขวัญ"" ใส่ชุดชมพู ถูกแอบอ้างเป็นเรือแตงโม",556443,"ปานเทพ เปิดภาพหลักฐานใหม่ 4 ปีที่รอคอย ""ขวัญ อุษามณี "" ใส่ชุดชมพูบนเรืออีกลำคืนเกิดเหตุ ถูก ""กระติก"" นำไปแอบอ้างในสำนวนคดีแตงโม",2 กันยายน 2569,"{'name': 'อาชญากรรม', 'id': '66c3c4ce350823a8c40ffd4e', 'path': '/news/crime'}",False,/news/crime/556443,2 ก.ย. 69,"{'id': '6a976a3dea5df479bc07bd02', 'sm': 'https://static.amarintv.com/media/Dpe4A5wywPteyAcLkhdA5QdJ0QNkz46dhgxDuMULBYBVUAktdnc73NJsNPfKNyd45.jpg', 'md': 'https://static.amarintv.com/media/Dpe4A5wywPteyAcLkhdA5QdJ0QNkz46dhgxDuMULBYBVUAktdoQeHqmULzlE6s7pj.jpg', 'lg': 'https://static.amarintv.com/media/PJVlR0ljpO71Md2X02LxycAYnw8IGXHb8bYjcu3TftLiCmbpwOnlGMIvjDFzFnnFCV.jpg', 'caption': 'News Web_16-9 - 2026-09-02T071333.380.jpg'}",https://www.amarintv.com/news/crime/556443
จบชีวิต 3 ศพ! หลานลั่นไก อา อดีตผญบ. หนีข้ามวันดับคารถพร้อมสาวคนสนิท,556440,สลด 3 ศพ! คดีหลานลั่นไก อา อดีตผู้ใหญ่บ้านดับ ก่อนหนีข้ามวัน จอดกระบะจบชีวิต คู่สาวคนสนิทคารถ-ตร.เร่งพิสูจน์หลักฐานคลี่คลายแรงจูงใจ,1 กันยายน 2569,"{'name': 'อาชญากรรม', 'id': '66c3c4ce350823a8c40ffd4e', 'path': '/news/crime'}",False,/news/crime/556440,1 ก.ย. 69,"{'id': '6a96e3987adb808be7045532', 'sm': 'https://static.amarintv.com/media/Dpe4A5wywPtex9aO6At00GZfyppXPJa0IAaZTVBrl0WeEuZah4z3sYne9QOWv47Gt.jpg', 'md': 'https://static.amarintv.com/media/Dpe4A5wywPtex9aO6At00GZfyppXPJa0IAaZTVBrl0WeEuZah5nZ62GG70UReza1X.jpg', 'lg': 'https://static.amarintv.com/media/PJVlR0ljpO71MZmVphDULIdVXOCz8i6zPDvCf0zCEQM0Llm9l4WR1hhu7SGc4cVlwx.jpg', 'caption': 'ปกใหม่_16-9 - 2026-09-01T213847.908.jpg'}",https://www.amarintv.com/news/crime/556440
สลด! 2 นักเรียนเล่นน้ำ ถูกน้ำพัดจมหายต่อหน้าเพื่อน,556438,สังเวยฝายน้ำมรณะ! 2 นักเรียนชาย ชวนกันโดดน้ำ ก่อนถูกพัดจมหายต่อหน้าเพื่อน กู้ภัยชุดประดาน้ำเร่งงมหานานกว่าชั่วโมง ยังไม่พบ,1 กันยายน 2569,"{'name': 'อาชญากรรม', 'id': '66c3c4ce350823a8c40ffd4e', 'path': '/news/crime'}",False,/news/crime/556438,1 ก.ย. 69,"{'id': '6a96d695abe32902140349a2', 'sm': 'https://static.amarintv.com/media/Dpe4A5wywPtex9Z6Mp0h8mkKYpaXkya34BCYpm2DFuZ7Yz44pJIJo5WkuXUMljif7.jpg', 'md': 'https://static.amarintv.com/media/Dpe4A5wywPtex9Z6Mp0h8mkKYpaXkya34BCYpm2DFuZ7Yz44pJ5p3YzMs7aHUeCQl.jpg', 'lg': 'https://static.amarintv.com/media/PJVlR0ljpO71MZlGUUw8STTU51C5aAPEzSR312fKvtpLQiW97vXprMp6tzYi5uAD6l.jpg', 'caption': 'ปกใหม่_16-9 - 2026-09-01T204319.912.jpg'}",https://www.amarintv.com/news/crime/556438
ดักสังหารโหด! รัว 9 มม.ใส่อดีตผู้ใหญ่บ้านดับ คาร่องน้ำ,556435,โหดเหี้ยม! ดักสังหารอดีตผู้ใหญ่บ้าน รัว 9 มม. ใส่ซี่โครง-ใบหน้า ทิ้งศพคาร่องน้ำสาธารณะ คาดชนวนขัดแย้งผลประโยชน์,1 กันยายน 2569,"{'name': 'อาชญากรรม', 'id': '66c3c4ce350823a8c40ffd4e', 'path': '/news/crime'}",False,/news/crime/556435,1 ก.ย. 69,"{'id': '6a96cdc4f2830cb67d035922', 'sm': 'https://static.amarintv.com/media/Dpe4A5wywPtex9ZqpdSgeFStlzqYakQVaPBNwpY0Ho11olqNAlJt4Er7NFogqvxIh.jpg', 'md': 'https://static.amarintv.com/media/Dpe4A5wywPtex9ZqpdSgeFStlzqYakQVaPBNwpY0Ho11olqNAl7QIiKjLpubZqQ3L.jpg', 'lg': 'https://static.amarintv.com/media/PJVlR0ljpO71MZkELO8eIN3WUNZC1vtecWBC466jNmuZhpkRsVGNVvQJeYad1MgbPP.jpg', 'caption': 'ปกใหม่_16-9 - 2026-09-01T200540.333.jpg'}",https://www.amarintv.com/news/crime/556435
เดือด! นักเรียนขาสั้น ถูกคู่อริต่างโรงเรียนชักมีดไล่ฟันเจ็บ 2,556431,ขาสั้นเดือด! นักเรียนชาย ม.2 ถูกอริต่างสถาบัน ชักมีดไล่ฟันเจ็บ 2 หน้าเคหะเอื้ออาทรแพรกษา - ตำรวจเร่งล่าตัวผู้ก่อเหตุ,1 กันยายน 2569,"{'name': 'อาชญากรรม', 'id': '66c3c4ce350823a8c40ffd4e', 'path': '/news/crime'}",False,/news/crime/556431,1 ก.ย. 69,"{'id': '6a96bd01af8e5d54fc031d92', 'sm': 'https://static.amarintv.com/media/Dpe4A5wywPtex9ZXrb5CTfreyngF7ZJPjrKjBNVXFtIjFwenATBwGRY4d4IxYxYJX.jpg', 'md': 'https://static.amarintv.com/media/Dpe4A5wywPtex9ZXrb5CTfreyngF7ZJPjrKjBNVXFtIjFwenATzSUu1gceOsHr14B.jpg', 'lg': 'https://static.amarintv.com/media/PJVlR0ljpO71MZix1ZRfii3lPFKglR0MTYPmlBGPVoXW32OdDIPUaJpgNy3c09HQr7.jpg', 'caption': 'ปกใหม่_16-9 - 2026-09-01T185332.198.jpg'}",https://www.amarintv.com/news/crime/556431
บุกกระท่อมฤาษี อ้าง ปู่ศรีสุทโธ ประทับร่าง สุดท้ายสารภาพฉี่ม่วงยกแก๊ง,556424,"บุกกระท่อมฤาษี อ้าง ""ปู่ศรีสุทโธ"" ประทับร่าง สุดท้ายสารภาพรับยาบ้าแลกไม้ไผ่ ฉี่สีม่วงยกแก๊ง",1 กันยายน 2569,"{'name': 'อาชญากรรม', 'id': '66c3c4ce350823a8c40ffd4e', 'path': '/news/crime'}",False,/news/crime/556424,1 ก.ย. 69,"{'id': '6a96b6c5191efe0f0202e1e2', 'sm': 'https://static.amarintv.com/media/Dpe4A5wywPtex9ZUTNMbvXGP4mt8272JUUMvYVu4GrsMfhz1JFmyf01QmBsvA51cJ.jpg', 'md': 'https://static.amarintv.com/media/Dpe4A5wywPtex9ZUTNMbvXGP4mt8272JUUMvYVu4GrsMfhz1JGaUuUT2klypt0VMx.jpg', 'lg': 'https://static.amarintv.com/media/PJVlR0ljpO71MZij1UfYnlXzrx71Y7Nkf5arqhzppqefoPsHbY4QXuEllWL7AcGQOJ.jpg', 'caption': 'News Web_16-9 - 2026-09-01T182559.688.jpg'}",https://www.amarintv.com/news/crime/556424
บุกชาร์จระทึก! หนุ่มจีนคลั่งจี้คอตัวในห้องพัก รวบคู่สาวไทยพร้อมไอซ์,556429,บุกชาร์จระทึก! หนุ่มจีนคลั่งมีดจี้ตัวเองอยู่ในห้องพัก รวบคู่สาวไทยพร้อมไอซ์ ซ้ำพบอยู่ไทยเกินกฎหมายกำหนด,1 กันยายน 2569,"{'name': 'อาชญากรรม', 'id': '66c3c4ce350823a8c40ffd4e', 'path': '/news/crime'}",False,/news/crime/556429,1 ก.ย. 69,"{'id': '6a96b60d8ef526e8cd0a7572', 'sm': 'https://static.amarintv.com/media/Dpe4A5wywPtex9ZUSSr3xRqvGEq7Cq31MSOZcHiTWkNgIqrY8oJLivuh7Mx8hpYKp.jpg', 'md': 'https://static.amarintv.com/media/Dpe4A5wywPtex9ZUSSr3xRqvGEq7Cq31MSOZcHiTWkNgIqrY8o6rxPNJ5w33Qj15T.jpg', 'lg': 'https://static.amarintv.com/media/PJVlR0ljpO71MZijxjPQXfCidFXVxHInovRfGHLp7Phyr2TNIRb5hw81Mx7e1mFWCR.jpg', 'caption': 'News Web_16-9 (44).jpg'}",https://www.amarintv.com/news/crime/556429
บุกสกัดกลางทะเลขนอม ล็อกตัวพี่น้องแก๊งยาข้ามชาติ 2.4 ตัน,556394,CIB บุกสกัดกลางทะเลขนอม ล็อกตัวพี่น้องแก๊งยาข้ามชาติ กว่า  2.4 ตัน,1 กันยายน 2569,"{'name': 'อาชญากรรม', 'id': '66c3c4ce350823a8c40ffd4e', 'path': '/news/crime'}",False,/news/crime/556394,1 ก.ย. 69,"{'id': '6a968a2651e840ff440b2412', 'sm': 'https://static.amarintv.com/media/Dpe4A5wywPtex9MhbMRv5NhMeqQRvMREdIyMcXffl8PEH2wjkcPRpIXoHA0F3sMDj.jpg', 'md': 'https://static.amarintv.com/media/Dpe4A5wywPtex9MhbMRv5NhMeqQRvMREdIyMcXffl8PEH2wjkdCx3l0QFk6AmmpyN.jpg', 'lg': 'https://static.amarintv.com/media/PJVlR0ljpO71MYrwEStX2P3FkqfPU2qecUXRbLEGgwuNCiMi6YTGuEaSnSiPOnpUtf.jpg', 'caption': 'News Web_16-9 - 2026-09-01T151732.054.jpg'}",https://www.amarintv.com/news/crime/556394
ลาวผลักดัน 92 คนไทยข้ามแดน! สแกนเจอ 15 คนมีหมายจับติดตัว,556380,ลาวผลักดัน 92 คนไทยข้ามแดน! หลงเชื่อเพจหางานหลอกโกยเงินหมื่น ช็อกซ้ำสแกนเจอ 15 คนมีหมายจับติดตัว ฉ้อโกง อั้งยี่ ซ่องโจร ตม.เตือนภัยอย่าหาทำ,1 กันยายน 2569,"{'name': 'อาชญากรรม', 'id': '66c3c4ce350823a8c40ffd4e', 'path': '/news/crime'}",False,/news/crime/556380,1 ก.ย. 69,"{'id': '6a9680b3fde5386b5c073a72', 'sm': 'https://static.amarintv.com/media/Dpe4A5wywPtex9MdzIZrbdkMRa02PRwbjHR7oN5P844jViPFber1HNdkZvmTlKDkZ.jpg', 'md': 'https://static.amarintv.com/media/Dpe4A5wywPtex9MdzIZrbdkMRa02PRwbjHR7oN5P844jViPFbffXVq6MYVsOUEhVD.jpg', 'lg': 'https://static.amarintv.com/media/PJVlR0ljpO71MYrhJIuHXcJcr82T9HaBzAGKSFeZ9g9j69YSdYdFIBczWtrVyCsWUN.jpg', 'caption': 'ลาวผลักดัน92คนไทย (3).jpg'}",https://www.amarintv.com/news/crime/556380
นปพ.ร่วม ปัตตานี เชิญบุคคลต้องสงสัยคดีมั่นคง เข้าสู่กระบวนการตามกฎหมาย,556385,นปพ.ร่วม ปัตตานี สนธิกำลังหน่วยงานความมั่นคง เชิญตัวบุคคลต้องสงสัยเกี่ยวข้องคดีความมั่นคง พื้นที่ อ.ทุ่งยางแดง จ.ปัตตานี เข้าสู่กระบวนการตามกฎหมาย,1 กันยายน 2569,"{'name': 'อาชญากรรม', 'id': '66c3c4ce350823a8c40ffd4e', 'path': '/news/crime'}",False,/news/crime/556385,1 ก.ย. 69,"{'id': '6a967468d78ce82b9c05e172', 'sm': 'https://static.amarintv.com/media/Dpe4A5wywPtex9MLJlOuY158DAs5b7m7cMg6RrtGTkJcGyc1UL1zr1iqdMuruiedP.jpg', 'md': 'https://static.amarintv.com/media/Dpe4A5wywPtex9MLJlOuY158DAs5b7m7cMg6RrtGTkJcGyc1UMpV6VBSbw0mdc8N3.jpg', 'lg': 'https://static.amarintv.com/media/PJVlR0ljpO71MYqSDnu3kqrV6a9fNcM1ebuApGiOE1RCEIXKLOqRTU72W5t9gzlWu5.jpg', 'caption': 'News Web_16-9 (22).jpg'}",https://www.amarintv.com/news/crime/556385
บุกทลายโกดัง 'การ์ดความจำปลอม' ปทุมธานี ยึดของกลางกว่า 1.6 หมื่นชิ้น,556373,บุกทลายโกดัง การ์ดหน่วยความจำปลอม ปทุมธานี ยึดของกลางกว่า 1.6 หมื่นชิ้น เสียบปุ๊บติดไวรัส-ข้อมูลพังยับ,1 กันยายน 2569,"{'name': 'อาชญากรรม', 'id': '66c3c4ce350823a8c40ffd4e', 'path': '/news/crime'}",False,/news/crime/556373,1 ก.ย. 69,"{'id': '6a966aebc8ae31ae4d055772', 'sm': 'https://static.amarintv.com/media/Dpe4A5wywPtex9L5h3z618EN1TTy1o3yxMICA607PMbnUaX7rfyi0rX0stI052DCV.jpg', 'md': 'https://static.amarintv.com/media/Dpe4A5wywPtex9L5h3z618EN1TTy1o3yxMICA607PMbnUaX7rgmFFK0crTOvowgw9.jpg', 'lg': 'https://static.amarintv.com/media/PJVlR0ljpO71MYpPl8ifE0BbOHv0Bi2dtIFKT5AomvYGYU66fhCvry7IrBdrbiWFpr.jpg', 'caption': 'News Web_16-9 - 2026-09-01T130225.066.jpg'}",https://www.amarintv.com/news/crime/556373
มือมีดแทงนายก อบต.บ้านติ้วดับ มอบตัว สารภาพโมโหเคลียร์งานไม่ลงตัว,556358,ปิดคดีไว! มือมีดแทงนายก อบต.บ้านติ้วดับ เข้ามอบตัว ที่แท้เป็นข้าราชการหล่มสัก สารรภาพเคลียร์งานไม่ลงตัว ก่อนปะทะอารมณ์โมโหลงมือทำร้ายโหด,1 กันยายน 2569,"{'name': 'อาชญากรรม', 'id': '66c3c4ce350823a8c40ffd4e', 'path': '/news/crime'}",False,/news/crime/556358,1 ก.ย. 69,"{'id': '6a964ba3d30d44f29f07da93', 'sm': 'https://static.amarintv.com/media/Dpe4A5wywPtex9LTsMbnpTbHb8rNXswqtjjBOJ6KLE6ceZusbC8nzjPinYmSZZQh3.jpg', 'md': 'https://static.amarintv.com/media/Dpe4A5wywPtex9LTsMbnpTbHb8rNXswqtjjBOJ6KLE6ceZusbDwKECsKl8sNITuSh.jpg', 'lg': 'https://static.amarintv.com/media/PJVlR0ljpO71MYmtYfYHwkP8vgmbP65CcK0lEdCKBuZXnkU3dh8YRJW4BAtQ3ff16F.jpg', 'caption': 'มืดมีดแทงนายกอบต.มอบตัว (3).jpg'}",https://www.amarintv.com/news/crime/556358
ระทึกกลางดึก! เพลิงไหม้ชุมชนมักกะสัน สลดพบผู้เสียชีวิต 1 ราย,556339,ระทึกกลางดึก! เพลิงไหม้ชุมชนมักกะสัน สุขุมวิท 3 เร่งอพยพป่วยติดเตียง สลดพบผู้เสียชีวิต 1 ราย,1 กันยายน 2569,"{'name': 'อาชญากรรม', 'id': '66c3c4ce350823a8c40ffd4e', 'path': '/news/crime'}",False,/news/crime/556339,1 ก.ย. 69,"{'id': '6a961d950b90b175c0014152', 'sm': 'https://static.amarintv.com/media/Dpe4A5wywPtex9KY9VKoestvdoI5Yvn4z5cwW8U5nZfpmScOAJvfwkTvY8i6yUMKh.jpg', 'md': 'https://static.amarintv.com/media/Dpe4A5wywPtex9KY9VKoestvdoI5Yvn4z5cwW8U5nZfpmScOAKjCBDwXXio1hOp5L.jpg', 'lg': 'https://static.amarintv.com/media/PJVlR0ljpO71MYi7LRZ9M0s8CZu1AQsyqZQzs1IZ8tUv0IMhygALCzwQtdJbsYjxfP.jpg', 'caption': 'News Web_16-9 - 2026-09-01T073414.565.jpg'}",https://www.amarintv.com/news/crime/556339
ด่วน! ชายตกบันไดเลื่อนห้างดังแยกอโศก จากชั้น 4 ลงชั้น G เสียชีวิต,556336,ด่วน! เกิดเหตุสลดกลางห้างดังแยกอโศก ชาย พลัดตกบันไดเลื่อนชั้น 4 ร่างกระแทกพื้นชั้น G เสียชีวิต ตร.เร่งเข้าตรวจสอบ,31 สิงหาคม 2569,"{'name': 'อาชญากรรม', 'id': '66c3c4ce350823a8c40ffd4e', 'path': '/news/crime'}",False,/news/crime/556336,31 ส.ค. 69,"{'id': '6a95a2e74fa891232405f1d2', 'sm': 'https://static.amarintv.com/media/Dpe4A5wywPtex8IvAPKpis4CEhsa0Z8czdYOtn44HfsfzBpa5suv2oILiGg020HVL.jpg', 'md': 'https://static.amarintv.com/media/Dpe4A5wywPtex8IvAPKpis4CEhsa0Z8czdYOtn44HfsfzBpa5tiSHHkxgqmvlulFz.jpg', 'lg': 'https://static.amarintv.com/media/PJVlR0ljpO71MUUKFAoDlXZWivNc0bPpChWE0cy7tA7xYq3FMMdHf1gcrKCxPCX1cZ.jpg', 'caption': 'ปกใหม่_16-9 - 2026-08-31T224925.394.jpg'}",https://www.amarintv.com/news/crime/556336
เร่งล่าตัว! คนร้ายควงท่อนเหล็กบุกชิงแหวนทอง 1 บาท ร้านทอง จ.ปัตตานี,556332,เร่งล่าตัว! คนร้ายควงท่อนเหล็กบุกชิงแหวนทอง 1 บาท ร้านทองกลางนาประดู่ อ.โคกโพธิ์ จ.ปัตตานี ก่อนขี่จักรยานยนต์เผ่นหนี,31 สิงหาคม 2569,"{'name': 'อาชญากรรม', 'id': '66c3c4ce350823a8c40ffd4e', 'path': '/news/crime'}",False,/news/crime/556332,31 ส.ค. 69,"{'id': '6a95937785b31eb6920da1b2', 'sm': 'https://static.amarintv.com/media/Dpe4A5wywPtex76g5r2fNxfkQsWyFkStVCaCI5VXYKGUpYvox68LPrQtCdSgd6JeV.jpg', 'md': 'https://static.amarintv.com/media/Dpe4A5wywPtex76g5r2fNxfkQsWyFkStVCaCI5VXYKGUpYvox7vreKtVBDYbM0nO9.jpg', 'lg': 'https://static.amarintv.com/media/PJVlR0ljpO71MTfp8RLC48aZvBMKzD3VM19e00wQjvsJU6QweHKeRCds8iDnANStRr.jpg', 'caption': 'News Web_16-9 - 2026-08-31T214136.040.jpg'}",https://www.amarintv.com/news/crime/556332
ปัตตานีป่วน! คนร้ายลอบวางเพลิงแบ็กโฮ 1 คัน รถบด 1 คัน อ.ยะรัง ปัตตานี,556329,ปัตตานีป่วน! คนร้ายลอบวางเพลิงรถแบ็กโฮ 1 คัน รถบด 1 คัน บริเวณบนถนนยะลา-ปัตตานี อ.ยะรัง จ.ปัตตานี,31 สิงหาคม 2569,"{'name': 'อาชญากรรม', 'id': '66c3c4ce350823a8c40ffd4e', 'path': '/news/crime'}",False,/news/crime/556329,31 ส.ค. 69,"{'id': '6a9583bc78f6ae5789057f12', 'sm': 'https://static.amarintv.com/media/Dpe4A5wywPtex76N9XMqt37SmDQJhdgRvO9nGeickqqUbJfRs9BP2foPGzuw66C0N.jpg', 'md': 'https://static.amarintv.com/media/Dpe4A5wywPtex76N9XMqt37SmDQJhdgRvO9nGeickqqUbJfRs9ywG9G1FZ0rp0gk1.jpg', 'lg': 'https://static.amarintv.com/media/PJVlR0ljpO71MTeZvZyYdhC01HcrYN3TVD4dcyKSDeOwYHPLLlnLXSezYiwU961Rkp.jpg', 'caption': 'News Web_16-9 - 2026-08-31T203443.547.jpg'}",https://www.amarintv.com/news/crime/556329
"ครอบครัว ""อัลฟาริน"" นศ.แม่ฟ้าหลวง สุดช้ำ คู่กรณีเงียบหาย",556291,"ดับฝัน นศ.นิติศาสตร์! ครอบครัว ""อัลฟาริน""นศ.แม่ฟ้าหลวง สุดช้ำ คู่กรณีเงียบหาย วอนขอความเป็นธรรม",31 สิงหาคม 2569,"{'name': 'อาชญากรรม', 'id': '66c3c4ce350823a8c40ffd4e', 'path': '/news/crime'}",False,/news/crime/556291,31 ส.ค. 69,"{'id': '6a9545cf883a36c29506aa72', 'sm': 'https://static.amarintv.com/media/Dpe4A5wywPtex75AUI0gA5BzuLVzWljA9xiOzW5nHKZoQdxfl2sNLKtMlJsGpeDdL.jpg', 'md': 'https://static.amarintv.com/media/Dpe4A5wywPtex75AUI0gA5BzuLVzWljA9xiOzW5nHKZoQdxfl3ftZoLyjtyBYYhNz.jpg', 'lg': 'https://static.amarintv.com/media/PJVlR0ljpO71MTZXVKg0Lxdjoq2IFVGkHKlXOGp7fk94QDCagRkiOWHTBvLQZ3R2eZ.jpg', 'caption': 'News Web_16-9 - 2026-08-31T161337.065.jpg'}",https://www.amarintv.com/news/crime/556291
สุดสะเทือนใจ! นักแข่งหญิงเสียชีวิต หลังถูกพุ่งชนกลางสนาม,556293,สุดสะเทือนใจ! นักแข่งหญิงเสียชีวิต หลังถูกพุ่งชนกลางสนาม แฟนกีฬาจวกไร้น้ำใจนักกีฬา ไม่ลงมาช่วย  ล่าสุดคู่กรณียอมรับตัดสินใจผิดพลาด,31 สิงหาคม 2569,"{'name': 'อาชญากรรม', 'id': '66c3c4ce350823a8c40ffd4e', 'path': '/news/crime'}",False,/news/crime/556293,31 ส.ค. 69,"{'id': '6a954428d9f8df4dfb06a472', 'sm': 'https://static.amarintv.com/media/Dpe4A5wywPtex75AOpj0XCI8xW1RHomJg04DRcgWyO7hOYcb20Cyf8sZVbHHXWm89.jpg', 'md': 'https://static.amarintv.com/media/Dpe4A5wywPtex75AOpj0XCI8xW1RHomJg04DRcgWyO7hOYcb200UucLBUBNCGRGtn.jpg', 'lg': 'https://static.amarintv.com/media/PJVlR0ljpO71MTZW8jqAPG1FB0X8rlrhVobbiFvoLbvzNa9dISjmYQgBo1ChVEmfy1.jpg', 'caption': 'News Web_16-9 (25).jpg'}",https://www.amarintv.com/news/crime/556293
ปะทะเดือด! ทหารทัพเจ้าตากปะทะขบวนการลำเลียงเคตามีน ยึด 150 กิโลกรัม,556289,ปะทะเดือด! ทหารทัพเจ้าตากปะทะขบวนการลำเลียงเคตามีน ริมแม่น้ำสาย จ.เชียงราย ยึดของกลาง 150 กิโลกรัม,31 สิงหาคม 2569,"{'name': 'อาชญากรรม', 'id': '66c3c4ce350823a8c40ffd4e', 'path': '/news/crime'}",False,/news/crime/556289,31 ส.ค. 69,"{'id': '6a953f5ee77e58a1a90301f2', 'sm': 'https://static.amarintv.com/media/Dpe4A5wywPtex74u9IP92RWMivET4FBGceSHpHfajjouERfADZPtvz197kAaAM0aB.jpg', 'md': 'https://static.amarintv.com/media/Dpe4A5wywPtex74u9IP92RWMivET4FBGceSHpHfajjouERfADaDQATUl6KGUtHUKp.jpg', 'lg': 'https://static.amarintv.com/media/PJVlR0ljpO71MTYWAaGDeHpp1gV0LisipnEznw9vs3OONqQAN568xt9m0Vu2PcN9bH.jpg', 'caption': 'News Web_16-9 - 2026-08-31T153608.600.jpg'}",https://www.amarintv.com/news/crime/556289
สกัดล็อตใหญ่! ตำรวจตระเวนชายแดนภาค 2 จับยาบ้า 5 ล้านเม็ด มูลค่า 170 ล.,556280,สกัดล็อตใหญ่! ตำรวจตระเวนชายแดนภาค 2 จับยาบ้า 5 ล้านเม็ด มูลค่า 170 ล้าน หลังเช่าบ้านพัก อ้างจะใช้เป็นที่พักกระเทียม แต่นำยาบ้ามาพัก,31 สิงหาคม 2569,"{'name': 'อาชญากรรม', 'id': '66c3c4ce350823a8c40ffd4e', 'path': '/news/crime'}",False,/news/crime/556280,31 ส.ค. 69,"{'id': '6a9531e32a4e6fed6003ab52', 'sm': 'https://static.amarintv.com/media/Dpe4A5wywPtex74rErxQncKb2DNrmu3HSIysVWldfnOlZvdQOdo384PPvmc0a8va1.jpg', 'md': 'https://static.amarintv.com/media/Dpe4A5wywPtex74rErxQncKb2DNrmu3HSIysVWldfnOlZvdQOecaNXr1uMivJ3PLf.jpg', 'lg': 'https://static.amarintv.com/media/PJVlR0ljpO71MTYF1azaq4TJFLSkIBlkG4ZZGNUt0mASeYAzBoI27sDoG74PYAFY3z.jpg', 'caption': 'News Web_16-9 - 2026-08-31T144505.993.jpg'}",https://www.amarintv.com/news/crime/556280
"ตั้งกรรมการสอบใน 30 วัน ปมผู้ต้องหาอ้าง ""ตร.ขอแบ่งทอง""",556275,"ทองของกลางไม่ตรงยอดขโมย! ผกก.หนองคาย แจงปมผู้ต้องหาอ้าง ""ตร.ขอแบ่งทอง"" ลั่นตั้งกรรมการสอบใน 30 วัน",31 สิงหาคม 2569,"{'name': 'อาชญากรรม', 'id': '66c3c4ce350823a8c40ffd4e', 'path': '/news/crime'}",False,/news/crime/556275,31 ส.ค. 69,"{'id': '6a952c8af5a15af3a1019272', 'sm': 'https://static.amarintv.com/media/Dpe4A5wywPtex74byTHTT0DHCO3nsZT7WDidzJTEd2AWwS07h5agoT2aCld9nh6Qt.jpg', 'md': 'https://static.amarintv.com/media/Dpe4A5wywPtex74byTHTT0DHCO3nsZT7WDidzJTEd2AWwS07h6OC2xVCBLj4WcaBX.jpg', 'lg': 'https://static.amarintv.com/media/PJVlR0ljpO71MTXEzs6Lv441DPft9WiZFEqXJMaufU9gDb0p16xgmr3WhF09X3UJEx.jpg', 'caption': 'News Web_16-9 - 2026-08-31T142454.535.jpg'}",https://www.amarintv.com/news/crime/556275
รวบพ่อเลี้ยงหื่น วางยาย่ำยีลูกตั้งแต่อายุ 15 นาน 4 ปี โชว์ปืนขู่ยกครัว,556273,รวบพ่อเลี้ยงหื่น วางยาย่ำยีลูกตั้งแต่อายุ 15 นาน 4 ปี โชว์ปืนขู่ฆ่ายกครัว แอบติดแอปพลิเคชันติดตามตัว ก่อนหึงหวงบุกหาเรื่องเพื่อนชายคนสนิทของลูกเลี้ยง,31 สิงหาคม 2569,"{'name': 'อาชญากรรม', 'id': '66c3c4ce350823a8c40ffd4e', 'path': '/news/crime'}",False,/news/crime/556273,31 ส.ค. 69,"{'id': '6a952b8b8e0d716737011b62', 'sm': 'https://static.amarintv.com/media/Dpe4A5wywPtex74btsgiltHBXEEh544EddmzVJ6wjl1eOPsB0jzSArEexf960OS5X.jpg', 'md': 'https://static.amarintv.com/media/Dpe4A5wywPtex74btsgiltHBXEEh544EddmzVJ6wjl1eOPsB0kmyPKhGwGF1jIwqB.jpg', 'lg': 'https://static.amarintv.com/media/PJVlR0ljpO71MTXEgv0a3wQ9pOywHI7gdsUT9XEsjCU0y01xm7lwLFpOKxM50QPq37.jpg', 'caption': 'วางยาย่ำยีลูกเลี้ยง (3).jpg'}",https://www.amarintv.com/news/crime/556273
เร่งล่า! ตร.หล่มสัก คลี่คลายคดีร้ายแรง นายก อบต.บ้านติ้ว เสียชีวิต,556268,เร่งล่า! ตร.สภ.หล่มสัก ลงพื้นที่คลี่คลายคดีร้ายแรง ทำร้าย นายก อบต.บ้านติ้ว เสียชีวิต ภรรยาเจ็บสาหัส เร่งสอบหาสาเหตุ ดำเนินคดีตามกฎหมาย,31 สิงหาคม 2569,"{'name': 'อาชญากรรม', 'id': '66c3c4ce350823a8c40ffd4e', 'path': '/news/crime'}",False,/news/crime/556268,31 ส.ค. 69,"{'id': '6a951c296df4b9618009f012', 'sm': 'https://static.amarintv.com/media/Dpe4A5wywPtex74I1FldWISPDfDxieAUkTbev50X67g4J9XhzGwnJiq59tUK6wqWh.jpg', 'md': 'https://static.amarintv.com/media/Dpe4A5wywPtex74I1FldWISPDfDxieAUkTbev50X67g4J9XhzHkJYCJh8TaFprKHL.jpg', 'lg': 'https://static.amarintv.com/media/PJVlR0ljpO71MTVyjNItNYPUKcPqmX3W96RhD40S3bx13PbNo3qxdrD6dOOcFUMdDP.jpg', 'caption': 'News Web_16-9 (16).jpg'}",https://www.amarintv.com/news/crime/556268
รวบทันควัน 2 ผัวเมียแก๊งแม่บ้านแสบ ยกเค้าคอนโดหรู ฉก iPad อินฟลูฯ สาว,556267,สืบห้วยขวางรวบทันควัน! 2 ผัวเมียแก๊งแม่บ้านแสบ ตระเวนยกเค้าคอนโดหรู ฉก iPad-ตะกรุดตกทอด อินฟลูฯ สาว,31 สิงหาคม 2569,"{'name': 'อาชญากรรม', 'id': '66c3c4ce350823a8c40ffd4e', 'path': '/news/crime'}",False,/news/crime/556267,31 ส.ค. 69,"{'id': '6a951a23a9612675770414a2', 'sm': 'https://static.amarintv.com/media/Dpe4A5wywPtex74Ir4X7JxqJFI1eL6rqTvS5mQNHxaK5b9YYHKYXU3ivmN99IT9zn.jpg', 'md': 'https://static.amarintv.com/media/Dpe4A5wywPtex74Ir4X7JxqJFI1eL6rqTvS5mQNHxaK5b9YYHLL3jXBXkyF31OdkR.jpg', 'lg': 'https://static.amarintv.com/media/PJVlR0ljpO71MTVx7Sy4QdIBfOk0pUYWtlUJ386MMEFHNjerjckoKfONmK3FS7u1MB.jpg', 'caption': 'News Web_16-9 - 2026-08-31T130714.034.jpg'}",https://www.amarintv.com/news/crime/556267
เร่งหาสาเหตุไฟไหม้คลองถมเซ็นเตอร์ ติดอุปสรรคชั้น2-3 ถล่มทับจุดต้นเพลิง,556263,"พฐ. เร่งหาสาเหตุไฟไหม้ ""คลองถมเซ็นเตอร์"" ติดอุปสรรคชั้น 2-3 ถล่มทับจุดต้นเพลิง เร่งรื้อโครงสร้างเปิดทางเข้าตรวจ",31 สิงหาคม 2569,"{'name': 'อาชญากรรม', 'id': '66c3c4ce350823a8c40ffd4e', 'path': '/news/crime'}",False,/news/crime/556263,31 ส.ค. 69,"{'id': '6a9511bd8c674f6abe02ffd2', 'sm': 'https://static.amarintv.com/media/Dpe4A5wywPtex74FKbUvP7VN4crxA0rm0VRu1Irh41FmeQ9VaJBZ56m4IjJfpLHmV.jpg', 'md': 'https://static.amarintv.com/media/Dpe4A5wywPtex74FKbUvP7VN4crxA0rm0VRu1Irh41FmeQ9VaJy6KaFgHJPaYFlW9.jpg', 'lg': 'https://static.amarintv.com/media/PJVlR0ljpO71MTVjVG1tH3BnbIgyXfmIYH3TdZ5yCvNM5AJSby503d3SxsOZmnHATr.jpg', 'caption': 'News Web_16-9 - 2026-08-31T122949.309.jpg'}",https://www.amarintv.com/news/crime/556263
ด่วน! ศาลสั่งจำคุก “ตะวัน” อดีตแกนนำกลุ่มทะลุวัง 2 ปี  ผิดมาตรา112,556256,ด่วน! ศาลอาญาสั่งจำคุก “ตะวัน” อดีตแกนนำกลุ่มทะลุวัง 2 ปี  ไม่รอลงอาญา ปรับ 600 บาท-ริบมือถือของกลาง ผิดมาตรา112 ปมไลฟ์สดขบวนเสด็จ,31 สิงหาคม 2569,"{'name': 'อาชญากรรม', 'id': '66c3c4ce350823a8c40ffd4e', 'path': '/news/crime'}",False,/news/crime/556256,31 ส.ค. 69,"{'id': '6a9502b1359780cb530d1554', 'sm': 'https://static.amarintv.com/media/Dpe4A5wywPtex73wR5ChNyrYqpMU0NQHJrkPWXphUpl8jW8ugMpa96nTEMSR6NWfL.jpg', 'md': 'https://static.amarintv.com/media/Dpe4A5wywPtex73wR5ChNyrYqpMU0NQHJrkPWXphUpl8jW8ugNc7OaF5CwYMpH0Pz.jpg', 'lg': 'https://static.amarintv.com/media/PJVlR0ljpO71MTUTX9gdLDVL6KG6DkuhiD7paZtfnVyyGC20Ez9FR947tp0o68WcuZ.jpg', 'caption': 'จำคุก2ปี-ไม่รอลงอาญา (3).jpg'}",https://www.amarintv.com/news/crime/556256
ครูขับรถพานักเรียนดูงาน เสียหลักตกร่องพุ่งชนตอม่อป้ายสมุทรปราการ เจ็บ5,556245,ครูขับรถอเนกประสงค์พานักเรียนไปดูงานสมุทรปราการ มองไม่เห็นขอบทาง เสียหลักตกร่องกลางถนน พุ่งชนตอม่อป้ายบอกทาง เจ็บ 5 ราย,31 สิงหาคม 2569,"{'name': 'อาชญากรรม', 'id': '66c3c4ce350823a8c40ffd4e', 'path': '/news/crime'}",False,/news/crime/556245,31 ส.ค. 69,"{'id': '6a94f3729a01bbe67e0fb7a2', 'sm': 'https://static.amarintv.com/media/Dpe4A5wywPtex64BwAuOge8urONWt1AkFNGvtQwhswRHypa6u6IgSmOpLauj1hM5X.jpg', 'md': 'https://static.amarintv.com/media/Dpe4A5wywPtex64BwAuOge8urONWt1AkFNGvtQwhswRHypa6u66ChFrRKA0ekbqqB.jpg', 'lg': 'https://static.amarintv.com/media/PJVlR0ljpO71MPNVUPE38L40yerL3U2Y9gH7E5SbO3UsRNFQlptLLFrNDhhc7oS437.jpg', 'caption': 'News Web_16-9 (5).jpg'}",https://www.amarintv.com/news/crime/556245
ครูสาวอุ้มท้องดับคารถเก๋ง ทิ้งโน้ตตัดพ้อแฟนหนุ่มไม่ยอมรับ,556243,ครูสาวอุ้มท้องดับคารถเก๋ง ทิ้งโน้ตตัดพ้อแฟนหนุ่มไม่ยอมรับลูก เผยเพิ่งแจ้งความตำรวจโดนแฟนทำร้ายบาดเจ็บ,31 สิงหาคม 2569,"{'name': 'อาชญากรรม', 'id': '66c3c4ce350823a8c40ffd4e', 'path': '/news/crime'}",False,/news/crime/556243,31 ส.ค. 69,"{'id': '6a94f1e77effd68e1503d082', 'sm': 'https://static.amarintv.com/media/Dpe4A5wywPtex64BnosNERdtrMgWWgFULEfJOe8naDpetPIM1YuCMX4KijJzEHcCp.jpg', 'md': 'https://static.amarintv.com/media/Dpe4A5wywPtex64BnosNERdtrMgWWgFULEfJOe8naDpetPIM1Zhia1WwhJPtxB5xT.jpg', 'lg': 'https://static.amarintv.com/media/PJVlR0ljpO71MPNUvuGh7qKwqXrmU8d9TskmH14WvlJU2yd3GV0E3WgklEPrtl7VAR.jpg', 'caption': 'News Web_16-9 - 2026-08-31T101538.998.jpg'}",https://www.amarintv.com/news/crime/556243
"สะเทือนใจ! อ้างคำพูด อ.แพทย์ ชน นศ.ดับ 2 เจ็บ 1 ""อนาคตผมยังอีกไกล""",556244,"สะเทือนใจ! อ้างคำพูด อ.แพทย์ ชน นศ.แม่ฟ้าหลวงดับ 2 เจ็บ 1 ""อนาคตผมยังอีกไกล"" พยานเล่านาทีเกิดเหตุ ซิ่งฝ่าไฟแดง ลากร่างไถลไกล 50 เมตร",31 สิงหาคม 2569,"{'name': 'อาชญากรรม', 'id': '66c3c4ce350823a8c40ffd4e', 'path': '/news/crime'}",False,/news/crime/556244,31 ส.ค. 69,"{'id': '6a94efb570e595eb470d27a2', 'sm': 'https://static.amarintv.com/media/Dpe4A5wywPtex63wlwTEzHVj1Fl8JMv8Y8ZqSuEwTOQpcn4bRaKNTmpBkehBMb7zv.jpg', 'md': 'https://static.amarintv.com/media/Dpe4A5wywPtex63wlwTEzHVj1Fl8JMv8Y8ZqSuEwTOQpcn4bRa7tiGHnjEm55WbkZ.jpg', 'lg': 'https://static.amarintv.com/media/PJVlR0ljpO71MPMUr9cv5EVGDNKwWAuFZHcCpYPtdY4zMQxCnxsKxPcDjBJd0AoltD.jpg', 'caption': 'ซิ่งเก๋งชนนศ.ดับ2เจ็บ1 (3).jpg'}",https://www.amarintv.com/news/crime/556244
สลด! พบหนุ่มรัสเซียดับปริศนาในคอนโดกะทู้ คาดเสียชีวิตแล้ว 3 วัน,556236,สลด!  พบหนุ่มรัสเซียดับปริศนาในคอนโดกะทู้ คาดเสียชีวิตแล้ว 3 วัน เร่งชันสูตรหาสาเหตุ,31 สิงหาคม 2569,"{'name': 'อาชญากรรม', 'id': '66c3c4ce350823a8c40ffd4e', 'path': '/news/crime'}",False,/news/crime/556236,31 ส.ค. 69,"{'id': '6a94e546872585d7b30524e2', 'sm': 'https://static.amarintv.com/media/Dpe4A5wywPtex63s8B7BGZtJT0JDJ19CFcWREtP1GVshisxAxlqv7NFMS7RIYsn1r.jpg', 'md': 'https://static.amarintv.com/media/Dpe4A5wywPtex63s8B7BGZtJT0JDJ19CFcWREtP1GVshisxAxmeSLqhyRhXDHnHmV.jpg', 'lg': 'https://static.amarintv.com/media/PJVlR0ljpO71MPMFp2DqieOad5TXCu4AmhF8fg1dQNp4jW6XSrSlyr0Hylz3ipgJsh.jpg', 'caption': 'News Web_16-9 (1).jpg'}",https://www.amarintv.com/news/crime/556236
สัปเหร่อลูกครึ่ง เตือนสติสาวๆ แห่รับทหาร GI เผยชีวิตโดนไข่แล้วทิ้ง,556221,"""อย่าหลงคารม!"" สัปเหร่อลูกครึ่งฝรั่ง เตือนสติสาวๆ แห่รับทหาร GI เผยชีวิตสุดสะเทือนใจ โดนไข่แล้วทิ้ง",30 สิงหาคม 2569,"{'name': 'อาชญากรรม', 'id': '66c3c4ce350823a8c40ffd4e', 'path': '/news/crime'}",False,/news/crime/556221,30 ส.ค. 69,"{'id': '6a942314d30a6afd7f07fa12', 'sm': 'https://static.amarintv.com/media/Dpe4A5wywPtex6oIMTTIGS3xi5WnclshsXfPAz0MsjIJM79ltQZiGetS7FLF6DOln.jpg', 'md': 'https://static.amarintv.com/media/Dpe4A5wywPtex6oIMTTIGS3xi5WnclshsXfPAz0MsjIJM79ltRNEU8L45pRAo7sWR.jpg', 'lg': 'https://static.amarintv.com/media/PJVlR0ljpO71MOJr0zs9cCCYoM1c6Ht5NPC99cDigBDoBhsXwvbenCrtQSc7YSh1YB.jpg', 'caption': 'News Web_16-9 - 2026-08-30T192838.420.jpg'}",https://www.amarintv.com/news/crime/556221
ผบก.น.6 สั่งสอบพยาน 4-5 ปาก เหตุเพลิงไหม้คลองถมเซ็นเตอร์,556215,"""ผบก.น.6"" เผยเรียกสอบพยานเห็นต้นเพลิง 4-5 คน ปมไฟไหม้ตลาดคลองถมเซ็นเตอร์ สั่งเฝ้า 24 ชม. กันโจรลักของซ้ำเติม",30 สิงหาคม 2569,"{'name': 'อาชญากรรม', 'id': '66c3c4ce350823a8c40ffd4e', 'path': '/news/crime'}",False,/news/crime/556215,30 ส.ค. 69,"{'id': '6a9418ed94b5197c8e0d24c2', 'sm': 'https://static.amarintv.com/media/Dpe4A5wywPtex6nznFniQle3kjuzpwVtBNtuw3CHIzmjyoUoxQmoSxCyf2xl1HWBv.jpg', 'md': 'https://static.amarintv.com/media/Dpe4A5wywPtex6nznFniQle3kjuzpwVtBNtuw3CHIzmjyoUoxRaKhQfaec3gkBzwZ.jpg', 'lg': 'https://static.amarintv.com/media/PJVlR0ljpO71MOIdLZRTeizjhBnXWfnr3Cs5L1OtedJR3IhSbSTkNyURj9V9L5ifRD.jpg', 'caption': 'ปกใหม่_16-9 - 2026-08-30T184907.639.jpg'}",https://www.amarintv.com/news/crime/556215
ตำรวจหนองคายแจงยิบ ยันไม่ได้ขอแบ่งทอง 6 บาท จากผู้ต้องหาคดีลักทรัพย์,556208,ตำรวจหนองคายแจงยิบ ยันไม่ได้ขอแบ่งทอง 6 บาท จากผู้ต้องหาคดีลักทรัพย์ ชี้ผู้ต้องหาหลอนยา พูดจาวกวน,30 สิงหาคม 2569,"{'name': 'อาชญากรรม', 'id': '66c3c4ce350823a8c40ffd4e', 'path': '/news/crime'}",False,/news/crime/556208,30 ส.ค. 69,"{'id': '6a9411c7ea4bb404d808e612', 'sm': 'https://static.amarintv.com/media/Dpe4A5wywPtex6nzG5CyQPGTAiYxTTDagTVhLJ8yCoaQ3rLf8AQgleIDsLQ58ToBX.jpg', 'md': 'https://static.amarintv.com/media/Dpe4A5wywPtex6nzG5CyQPGTAiYxTTDagTVhLJ8yCoaQ3rLf8BECz7kpqvW0rOHwB.jpg', 'lg': 'https://static.amarintv.com/media/PJVlR0ljpO71MOIbCjhlhEWCeSCXlsqJfZ25AFNEm64dv8Th9mwObAN6UvnEPoSxp7.jpg', 'caption': 'News Web_16-9 - 2026-08-30T181849.378.jpg'}",https://www.amarintv.com/news/crime/556208
รวบแล้วโจรชิงทองห้างดังอรัญประเทศ ยึดของกลางคืน 50 เส้น ซุกริมทางรถไฟ,556206,รวบโจรชิงทองห้างดังอรัญประเทศ! CIB ผนึกตำรวจสระแก้ว แกะรอยจับคาบ้านพัก สารภาพปาระเบิดควัน-ใส่วิกพรางตัว ยึดทองคืนได้ 50 เส้น ซุกป่าริมทางรถไฟ,30 สิงหาคม 2569,"{'name': 'อาชญากรรม', 'id': '66c3c4ce350823a8c40ffd4e', 'path': '/news/crime'}",False,/news/crime/556206,30 ส.ค. 69,"{'id': '6a9403b92aa87a4124071d22', 'sm': 'https://static.amarintv.com/media/Dpe4A5wywPtex6ngS8c09YtUh3VTJNnu4isJUYu4kyEGHGJCDEshWcHWFB56OND7v.jpg', 'md': 'https://static.amarintv.com/media/Dpe4A5wywPtex6ngS8c09YtUh3VTJNnu4isJUYu4kyEGHGJCDFgDk5j8DmB07HhsZ.jpg', 'lg': 'https://static.amarintv.com/media/PJVlR0ljpO71MOHLYVpIxgHKz6f9EEUJrhUSgONrp8s5PTXScjJ3i55CLHEXTRH4vD.jpg', 'caption': 'News Web_16-9 (29).jpg'}",https://www.amarintv.com/news/crime/556206
“ชัชชาติ” เร่งเจาะด้านข้าง-ตัดคานเหล็กคลองถม คาดคุมได้ 1-2 วัน,556198,ไฟไหม้คลองถมฯ ยังมีความร้อนสะสม “ชัชชาติ” เผยเร่งเจาะด้านข้าง-ตัดคานเหล็ก คาดคุมสถานการณ์ได้ใน 1-2 วัน,30 สิงหาคม 2569,"{'name': 'อาชญากรรม', 'id': '66c3c4ce350823a8c40ffd4e', 'path': '/news/crime'}",False,/news/crime/556198,30 ส.ค. 69,"{'id': '6a93f0aa2bfda695310461f0', 'sm': 'https://static.amarintv.com/media/Dpe4A5wywPtex5nvfcoBspJYIdiFcfNV27yt2io9Lhuk0sJ7pyxpMRXATc1Xbp889.jpg', 'md': 'https://static.amarintv.com/media/Dpe4A5wywPtex5nvfcoBspJYIdiFcfNV27yt2io9Lhuk0sJ7pzlLauzmSC7SKkctn.jpg', 'lg': 'https://static.amarintv.com/media/PJVlR0ljpO71MKAMJ4RRGZ4vpAAuhq3IW69fbRHOnpWYJoVIYhbD45hoSsPhq2hVy1.jpg', 'caption': 'News Web_16-9 - 2026-08-30T155725.135.jpg'}",https://www.amarintv.com/news/crime/556198
เพลิงสงบแล้ว! ไฟไหม้บ้านใกล้ศูนย์เยาวชนคลองเตย วอด  5 หลัง,556200,เพลิงสงบแล้ว! ไฟไหม้บ้านไม้ติดต่อกัน ใกล้ศูนย์เยาวชนคลองเตย เผาวอด  5 หลัง,30 สิงหาคม 2569,"{'name': 'อาชญากรรม', 'id': '66c3c4ce350823a8c40ffd4e', 'path': '/news/crime'}",False,/news/crime/556200,30 ส.ค. 69,"{'id': '6a93ee8dbf909e5fa20fb032', 'sm': 'https://static.amarintv.com/media/Dpe4A5wywPtex5ngc4BHLHAyOaMJR94P5GfEiLqF5QcFOiw18WjxrH1J76waexnDP.jpg', 'md': 'https://static.amarintv.com/media/Dpe4A5wywPtex5ngc4BHLHAyOaMJR94P5GfEiLqF5QcFOiw18XXT5lTv6g2VNsGx3.jpg', 'lg': 'https://static.amarintv.com/media/PJVlR0ljpO71MJ9MDVSln27VZiKKWTmRtw0SxKNycb57mHnw1G3zASQKJ1xGRwGxY5.jpg', 'caption': 'News Web_16-9 (25).jpg'}",https://www.amarintv.com/news/crime/556200
"หลอนหนัก! หนุ่มบุกบ้านชาวบ้านซด ""เลือดหมูดิบ"" ถือมีดป่วนโรงเรียน",556190,"หลอนหนัก! หนุ่มบุกบ้านชาวบ้านซด ""เลือดหมูดิบ"" ถือมีดป่วนโรงเรียน",30 สิงหาคม 2569,"{'name': 'อาชญากรรม', 'id': '66c3c4ce350823a8c40ffd4e', 'path': '/news/crime'}",False,/news/crime/556190,30 ส.ค. 69,"{'id': '6a93ce7b3c659b90950f51a2', 'sm': 'https://static.amarintv.com/media/Dpe4A5wywPtex5m4ipipwzwUzGqHvIJ3cw9FnPp1P2aeYtKvCqjMr4Bxgfx7TiI1H.jpg', 'md': 'https://static.amarintv.com/media/Dpe4A5wywPtex5m4ipipwzwUzGqHvIJ3cw9FnPp1P2aeYtKvCrWs6XeZfF32Ccmlv.jpg', 'lg': 'https://static.amarintv.com/media/PJVlR0ljpO71MJ6phJlKhnxj9Bj6Clq1A2QPQEsz3itXgGgaO7bWRfKFekZZxUKHT3.jpg', 'caption': 'News Web_16-9 - 2026-08-30T133216.259.jpg'}",https://www.amarintv.com/news/crime/556190
ไฟไหม้คลองถมเซ็นเตอร์ผ่านกว่า 2 วัน ใต้ซากยังร้อนระอุ,556186,"ดับเพลิงเร่งฉีดน้ำระบายความร้อน ""คลองถมเซ็นเตอร์"" ผ่าน 2 วันใต้ซากยังร้อนระอุ-จ่อใช้เครนรื้อถอน",30 สิงหาคม 2569,"{'name': 'อาชญากรรม', 'id': '66c3c4ce350823a8c40ffd4e', 'path': '/news/crime'}",False,/news/crime/556186,30 ส.ค. 69,"{'id': '6a93bd386f53edfbb509e962', 'sm': 'https://static.amarintv.com/media/Dpe4A5wywPtex5mlg3pOHdXl7poZDKhGjrncA5iGZj4OOsIFb4UkoajiP1DUcB46Z.jpg', 'md': 'https://static.amarintv.com/media/Dpe4A5wywPtex5mlg3pOHdXl7poZDKhGjrncA5iGZj4OOsIFb5IG24CKObJPK6YrD.jpg', 'lg': 'https://static.amarintv.com/media/PJVlR0ljpO71MJ5Y7z0OS1TeuX8zbFerJaK3pzmydmQKwuNYfGRBJJhcbyI3UVGpKN.jpg', 'caption': 'News Web_16-9 - 2026-08-30T121758.700.jpg'}",https://www.amarintv.com/news/crime/556186
"เด้ง ""5 เสือ สน.ห้วยขวาง"" เข้า ศปก. เซ่นปกครองบุกทลายผับดังเปิดยันเช้า",556187,"ผบก.น.1 เซ็นสั่งเด้ง ""5 เสือ สน.ห้วยขวาง"" เข้า ศปก. เซ่นปกครองบุกทลายผับดังเปิดยันเช้า-ไร้ใบอนุญาต",30 สิงหาคม 2569,"{'name': 'อาชญากรรม', 'id': '66c3c4ce350823a8c40ffd4e', 'path': '/news/crime'}",False,/news/crime/556187,30 ส.ค. 69,"{'id': '6a93bbeaba2552cbb00cc002', 'sm': 'https://static.amarintv.com/media/Dpe4A5wywPtex5mlYmOoK92XIq99IjzquCPZTO7y6lzuk8N3apoMizLcyJEINBzOF.jpg', 'md': 'https://static.amarintv.com/media/Dpe4A5wywPtex5mlYmOoK92XIq99IjzquCPZTO7y6lzuk8N3aqbsxSoEwtKC56S8t.jpg', 'lg': 'https://static.amarintv.com/media/PJVlR0ljpO71MJ5YZn2d3Zefh3h6bZ7aeFRmfbxAWANqYopW19n9qBJ97YgMwYtEJn.jpg', 'caption': 'News Web_16-9 (19).jpg'}",https://www.amarintv.com/news/crime/556187
"พบเบาะแสสำคัญ! นาฬิกาสัญลักษณ์ ""Pattani"" โผล่บึ้มโกลบอลเฮ้าส์",556184,"เจ้าหน้าที่พบนาฬิกาข้อมือ สัญลักษณ์ ""Pattani"" ภายในโกลบอลเฮ้าส์ปัตตานี เร่งตรวจดีเอ็นเอแฝงหาความเชื่อมโยงกลุ่มผู้ก่อเหตุ",30 สิงหาคม 2569,"{'name': 'อาชญากรรม', 'id': '66c3c4ce350823a8c40ffd4e', 'path': '/news/crime'}",False,/news/crime/556184,30 ส.ค. 69,"{'id': '6a93b135830acffaeb066232', 'sm': 'https://static.amarintv.com/media/Dpe4A5wywPtex5mhuxOs3Ckg1qN7rTDQhthsQKZUu2et7gVlmsGFPFrNssRyBlLWV.jpg', 'md': 'https://static.amarintv.com/media/Dpe4A5wywPtex5mhuxOs3Ckg1qN7rTDQhthsQKZUu2et7gVlms3ldjJzrSXsufpG9.jpg', 'lg': 'https://static.amarintv.com/media/PJVlR0ljpO71MJ5JXNSxVQqzroVoeypeTSDMuu8lrjA5vvjNVrvHchVHo76pbMscPr.jpg', 'caption': 'ปกใหม่_16-9 - 2026-08-30T112708.948.jpg'}",https://www.amarintv.com/news/crime/556184
ค่าไฟเป็นเหตุ! พระหนุ่ม 30 ใส่เดี่ยวหลวงพ่อ 60 กลางสำนักสงฆ์,556176,ค่าไฟเป็นเหตุ! พระหนุ่ม 30 ใส่เดี่ยวหลวงพ่อ 60 กลางสำนักสงฆ์ ฉุนบิลพุ่ง,30 สิงหาคม 2569,"{'name': 'อาชญากรรม', 'id': '66c3c4ce350823a8c40ffd4e', 'path': '/news/crime'}",False,/news/crime/556176,30 ส.ค. 69,"{'id': '6a93ad9ce9e7a6fda301e102', 'sm': 'https://static.amarintv.com/media/Dpe4A5wywPtex5mSj306iFPAAGTUrr8sBdC38gPYOHLMlmxHj9waxngPF0GgfiNH3.jpg', 'md': 'https://static.amarintv.com/media/Dpe4A5wywPtex5mSj306iFPAAGTUrr8sBdC38gPYOHLMlmxHkAj7CG81EaMbOcq2h.jpg', 'lg': 'https://static.amarintv.com/media/PJVlR0ljpO71MJ4IsOmlutn6AaDzedkpwD59H3JiCRoQDWKzSev8dK9xUcOFG2bukF.jpg', 'caption': 'News Web_16-9 - 2026-08-30T111200.011.jpg'}",https://www.amarintv.com/news/crime/556176
ล่า 5 คนร้ายบุกโกลบอลเฮ้าส์ ปัตตาน! ไล่คนก่อนวางคาร์บอมบ์โชคดีไม่ทำงาน,556178,เปิดวงจรปิดล่า 5 คนร้ายบุกโกลบอลเฮ้าส์ ปัตตานี! ไล่คนก่อนวางระเบิด โชคดีคาร์บอมบ์ 60 กิโลฯ ด้านในไม่ทำงาน,30 สิงหาคม 2569,"{'name': 'อาชญากรรม', 'id': '66c3c4ce350823a8c40ffd4e', 'path': '/news/crime'}",False,/news/crime/556178,30 ส.ค. 69,"{'id': '6a93ac8f4b28a7ca890e4e82', 'sm': 'https://static.amarintv.com/media/Dpe4A5wywPtex5mSfSJxnU7vDScVsoxY3NdbHofoXhwTteNDN2BieEWQ2dEo63wNv.jpg', 'md': 'https://static.amarintv.com/media/Dpe4A5wywPtex5mSfSJxnU7vDScVsoxY3NdbHofoXhwTteNDN2zEshy21DKjpyP8Z.jpg', 'lg': 'https://static.amarintv.com/media/PJVlR0ljpO71MJ4IZM8c6aiuRmNDqYb8v9nh9lQqtNdfdyt3TIuaMXymrPIX7xeozD.jpg', 'caption': 'News Web_16-9 (15).jpg'}",https://www.amarintv.com/news/crime/556178
รวบคาเตียง! แก๊งบัญชีม้าขอนแก่น อุ้มสาว 18 เรียกค่าไถ่,556177,จนมุมคาห้องพัก! ตำรวจขอนแก่ นแกะรอยวงจรปิดตามรวบ 3 แก๊งบัญชีม้า บุกบ้านอุ้มสาว 18 ขึ้นรถไปกักขังเรียกค่าไถ่ 1 หมื่น,30 สิงหาคม 2569,"{'name': 'อาชญากรรม', 'id': '66c3c4ce350823a8c40ffd4e', 'path': '/news/crime'}",False,/news/crime/556177,30 ส.ค. 69,"{'id': '6a93a93b647794f6870f7582', 'sm': 'https://static.amarintv.com/media/Dpe4A5wywPtex5mPYZhKfJzMbSkeKo2gtYsAkHyptPpiHiScVtqxLrmq5GDW0ja1X.jpg', 'md': 'https://static.amarintv.com/media/Dpe4A5wywPtex5mPYZhKfJzMbSkeKo2gtYsAkHyptPpiHiScVueTaLFS3qJRjd4mB.jpg', 'lg': 'https://static.amarintv.com/media/PJVlR0ljpO71MJ35ixa7WojZWsuokAxJJcBsZKROS0ri3LmNDmUq4h6aOGFDNpecX7.jpg', 'caption': 'ปกใหม่_16-9 - 2026-08-30T105308.656.jpg'}",https://www.amarintv.com/news/crime/556177
ตร.บางละมุงล่อซื้อเคผ่าน IG รวบพระคากุฏิ ยึดของกลางส่งลาสิกขาดำเนินคดี,556174,"ช็อกวงการสงฆ์! ตำรวจบางละมุงล่อซื้อ ""เค"" ผ่าน IG รวบพระลูกวัดคากุฏิ พบเค 2 ถุง–บุหรี่ไฟฟ้า ก่อนให้ลาสิกขาดำเนินคดี",30 สิงหาคม 2569,"{'name': 'อาชญากรรม', 'id': '66c3c4ce350823a8c40ffd4e', 'path': '/news/crime'}",False,/news/crime/556174,30 ส.ค. 69,"{'id': '6a93a31861bcc907e20b5632', 'sm': 'https://static.amarintv.com/media/Dpe4A5wywPtex5mO6ziKG4MbrmxM5ZctsKByBL2boruZp8eIn5ADk7jirmHDTaNfH.jpg', 'md': 'https://static.amarintv.com/media/Dpe4A5wywPtex5mO6ziKG4MbrmxM5ZctsKByBL2boruZp8eIn5xjzbCKqMM8CUrPv.jpg', 'lg': 'https://static.amarintv.com/media/PJVlR0ljpO71MJ33s41DugDYYILLXDIouVZcg5CyMEnoBTubqrCOozxeSacQixbSd3.jpg', 'caption': 'News Web_16-9 (13).jpg'}",https://www.amarintv.com/news/crime/556174
ดับ 1 พารามอเตอร์ดิ่งเขื่อนป่าสักฯ ลมกระโชกแรงซัดตกพร้อมกัน 3 ลำ,556168,ดับ 1 พารามอเตอร์ดิ่งเขื่อนป่าสักฯ ลมกระโชกแรงซัดตกพร้อมกัน 3 ลำ นาทีชีวิตว่ายเกือบถึงฝั่งหมดแรงจมต่อหน้าเพื่อน,30 สิงหาคม 2569,"{'name': 'อาชญากรรม', 'id': '66c3c4ce350823a8c40ffd4e', 'path': '/news/crime'}",False,/news/crime/556168,30 ส.ค. 69,"{'id': '6a9395eb219c740a460e58b3', 'sm': 'https://static.amarintv.com/media/Dpe4A5wywPtex5aA8n89OBEph104s6eoMcooVnGOFMNB1KFDntwCMQZBCTNKiAZi9.jpg', 'md': 'https://static.amarintv.com/media/Dpe4A5wywPtex5aA8n89OBEph104s6eoMcooVnGOFMNB1KFDnujiat1nA3TFQ43Tn.jpg', 'lg': 'https://static.amarintv.com/media/PJVlR0ljpO71MJFaCZFyx2bRh0WeNjgh9cT0lTbsJcZxpfm3B6qU21h7R2ZgbA3Gc1.jpg', 'caption': 'News Web_16-9 - 2026-08-30T093045.131.jpg'}",https://www.amarintv.com/news/crime/556168
ปานเทพ เปิดหลักฐานใหม่คดีแตงโม ถูกทำร้าย-กดจมโคลนน้ำตื้น,556166,"""ปานเทพ"" กู้ศักดิ์ศรีคืนความเป็นธรรม ""แตงโม"" ไม่ได้ฉี่ ไม่ได้ตกเรือ เปิดหลักฐานใหม่ ชี้ถูกทำร้าย-กดจมโคลนน้ำตื้น",30 สิงหาคม 2569,"{'name': 'อาชญากรรม', 'id': '66c3c4ce350823a8c40ffd4e', 'path': '/news/crime'}",False,/news/crime/556166,30 ส.ค. 69,"{'id': '6a938a14292e2271080c58f2', 'sm': 'https://static.amarintv.com/media/Dpe4A5wywPtex5ZvQjh2hE1VggDmJsvGw0zsuwGkzZYVNC67Zhz32q4geew33ur0Z.jpg', 'md': 'https://static.amarintv.com/media/Dpe4A5wywPtex5ZvQjh2hE1VggDmJsvGw0zsuwGkzZYVNC67ZinaHKXIdE2ympLlD.jpg', 'lg': 'https://static.amarintv.com/media/PJVlR0ljpO71MJEXKav3KkEQ2QW5iIygBsJixInOEQ0fj2LbTVYSiDADKQNDqyCkYN.jpg', 'caption': 'News Web_16-9 - 2026-08-30T084024.336.jpg'}",https://www.amarintv.com/news/crime/556166
ด่วน! เกิดเหตุระเบิดบริเวณGlobal House แยกบานาปัตตานี แนะเลี่ยงเส้นทาง,556165,ด่วน! กอ.รมน. ภาค 4 สน. แจ้งเตือน หลีกเลี่ยงพื้นที่ หลังเกิดเหตุระเบิดบริเวณ Global House แยกบานา อ.เมือง ปัตตานี,29 สิงหาคม 2569,"{'name': 'อาชญากรรม', 'id': '66c3c4ce350823a8c40ffd4e', 'path': '/news/crime'}",False,/news/crime/556165,29 ส.ค. 69,"{'id': '6a92de314b33fca65b0a54e2', 'sm': 'https://static.amarintv.com/media/Dpe4A5wywPtex4W7cKWa7xIO1yj0bkCIL5cavUwjiHDmVY2pcZUlBIAryfII3xWHL.jpg', 'md': 'https://static.amarintv.com/media/Dpe4A5wywPtex4W7cKWa7xIO1yj0bkCIL5cavUwjiHDmVY2pcaIHPldTxFODmrz1z.jpg', 'lg': 'https://static.amarintv.com/media/PJVlR0ljpO71MEuxeSwnU22BYM0Ah2wxzPPYfbyiw1I6UWttLKRCo23j41mvm881oZ.jpg', 'caption': 'News Web_16-9 - 2026-08-29T202456.404.jpg'}",https://www.amarintv.com/news/crime/556165
เร่งคลี่คลายปม ฮ. ยิงชายวัย 21 ตร.สั่งผ่าหัวกระสุนในร่างตรวจพิสูจน์,556158,เร่งคลี่คลายปม ฮ. ยิงชายวัย 21 ชายแดนใต้ ตร.สั่งผ่าเอาหัวกระสุนในร่างตรวจพิสูจน์ หลังหลักฐานไทม์ไลน์-กล้องวงจรปิดพบบริสุทธิ์ ชี้ไม่เกี่ยวเหตุเผาอบต.,29 สิงหาคม 2569,"{'name': 'อาชญากรรม', 'id': '66c3c4ce350823a8c40ffd4e', 'path': '/news/crime'}",False,/news/crime/556158,29 ส.ค. 69,"{'id': '6a92cb3dc19dff2b88014a02', 'sm': 'https://static.amarintv.com/media/Dpe4A5wywPtex4WoRSHzUhXTmGlcxdqkAGSNQpv0yuDdT8zps1rXNuX5NPnDkCsTj.jpg', 'md': 'https://static.amarintv.com/media/Dpe4A5wywPtex4WoRSHzUhXTmGlcxdqkAGSNQpv0yuDdT8zps2e3cN0hLzs8S7MEN.jpg', 'lg': 'https://static.amarintv.com/media/PJVlR0ljpO71MEtgTY0T6xyQ9VQq4SjyoZ9Mw0dkFgKVEfLWRHZFq9VbPDmZpaYgxf.jpg', 'caption': 'สั่งผ่าหัวกระสุน (2).jpg'}",https://www.amarintv.com/news/crime/556158
หนุ่มใหญ่ตกงานพิษหนี้ท่วม ตัดสินใจวิ่งราวทอง 10 บาท ย่านปิ่นเกล้า,556145,เปิดปากสารภาพ! หนุ่มใหญ่ตกงานพิษหนี้ท่วม บุกฉกสร้อยข้อมือทองคำ 10 บาทราคา 7 แสน ร้านทองย่านปิ่นเกล้า สุดท้ายหนีไม่พ้น รปภ.-พลเมืองดีรวบทันควัน,29 สิงหาคม 2569,"{'name': 'อาชญากรรม', 'id': '66c3c4ce350823a8c40ffd4e', 'path': '/news/crime'}",False,/news/crime/556145,29 ส.ค. 69,"{'id': '6a92a9d3b5006eafd503c312', 'sm': 'https://static.amarintv.com/media/Dpe4A5wywPtex4V9VulG22JXjdQvXYjdhJYyiTveYem4wXsn0icnFQ97cDrNEE2o1.jpg', 'md': 'https://static.amarintv.com/media/Dpe4A5wywPtex4V9VulG22JXjdQvXYjdhJYyiTveYem4wXsn0jQJTucjanxHw9WZf.jpg', 'lg': 'https://static.amarintv.com/media/PJVlR0ljpO71MEqxTyZOajktUc1Nmlcd62yctrmFfIcqbv6Ug18NMAAeeMVizbVOrz.jpg', 'caption': 'วิ่งราวทอง 10 บาท (3).jpg'}",https://www.amarintv.com/news/crime/556145
คนร้ายกว่า 10 คน ปิดหน้าบุกเผา อบต.สาคอบน จับ รปภ.-พนักงานขยะ มัด,556115,คนร้ายกว่า 10 คน ปิดหน้าบุกเผา อบต.สาคอบน จับมัด รปภ.-พนักงานขยะ ก่อนเผายางขวางถนนสายหลักปัตตานี ฝ่ายความมั่นคงลุยตรึงกำลังสั่งปิดพื้นที่,29 สิงหาคม 2569,"{'name': 'อาชญากรรม', 'id': '66c3c4ce350823a8c40ffd4e', 'path': '/news/crime'}",False,/news/crime/556115,29 ส.ค. 69,"{'id': '6a924ad6c8a7b2ea6c0b3712', 'sm': 'https://static.amarintv.com/media/Dpe4A5wywPtex4IRZgXA2yuP8JgKgkrF74bCiJUfH40e8j8ehPW5BzYhL3hvFfP1z.jpg', 'md': 'https://static.amarintv.com/media/Dpe4A5wywPtex4IRZgXA2yuP8JgKgkrF74bCiJUfH40e8j8ehQKbQS1JKdnpyZtmd.jpg', 'lg': 'https://static.amarintv.com/media/PJVlR0ljpO71MDwL3XpBoVg96XSzcjf6nXBohAgogqsv4IhwFJInRwB8DcahTUPEPj.jpg', 'caption': 'บุกเผาอบต.สาคอบน (3).jpg'}",https://www.amarintv.com/news/crime/556115
มหาดไทย เปิดปฏิบัติการ “สิงห์ปราบ มังกรทมิฬ” บุกทลายผับดังห้วยขวาง,556111,มหาดไทย นำกำลัง DOPA S.W.A.T. เปิดปฏิบัติการ “สิงห์ปราบ มังกรทมิฬ” บุกทลายผับดังห้วยขวาง ผงะทุนจีนเทาของแท้ พบเคยถูกจับมาแล้ว แต่ยังเปิดซ้ำได้,29 สิงหาคม 2569,"{'name': 'อาชญากรรม', 'id': '66c3c4ce350823a8c40ffd4e', 'path': '/news/crime'}",False,/news/crime/556111,29 ส.ค. 69,"{'id': '6a923e26970dcc503e0a8d72', 'sm': 'https://static.amarintv.com/media/Dpe4A5wywPtex4H8t2fHactscPfMjHF87zlOwd36nLvMIXXzRY2Fv4lCx2dFe2hRL.jpg', 'md': 'https://static.amarintv.com/media/Dpe4A5wywPtex4H8t2fHactscPfMjHF87zlOwd36nLvMIXXzRZpmAYDowcjANxBBz.jpg', 'lg': 'https://static.amarintv.com/media/PJVlR0ljpO71MDu6xbCepQovioAz29SrtDDvCLdAFyi2GkiXtsXVoDfmkR9PkGW66Z.jpg', 'caption': 'ทลายผับดังห้วยขวาง (3).jpg'}",https://www.amarintv.com/news/crime/556111
"""ชัชชาติ"" ลงพื้นที่ไฟไหม้ ไร้ผู้ติดค้าง หวั่นโครงสร้างเสี่ยงยุบตัว",556109,"""ชัชชาติ"" ลงพื้นที่ติดตามเหตุเพลิงไหม้ ""คลองถมเซ็นเตอร์"" เบื้องต้นไร้ผู้ติดค้าง หวั่นโครงสร้างเสี่ยงยุบตัว",28 สิงหาคม 2569,"{'name': 'อาชญากรรม', 'id': '66c3c4ce350823a8c40ffd4e', 'path': '/news/crime'}",False,/news/crime/556109,28 ส.ค. 69,"{'id': '6a91b544ef0ff286780c1fe2', 'sm': 'https://static.amarintv.com/media/Dpe4A5wywPtex3GB6GTr5TIYqZpHHAbynj5hXpQtsW49j0F93DOjU6AnkFQdw1f0x.jpg', 'md': 'https://static.amarintv.com/media/Dpe4A5wywPtex3GB6GTr5TIYqZpHHAbynj5hXpQtsW49j0F93ECFjZdPipWYfv9lb.jpg', 'lg': 'https://static.amarintv.com/media/PJVlR0ljpO71L9e394FXWnAp5H7vW501FaVjzsZGvMnUP9GvhLCJspVSbUzL2WJD9T.jpg', 'caption': 'News Web_16-9 - 2026-08-28T231456.464.jpg'}",https://www.amarintv.com/news/crime/556109
ด่วน! ไฟไหม้คลองถมเซ็นเตอร์ ถ.วรจักร ระดมรถดับเพลิงเร่งระงับเหตุ,556104,เกิดเหตุเพลิงไหม้คลองถมเซ็นเตอร์ ถ.วรจักร ต้นเพลิงชั้น 1 ร้านค้า รถดับเพลิงสวนมะลิและพื้นที่ใกล้เคียงเร่งระงับเหตุ หลีกเลี่ยงเส้นทาง,28 สิงหาคม 2569,"{'name': 'อาชญากรรม', 'id': '66c3c4ce350823a8c40ffd4e', 'path': '/news/crime'}",False,/news/crime/556104,28 ส.ค. 69,"{'id': '6a91982a61d147232b0febd2', 'sm': 'https://static.amarintv.com/media/Dpe4A5wywPtex23fEaoyvOx4oa7w1nnhRLOHrhimoxmoJq4KobSli84sFuzMGOfoh.jpg', 'md': 'https://static.amarintv.com/media/Dpe4A5wywPtex23fEaoyvOx4oa7w1nnhRLOHrhimoxmoJq4KocGHxcXUEU5GzI9ZL.jpg', 'lg': 'https://static.amarintv.com/media/PJVlR0ljpO71L8pKSSEhlDIF47U1vdpPY6WTxwi7mc3jyBJ580Yy4pUzEGag0VGPXP.jpg', 'caption': 'News Web_16-9 (43).jpg'}",https://www.amarintv.com/news/crime/556104
ป่วนต่อเนื่อง! คนร้ายเผายางรถยนต์หลายจุด พื้นที่ อ.ยะรัง​ จ.ปัตตานี,556103,ป่วนต่อเนื่อง! คนร้ายเผายางรถยนต์หลายจุด พื้นที่ อ.ยะรัง​ จ.ปัตตานี ก่อนลอบวางเพลิง อบต.สาคอบน ไฟลุกไหม้รุนแรง,28 สิงหาคม 2569,"{'name': 'อาชญากรรม', 'id': '66c3c4ce350823a8c40ffd4e', 'path': '/news/crime'}",False,/news/crime/556103,28 ส.ค. 69,"{'id': '6a9195ce1539848da603fd02', 'sm': 'https://static.amarintv.com/media/Dpe4A5wywPtex23e1hWULBeO599jYl6zj6njp5OdCZxQrbHDN3IBZgNBWWVNIy7c5.jpg', 'md': 'https://static.amarintv.com/media/Dpe4A5wywPtex23e1hWULBeO599jYl6zj6njp5OdCZxQrbHDN35hn9pnU6bH1tbNj.jpg', 'lg': 'https://static.amarintv.com/media/PJVlR0ljpO71L8pJbDuLTgI1pd8OJmq48aHZTGTt38fa7V7HTNTHnkyampUtJBlFaV.jpg', 'caption': 'News Web_16-9 - 2026-08-28T210136.055.jpg'}",https://www.amarintv.com/news/crime/556103
สาวสีคิ้วโคราชแจ้งความ อ้างนายทหารเรือใช้ปืนตบหน้า-ขู่ฆ่า ปมหึงหวง,556098,สาวสีคิ้วโคราชแจ้งความ อ้างถูกนายทหารเรือใช้ปืนตบหน้า-ขู่ฆ่า ปมเข้าเคลียร์ปัญหาหึงหวง ยันไม่มีความสัมพันธ์ตามที่ถูกกล่าวหา,28 สิงหาคม 2569,"{'name': 'อาชญากรรม', 'id': '66c3c4ce350823a8c40ffd4e', 'path': '/news/crime'}",False,/news/crime/556098,28 ส.ค. 69,"{'id': '6a9187f0f8d67fee050077c2', 'sm': 'https://static.amarintv.com/media/Dpe4A5wywPtex23MDo9XJCaXpJ92uTlElXcisZxRrSSgrDLfZH4QX4dmlPnLqbD0x.jpg', 'md': 'https://static.amarintv.com/media/Dpe4A5wywPtex23MDo9XJCaXpJ92uTlElXcisZxRrSSgrDLfZIrwmX6OjztGZVhlb.jpg', 'lg': 'https://static.amarintv.com/media/PJVlR0ljpO71L8n3xHPZjUA5r7RgDO5FAU15VYffEvie9vJfpmUTc7A8YJm7Hy5b9T.jpg', 'caption': 'News Web_16-9 (37).jpg'}",https://www.amarintv.com/news/crime/556098
ศาลสั่งคุก3ปี หมอเหรียญทองหมิ่นเพจบะหมี่ดัง เจ้าตัวลั่นขออุทธรณ์สู้ต่อ,556091,ศาลสั่งจำคุก 3 ปี 'หมอเหรียญทอง' หมิ่นเพจบะหมี่ดัง รอลงอาญา 2 ปี-ปรับ 3 แสน จ่ายชดเชยเพิ่มอีก 3 แสน เจ้าตัวลั่นขออุทธรณ์สู้ต่อ,28 สิงหาคม 2569,"{'name': 'อาชญากรรม', 'id': '66c3c4ce350823a8c40ffd4e', 'path': '/news/crime'}",False,/news/crime/556091,28 ส.ค. 69,"{'id': '6a916f7ef0e16c84d8076b72', 'sm': 'https://static.amarintv.com/media/Dpe4A5wywPtex22nmVpAeSPrXJEGuJwvC77boLmhptm7ySh5hQMR7UZEJswFyGANH.jpg', 'md': 'https://static.amarintv.com/media/Dpe4A5wywPtex22nmVpAeSPrXJEGuJwvC77boLmhptm7ySh5hQ9yLx1qIS2AhAd7v.jpg', 'lg': 'https://static.amarintv.com/media/PJVlR0ljpO71L8llkVbUBFWzFja70kZUQPjcJ59JCUY27qkFjMit7MEKKd7s1b8aJ3.jpg', 'caption': 'คุก 3 ปี หมิ่นบะหมี่ดัง (3).jpg'}",https://www.amarintv.com/news/crime/556091
มอบตัวแล้ว 3! เหตุรุมทำร้ายหน้าผับเชียงใหม่ เลือดคั่งสมอง,556066,มอบตัวแล้ว 3! เหตุรุมทำร้ายหน้าผับเชียงใหม่ เลือดคั่งสมอง อ้างฉุนถูกมองหน้า-ด่าตามหลัง,28 สิงหาคม 2569,"{'name': 'อาชญากรรม', 'id': '66c3c4ce350823a8c40ffd4e', 'path': '/news/crime'}",False,/news/crime/556066,28 ส.ค. 69,"{'id': '6a914f2e7da95b75d4001ad2', 'sm': 'https://static.amarintv.com/media/Dpe4A5wywPtex22BsCvY5g2ZPqHeqWFRWrLqPi1tdKHSGt7CMLMgYuf9JeCcba30p.jpg', 'md': 'https://static.amarintv.com/media/Dpe4A5wywPtex22BsCvY5g2ZPqHeqWFRWrLqPi1tdKHSGt7CMMACnN8lIEIXKVXlT.jpg', 'lg': 'https://static.amarintv.com/media/PJVlR0ljpO71L8jFD1Zs5huoQt46q3LxrsUOcP71uZwGvztvEJ5rkZ2tffHST2QJcR.jpg', 'caption': 'News Web_16-9 - 2026-08-28T160432.093.jpg'}",https://www.amarintv.com/news/crime/556066
"ชาวจะแนะลุกฮือละหมาด ขอความเป็นธรรม""ซอและ""ถูกยิงเจ็บ ตร.สอบปากคำเพื่อน",556064,"ชาวจะแนะลุกฮือละหมาดขอความเป็นธรรมให้ ""ซอและ"" ส่วนเพื่อน 3 คนที่ร่วมอยู่ที่เกิดเหตุ ตำรวจเรียกสอบปากคำแล้ว",28 สิงหาคม 2569,"{'name': 'อาชญากรรม', 'id': '66c3c4ce350823a8c40ffd4e', 'path': '/news/crime'}",False,/news/crime/556064,28 ส.ค. 69,"{'id': '6a914f054f721ad067053e02', 'sm': 'https://static.amarintv.com/media/Dpe4A5wywPtex22BsAUmqlktb07Yvj7LG9sAtGu0Tw7W6ku1US8QTPvWnd2k22l4p.jpg', 'md': 'https://static.amarintv.com/media/Dpe4A5wywPtex22BsAUmqlktb07Yvj7LG9sAtGu0Tw7W6ku1UTvwhtN8mD8flxFpT.jpg', 'lg': 'https://static.amarintv.com/media/PJVlR0ljpO71L8jFDrXJt5NppApQQccV22xtAP3aBsJIt5veLsAzJs4OdWcjLMqF8R.jpg', 'caption': 'News Web_16-9 (17).jpg'}",https://www.amarintv.com/news/crime/556064
นักศึกษาแพทย์ ร้องสายไหมต้องรอด ถูกคอลเซ็นเตอร์ หลอกโอนเงินสูญ 11 ล้าน,556054,นักศึกษาแพทย์ปริญญาเอก หอบหลักฐานร้องสายไหมต้องรอด ถูกแก๊งคอลเซ็นเตอร์ อ้างเป็น AIS-ตำรวจ หลอกโอนเงินส่งคนมารับถึงที่พัก สูญเกือบ 11 ล้านใน 3 วัน,28 สิงหาคม 2569,"{'name': 'อาชญากรรม', 'id': '66c3c4ce350823a8c40ffd4e', 'path': '/news/crime'}",False,/news/crime/556054,28 ส.ค. 69,"{'id': '6a913a6ddd16c7e4ca0b74a2', 'sm': 'https://static.amarintv.com/media/Dpe4A5wywPtex21sYDih2eOngGlkDr5lp43JAcE9cBKnTfWpn7OOvcEAu9BeWsblb.jpg', 'md': 'https://static.amarintv.com/media/Dpe4A5wywPtex21sYDih2eOngGlkDr5lp43JAcE9cBKnTfWpn8Bu95gmtjHZFm5WF.jpg', 'lg': 'https://static.amarintv.com/media/PJVlR0ljpO71L8hxRUqn280bKjRK3TX1jE3rL16ltqz4Uhfl60OwwJrOIVDSQYrgkd.jpg', 'caption': 'News Web_16-9 (11).jpg'}",https://www.amarintv.com/news/crime/556054
“ปานเทพ” แถลงด่วน! ยัน “คดีแตงโมยังไม่จบ” ซัดขบวนการปล่อยข่าวปลอม,556052,“ปานเทพ” แถลงด่วน! ยัน “คดีแตงโมยังไม่จบ” ซัดขบวนการปล่อยข่าวปลอม โต้ดีเอสไอยุติตั้งเรื่อง ยันส่ง ป.ป.ช. ฟัน ม.157 จับตาโยงเคาะโผตำรวจใหญ่,28 สิงหาคม 2569,"{'name': 'อาชญากรรม', 'id': '66c3c4ce350823a8c40ffd4e', 'path': '/news/crime'}",False,/news/crime/556052,28 ส.ค. 69,"{'id': '6a912e9bd1824c3443051902', 'sm': 'https://static.amarintv.com/media/Dpe4A5wywPtex21ZtWlNiKaFh0Bp4TR4CqFaPacXarefNKWCzTTlXu3ZRULfeW7GN.jpg', 'md': 'https://static.amarintv.com/media/Dpe4A5wywPtex21ZtWlNiKaFh0Bp4TR4CqFaPacXarefNKWCzUHHmOWBP4RaNRa01.jpg', 'lg': 'https://static.amarintv.com/media/PJVlR0ljpO71L8giPTTp7FBs3sy5Cfn5ZDwYXrPKuPj62WvBpta6KTbbX2ao397jop.jpg', 'caption': 'คดีแตงโมยังไม่จบ (3).jpg'}",https://www.amarintv.com/news/crime/556052
ช็อกทั้งบ้าน! โชเฟอร์แท็กซี่ขับมารับลูกค้าประจำ วูบดับหน้าห้องน้ำ,556048,ช็อกทั้งบ้าน! โชเฟอร์แท็กซี่ขับมารับลูกค้าประจำ วูบดับหน้าห้องน้ำ ยายวัย 83 ตกใจร้องลั่น,28 สิงหาคม 2569,"{'name': 'อาชญากรรม', 'id': '66c3c4ce350823a8c40ffd4e', 'path': '/news/crime'}",False,/news/crime/556048,28 ส.ค. 69,"{'id': '6a912a4a4a863a6fbf019ba2', 'sm': 'https://static.amarintv.com/media/Dpe4A5wywPtex21Za4oXG2Ffrml4DxESxSnGMez9o693tF9ECxKNeJMLflPZL4Uhf.jpg', 'md': 'https://static.amarintv.com/media/Dpe4A5wywPtex21Za4oXG2Ffrml4DxESxSnGMez9o693tF9ECx7tsmoxeLVT4yySJ.jpg', 'lg': 'https://static.amarintv.com/media/PJVlR0ljpO71L8ghBH4raXUu4Hafdolvli5bllUqlFlkGMsIrYqLerw8gy2u3vwWU9.jpg', 'caption': 'News Web_16-9 - 2026-08-28T132711.884.jpg'}",https://www.amarintv.com/news/crime/556048
สุดสลด!ผัวฆ่าเมียข้ามจังหวัด ขับกระบะลาลูก ก่อนพุ่งชน 18 ล้อ เสียชีวิต,556032,สุดสลด! ผัวฆ่าเมียข้ามจังหวัด ขับกระบะลาลูก ก่อนพุ่งชนพ่วง 18 ล้อ เสียชีวิตตามเมีย,28 สิงหาคม 2569,"{'name': 'อาชญากรรม', 'id': '66c3c4ce350823a8c40ffd4e', 'path': '/news/crime'}",False,/news/crime/556032,28 ส.ค. 69,"{'id': '6a91105a3657e3354d04ec72', 'sm': 'https://static.amarintv.com/media/Dpe4A5wywPtex21C032FNXU2aBssOlqVpcbbjildHdtdYNdLW0EpbpynnwzBbs6Gx.jpg', 'md': 'https://static.amarintv.com/media/Dpe4A5wywPtex21C032FNXU2aBssOlqVpcbbjildHdtdYNdLW02LqJRPmW46KnZ1b.jpg', 'lg': 'https://static.amarintv.com/media/PJVlR0ljpO71L8fBwarThOWMrdGmoTk1dLbT0y2sO2vvV9me6KrQ6eduqmpy1EteDT.jpg', 'caption': 'News Web_16-9 - 2026-08-28T113630.938.jpg'}",https://www.amarintv.com/news/crime/556032
20 รุม 1 กระทืบฟุบคาส้นเท้า พี่ร้องคดีไม่คืบ-ต้องตามหาวงจรปิดเอง,556018,แฉคลิปฉาว! 20 รุม 1 กระทืบฟุบคาส้นเท้า พี่สาวจวก สภ.ช้างเผือก คดีไม่คืบ-ต้องตามหาวงจรปิดเอง,28 สิงหาคม 2569,"{'name': 'อาชญากรรม', 'id': '66c3c4ce350823a8c40ffd4e', 'path': '/news/crime'}",False,/news/crime/556018,28 ส.ค. 69,"{'id': '6a90fc416ea00a628e068f82', 'sm': 'https://static.amarintv.com/media/Dpe4A5wywPtex11DGJMs5PDK2iXdUMMwbVLgO1PfnRvFMVhqUQpCTKfO0wMGFbsMt.jpg', 'md': 'https://static.amarintv.com/media/Dpe4A5wywPtex11DGJMs5PDK2iXdUMMwbVLgO1PfnRvFMVhqURcihn70zWSAyWL7X.jpg', 'lg': 'https://static.amarintv.com/media/PJVlR0ljpO71L4XCxYAheWJG5P65FYYwA3djHV2CmNUZc87EvidbVXLoUQFGBFmEix.jpg', 'caption': 'News Web_16-9 - 2026-08-28T101040.837.jpg'}",https://www.amarintv.com/news/crime/556018
ศึก 2 สถาบัน! ยกพวกตีกันกลางสกายวอล์กปทุมวัน เจ็บ 4 รวบได้ 8 ราย,556015,เดือดแต่เช้า! 2 สถาบันย่านปทุมวัน เปิดศึกกลางลานวันสยาม เจ็บ 4 ตำรวจตะครุบทันควัน,28 สิงหาคม 2569,"{'name': 'อาชญากรรม', 'id': '66c3c4ce350823a8c40ffd4e', 'path': '/news/crime'}",False,/news/crime/556015,28 ส.ค. 69,"{'id': '6a90f1e0f740870f2f06b252', 'sm': 'https://static.amarintv.com/media/Dpe4A5wywPtex109Zf1IsTJqmATlH0atWDLUwm96Q4kX1jF4kpzvotnB1gz9JyZIJ.jpg', 'md': 'https://static.amarintv.com/media/Dpe4A5wywPtex109Zf1IsTJqmATlH0atWDLUwm96Q4kX1jF4kqnR3NFn0G532s22x.jpg', 'lg': 'https://static.amarintv.com/media/PJVlR0ljpO71L4WxjVhZ87F965S5SYeXRDIxyxBulzoOhK4ZpSZukaNyrWpxZHTToJ.jpg', 'caption': 'News Web_16-9 - 2026-08-28T092550.949.jpg'}",https://www.amarintv.com/news/crime/556015
โป๊ะแตกใต้จีวร! พระแสบซุกขวดฉี่คนอื่นในกางเกง หวังรอดตรวจสารเสพติด,556013,โป๊ะแตกใต้จีวร! พระแสบซุกขวดฉี่คนอื่นในกางเกง หวังรอดตรวจสารเสพติด สุดท้ายไม่รอดฉี่ม่วงคู่,28 สิงหาคม 2569,"{'name': 'อาชญากรรม', 'id': '66c3c4ce350823a8c40ffd4e', 'path': '/news/crime'}",False,/news/crime/556013,28 ส.ค. 69,"{'id': '6a90e8c463ea728e690b2102', 'sm': 'https://static.amarintv.com/media/Dpe4A5wywPtex10q8fJpsatDdjNI2V2y92IaVnRzM6nnudLdqtAI9kaoiBwAGFWep.jpg', 'md': 'https://static.amarintv.com/media/Dpe4A5wywPtex10q8fJpsatDdjNI2V2y92IaVnRzM6nnudLdqtxpOD3Qgl14y90PT.jpg', 'lg': 'https://static.amarintv.com/media/PJVlR0ljpO71L4Vjbyn6PcWCWFYQoaWWjdgwxUNlbcHqH2fYkRek6gOsa0ZVRtUamR.jpg', 'caption': 'News Web_16-9 - 2026-08-28T084718.058.jpg'}",https://www.amarintv.com/news/crime/556013
หนุ่มเจอช้างป่าวิ่งไล่ ยอมวิ่งเปลี่ยนทางล่อช้างหนีเมีย ถูกเหยียบดับสลด,556008,สุดสลด หนุ่มวัย 38 กรีดยางกับเมีย เจอช้างป่าวิ่งไล่ ยอมวิ่งเปลี่ยนทางล่อช้างหนีเมีย สุดท้ายตัวเองถูกเหยียบร่างเละดับสลดต่อหน้าเมีย,28 สิงหาคม 2569,"{'name': 'อาชญากรรม', 'id': '66c3c4ce350823a8c40ffd4e', 'path': '/news/crime'}",False,/news/crime/556008,28 ส.ค. 69,"{'id': '6a90d2c50cbb3754c80c3802', 'sm': 'https://static.amarintv.com/media/Dpe4A5wywPtex10Xj04muukYNMJZdncvg44zaUiFXZx4chuapjrQpJfKVmRnN0jil.jpg', 'md': 'https://static.amarintv.com/media/Dpe4A5wywPtex10Xj04muukYNMJZdncvg44zaUiFXZx4chuapkew3m7wUMXh6vDTP.jpg', 'lg': 'https://static.amarintv.com/media/PJVlR0ljpO71L4URWCdyBCWP8eK1MW6wP5AoUs0uMqiFH1VsHhEomJDVtlJ6zwQW1v.jpg', 'caption': 'News Web_16-9 - 2026-08-28T071341.457.jpg'}",https://www.amarintv.com/news/crime/556008
"ปิดล้อมกดดันหนัก! ""กิ๊กหนุ่ม"" ยิงผัวดับ ยอมมอบตัวหลังญาติเกลี้ยกล่อม",556002,แค้นฝ่ายหญิงบอกเลิก! กิ๊กหนุ่มพกปืนลูกซองสั้นบุกยิงสามีดับคาบ้านพัก หลังก่อเหตุทำทีลวงหลบหนีขึ้นเขา สุดท้ายญาติช่วยเกลี้ยกล่อมพาเข้ามอบตัว,27 สิงหาคม 2569,"{'name': 'อาชญากรรม', 'id': '66c3c4ce350823a8c40ffd4e', 'path': '/news/crime'}",False,/news/crime/556002,27 ส.ค. 69,"{'id': '6a904fe4658adc10bf05c972', 'sm': 'https://static.amarintv.com/media/Dpe4A5wywPtex1lvpaClvQ6jPhLVFyd4LyxZsvlwQC9oBZcHN6q92dOW0ScJ4WJG1.jpg', 'md': 'https://static.amarintv.com/media/Dpe4A5wywPtex1lvpaClvQ6jPhLVFyd4LyxZsvlwQC9oBZcHN7egG6q8y2iEnQm1f.jpg', 'lg': 'https://static.amarintv.com/media/PJVlR0ljpO71L3V6zBgv5L7ziJAzGAbeAxuCM0j9QQWhPzGFzcBhTIf9URRZxSnKTz.jpg', 'caption': 'ปกใหม่_16-9 - 2026-08-27T215329.272.jpg'}",https://www.amarintv.com/news/crime/556002
ระทึก! รถบัสพนักงานคว่ำ เจ็บระงม 10 ราย ตร.หิ้วปีกคนขับเป่าแอลกอฮอล์,556001,ระทึก! รถบัสรับส่งพนักงานโรงงาน เสียหลักพลิกคว่ำตกคันนาเจ็บระงม 10 ราย คนขับอ้างหักหลบกระบะแต่ ตร.ได้กลิ่นเหล้าหึ่ง หิ้วตรวจแอลกอฮอล์,27 สิงหาคม 2569,"{'name': 'อาชญากรรม', 'id': '66c3c4ce350823a8c40ffd4e', 'path': '/news/crime'}",False,/news/crime/556001,27 ส.ค. 69,"{'id': '6a90497cb745af556205e352', 'sm': 'https://static.amarintv.com/media/Dpe4A5wywPtex1lsUCQ2YCCUhQfH1yrvWwVChCiWvjf5ph9nF8mR0ab8q26qqgmY1.jpg', 'md': 'https://static.amarintv.com/media/Dpe4A5wywPtex1lsUCQ2YCCUhQfH1yrvWwVChCiWvjf5ph9nF9ZyE34kpdClZbGJf.jpg', 'lg': 'https://static.amarintv.com/media/PJVlR0ljpO71L3VtAtXqjOZmxWIgeNWrkDk2cah4Aan0HiWdah8FerCLlZ7dIL2Gnz.jpg', 'caption': 'ปกใหม่_16-9 - 2026-08-27T212750.384.jpg'}",https://www.amarintv.com/news/crime/556001
"เปิดใจโผตร.! ""บิ๊กเต่า""ลั่น ""อย่าคิดน้อยใจวาสนา"" อยู่ตรงไหนก็ทำงานได้",555996,"""บิ๊กเต่า"" เปิดใจปมแต่งตั้งโยกย้ายตำรวจ ลั่น ""อย่าไปคิดน้อยใจในวาสนา ขอให้ตั้งใจทำงาน อยู่ตรงไหนก็ทำงานได้หมด""",27 สิงหาคม 2569,"{'name': 'อาชญากรรม', 'id': '66c3c4ce350823a8c40ffd4e', 'path': '/news/crime'}",False,/news/crime/555996,27 ส.ค. 69,"{'id': '6a902f6dfde451dc19060e02', 'sm': 'https://static.amarintv.com/media/Dpe4A5wywPtex1lJuWpJLP2kFQUKdJdT1F6PYfIX4PZs7GfLH9OLSEqCUU7sG0ns5.jpg', 'md': 'https://static.amarintv.com/media/Dpe4A5wywPtex1lJuWpJLP2kFQUKdJdT1F6PYfIX4PZs7GfLIABrgiIoS5DmzvHdj.jpg', 'lg': 'https://static.amarintv.com/media/PJVlR0ljpO71L3TaPbj34djW9tZROXHD9OgfjKimsPoNmC0t60eia1IOmTnrA2hjeV.jpg', 'caption': 'ปกใหม่_16-9 - 2026-08-27T193634.616.jpg'}",https://www.amarintv.com/news/crime/555996
"เปิดโปง! โกงสอบท้องถิ่น สาย""นายกเฮง""เรียกหัวละ 6.5 แสน บรรจุแล้ว 57 คน",555994,"""บิ๊กเต่า"" เปิดขบวนการโกงสอบสาย ""นายกเฮง"" เรียกรับหัวละ 6.5 แสน กว่า 100 คน พบได้รับบรรจุแล้ว 57 คน จ่อเรียกสอบขยายผลตัวการใหญ่",27 สิงหาคม 2569,"{'name': 'อาชญากรรม', 'id': '66c3c4ce350823a8c40ffd4e', 'path': '/news/crime'}",False,/news/crime/555994,27 ส.ค. 69,"{'id': '6a902aae411704c8e008f0e2', 'sm': 'https://static.amarintv.com/media/Dpe4A5wywPtex1lJYLeSXsuwSkxTvt0W52VDpDYiCogjp8K8FdGPXHaRtrTXmv67D.jpg', 'md': 'https://static.amarintv.com/media/Dpe4A5wywPtex1lJYLeSXsuwSkxTvt0W52VDpDYiCogjp8K8Fd3vlk23sRZSVqarr.jpg', 'lg': 'https://static.amarintv.com/media/PJVlR0ljpO71L3TYv1bF36xJav5nnHSOq8W7HgBWi7UfTSdSGbzxRqdMPB5KarK7zX.jpg', 'caption': 'ปกใหม่_16-9 - 2026-08-27T191616.801.jpg'}",https://www.amarintv.com/news/crime/555994
เร่งล่า! คนร้ายชิงทองอรัญฯ พบร้านถูกปล้นซ้ำครั้งที่ 2 เร่งแกะรอย CCTV,555979,เร่งล่าตัว! คนร้ายชิงทองอรัญฯ พบร้านถูกปล้นซ้ำครั้งที่ 2 ขณะที่ EOD ตชด.12 ตรวจพบระเบิด 4 ลูก ระเบิดแล้ว 2 ลูก ตำรวจเร่งแกะรอยกล้องวงจรปิด,27 สิงหาคม 2569,"{'name': 'อาชญากรรม', 'id': '66c3c4ce350823a8c40ffd4e', 'path': '/news/crime'}",False,/news/crime/555979,27 ส.ค. 69,"{'id': '6a9010c2ffcbd6f2870622e5', 'sm': 'https://static.amarintv.com/media/Dpe4A5wywPtex1kwyLlP3K9iKt14RxUNZi8f6IncL5YMbL7dtQi2k84mcNQxORimJ.jpg', 'md': 'https://static.amarintv.com/media/Dpe4A5wywPtex1kwyLlP3K9iKt14RxUNZi8f6IncL5YMbL7dtRWYzcXOaxWr7MCWx.jpg', 'lg': 'https://static.amarintv.com/media/PJVlR0ljpO71L3R3hN3zlzYJGVYkZdpdXiZ12Do4ZO75WRXkuwEBO5Ubwz2eJjqdgJ.jpg', 'caption': 'News Web_16-9 - 2026-08-27T172052.481.jpg'}",https://www.amarintv.com/news/crime/555979
"ยังไร้เงา ""ป้าดา"" เมินหมายเรียก คดีบุกรุกวัด ตร.ขีดเส้นถึงเที่ยงคืนนี้",555980,ขีดเส้นถึงเที่ยงคืน! ยังไร้เงา “ป้าดา” รับทราบข้อหาคดีบุกรุกวัด ด้าน ผกก.ขอนแก่น ลั่น หากไม่มาหรือไม่มีหนังสือแจ้งเลื่อน จ่อออกหมายเรียกรอบสองต่อทันที,27 สิงหาคม 2569,"{'name': 'อาชญากรรม', 'id': '66c3c4ce350823a8c40ffd4e', 'path': '/news/crime'}",False,/news/crime/555980,27 ส.ค. 69,"{'id': '6a90107f3420dd759b05da22', 'sm': 'https://static.amarintv.com/media/Dpe4A5wywPtex1kwxY4dUKN5Go1FA47Y0KWzMgFdnPGVxwaobwC2LMLXp6j6aJSih.jpg', 'md': 'https://static.amarintv.com/media/Dpe4A5wywPtex1kwxY4dUKN5Go1FA47Y0KWzMgFdnPGVxwaobw0YZpn9ogp1JDwTL.jpg', 'lg': 'https://static.amarintv.com/media/PJVlR0ljpO71L3R3d81LFQNdxerKrxLQjYyPZqemWCWOBh8DAiD1gcHovg7iGjkKlP.jpg', 'caption': 'ปกใหม่_16-9 - 2026-08-27T172312.581.jpg'}",https://www.amarintv.com/news/crime/555980
ทลายเครือข่าย OLE777 รวบสาวบัญชีม้า พบเส้นเงิน 3 ชั้น ทะลุ 529 ล้าน,555971,ตำรวจ CIB ขยายผลเว็บพนันออนไลน์ OLE777 แกะรอยเส้นทางการเงินซับซ้อน 3 ชั้น มูลค่ากว่า 529 ล้านบาท ก่อนรวบตัวผู้ต้องหารายสำคัญคาสถานีรถไฟปัตตานี,27 สิงหาคม 2569,"{'name': 'อาชญากรรม', 'id': '66c3c4ce350823a8c40ffd4e', 'path': '/news/crime'}",False,/news/crime/555971,27 ส.ค. 69,"{'id': '6a9006eae4734ea0d1010bc2', 'sm': 'https://static.amarintv.com/media/Dpe4A5wywPtex1keSo6I3XJ3jTlAlFVF6ru7fltAyLL2FhJSthjmFrNIRgXulZR4h.jpg', 'md': 'https://static.amarintv.com/media/Dpe4A5wywPtex1keSo6I3XJ3jTlAlFVF6ru7fltAyLL2FhJStiXIUKpuQGdpUTvpL.jpg', 'lg': 'https://static.amarintv.com/media/PJVlR0ljpO71L3QpHDCEsnm1by4ydIDGiYp3sfv1VMNBU02ZV4TDFuO3MqxNTDlfbP.jpg', 'caption': 'ปกใหม่_16-9 - 2026-08-27T164332.410.jpg'}",https://www.amarintv.com/news/crime/555971
เปิดคลิปสาว 30 ใช้วิชาอมน้ำพรางตัวหนีตำรวจ,555958,สาวเสพยา อมน้ำถือเคล็ด “วิชาพรางตัว” แอบหลังประตูส้วม แต่แจ็กพอตโทรศัพท์ดังพาโป๊ะ ถูกตำรวจจับได้ในที่สุด,27 สิงหาคม 2569,"{'name': 'อาชญากรรม', 'id': '66c3c4ce350823a8c40ffd4e', 'path': '/news/crime'}",False,/news/crime/555958,27 ส.ค. 69,"{'id': '6a8ffba75c90388bf50cd242', 'sm': 'https://static.amarintv.com/media/Dpe4A5wywPtetu2tgK5pIKvyOonQ5aZ0IGMIsvv53XRyMVYInOx7a8fTOerAq3LwJ.jpg', 'md': 'https://static.amarintv.com/media/Dpe4A5wywPtetu2tgK5pIKvyOonQ5aZ0IGMIsvv53XRyMVYInPldpb75NEw5Zxpgx.jpg', 'lg': 'https://static.amarintv.com/media/PJVlR0ljpO7045j961IFzudZafwJ3HErPbkIA1P5CoJhQ8Tpn2yRNln6aLyttrEKyJ.jpg', 'caption': 'News Web_16-9 - 2026-08-27T155506.428.jpg'}",https://www.amarintv.com/news/crime/555958
วงแตก! สืบเมืองคอน บุกสวนปาล์ม รวบ 9 นักพนัน วิ่งหนีกระเจิง,555962,วงแตก! บุกรวบ 9 นักพนัน ลักลอบตั้งวงไพ่สิบแต้มกลางสวนปาล์ม ตกใจวิ่งหนีแตกกระเจิงคาวง ยึดของกลางไพ่-เงินสด อ้างเจ้ามือตัวจริงชิ่งหนีไปได้,27 สิงหาคม 2569,"{'name': 'อาชญากรรม', 'id': '66c3c4ce350823a8c40ffd4e', 'path': '/news/crime'}",False,/news/crime/555962,27 ส.ค. 69,"{'id': '6a8ff8c7cf217c4f13088ab2', 'sm': 'https://static.amarintv.com/media/Dpe4A5wywPtetu2qZaGnYtwTzyfZGJYikV2jujaH9I4ELGvhEEgCkB8HO2HmjK9jv.jpg', 'md': 'https://static.amarintv.com/media/Dpe4A5wywPtetu2qZaGnYtwTzyfZGJYikV2jujaH9I4ELGvhEFTiyfatNcNhSFdUZ.jpg', 'lg': 'https://static.amarintv.com/media/PJVlR0ljpO7045jxG7xYqJBf36hpnYxYyGVVmSP28cvfP16QgqUSc9623uimH0jxpD.jpg', 'caption': 'ปกใหม่_16-9 - 2026-08-27T154327.700.jpg'}",https://www.amarintv.com/news/crime/555962
ระทึก! ชายคลั่งจุดไฟเผามอเตอร์ไซค์ ยิงหนังสติ๊กใส่ ตร. ก่อนถูกรวบ,555955,นาทีระทึก! ตร.สยบหนุ่มคลั่งเผามอเตอร์ไซค์ หลังขับรถไล่ชนชาวบ้าน-ยิงหนังสติ๊กใส่จนท. พบประวัติเคยใช้ปืนขู่ชาวบ้าน และเป็นผู้ป่วยจิตเวชก่อนอาการกำเริบ,27 สิงหาคม 2569,"{'name': 'อาชญากรรม', 'id': '66c3c4ce350823a8c40ffd4e', 'path': '/news/crime'}",False,/news/crime/555955,27 ส.ค. 69,"{'id': '6a8feff28c155ad02108ff12', 'sm': 'https://static.amarintv.com/media/Dpe4A5wywPtetu2a1gLXshd4SqQrZB1tsIZV8fNU0a8Vf2ZMhYt4ssMHUWBTAYqPT.jpg', 'md': 'https://static.amarintv.com/media/Dpe4A5wywPtetu2a1gLXshd4SqQrZB1tsIZV8fNU0a8Vf2ZMhZha7LotS6HNtTJ97.jpg', 'lg': 'https://static.amarintv.com/media/PJVlR0ljpO7045iu482954PedIg7NVr2uOsqty3EEfXKzmoDvvzkA0SrQYAhWPF9Nb.jpg', 'caption': 'ปกใหม่_16-9 - 2026-08-27T150517.250.jpg'}",https://www.amarintv.com/news/crime/555955
ระทึก! ไฟไหม้โรงพิมพ์ 3 ชั้นครึ่ง กลางเมืองแม่สอด คาดไฟฟ้าลัดวงจร,555953,ระทึก! ไฟไหม้โรงพิมพ์ชื่อดังกลางเมืองแม่สอด เจ้าหน้าที่ดับเพลิงระดมรถ 4 คัน คุมเพลิงได้ใน 40 นาที คาดไฟฟ้าลัดวงจร,27 สิงหาคม 2569,"{'name': 'อาชญากรรม', 'id': '66c3c4ce350823a8c40ffd4e', 'path': '/news/crime'}",False,/news/crime/555953,27 ส.ค. 69,"{'id': '6a8fec4fc347f678390f2ee3', 'sm': 'https://static.amarintv.com/media/Dpe4A5wywPtetu2am1CNqFoHXIi3zT4ViYpciQgiYRbS9jyOghMgFIS1mR5tbTGI9.jpg', 'md': 'https://static.amarintv.com/media/Dpe4A5wywPtetu2am1CNqFoHXIi3zT4ViYpciQgiYRbS9jyOgiACTlvdk2BoKNj3n.jpg', 'lg': 'https://static.amarintv.com/media/PJVlR0ljpO7045it6a9KdxTobhWGf4MpAB1L3eOaAQAuaP1Z8MvqRaGiYbHgfWC5G1.jpg', 'caption': 'News Web_16-9 (21).jpg'}",https://www.amarintv.com/news/crime/555953
3 วัยรุ่นซิ่ง จยย. ชนหญิงข้ามทางม้าลายเสียชีวิต ยืนดูผลงานก่อนซิ่งหนี,555949,ไร้มนุษยธรรม! 3 วัยรุ่นซิ่ง จยย. ชนหญิงข้ามทางม้าลายเสียชีวิต ยืนดูผลงานก่อนซิ่งหนี หลานวอน ตร. ลากตัวลงโทษ,27 สิงหาคม 2569,"{'name': 'อาชญากรรม', 'id': '66c3c4ce350823a8c40ffd4e', 'path': '/news/crime'}",False,/news/crime/555949,27 ส.ค. 69,"{'id': '6a8febc05c66aeb3d503f692', 'sm': 'https://static.amarintv.com/media/Dpe4A5wywPtetu2ajGcKSFngmVMgBODgorQJJ6OTnSRbenaruChUmW1gzrGJNEz6V.jpg', 'md': 'https://static.amarintv.com/media/Dpe4A5wywPtetu2ajGcKSFngmVMgBODgorQJJ6OTnSRbenaruDU000UIyRMD59Tq9.jpg', 'lg': 'https://static.amarintv.com/media/PJVlR0ljpO7045itq6oSerRMqThqNECi0CmpzCbHEPeBgeyQl8Jm6oNqjxCg4lKA3r.jpg', 'caption': 'News Web_16-9 - 2026-08-27T144803.572.jpg'}",https://www.amarintv.com/news/crime/555949
ปปป. จับเพิ่มจนท.อบต.ตองปิด ร่วมนายกเฮง เรียกรับเงินแลกสอบท้องถิ่น,555947,ปปป.จับอีกรายเจ้าหน้าที่อบต.ตองปิด ศรีสะเกษ ร่วมกับนายกเฮง เรียกรับเงินผู้เสียหายสอบข้าราชการท้องถิ่น,27 สิงหาคม 2569,"{'name': 'อาชญากรรม', 'id': '66c3c4ce350823a8c40ffd4e', 'path': '/news/crime'}",False,/news/crime/555947,27 ส.ค. 69,"{'id': '6a8fe4f7b87e25b1830963c2', 'sm': 'https://static.amarintv.com/media/Dpe4A5wywPtetu2XKAYDDfRn8VLTHuzFJupaOzOWuAjabf6A04WUTJIEUjQYqPvIp.jpg', 'md': 'https://static.amarintv.com/media/Dpe4A5wywPtetu2XKAYDDfRn8VLTHuzFJupaOzOWuAjabf6A05J0hmkqTJWTZKO3T.jpg', 'lg': 'https://static.amarintv.com/media/PJVlR0ljpO7045ifnTlSmdK1DJcq8BU5SQrCVNhT38WRLl1hgUYLpRf83Qq0xEQLwR.jpg', 'caption': 'News Web_16-9 (19).jpg'}",https://www.amarintv.com/news/crime/555947
ด่วน! คนร้ายปาระเบิด ชิงทรัพย์ ร้านทองห้างดังอรัญประเทศ,555942,ด่วน! คนร้ายปาระเบิด ชิงทรัพย์ ร้านทองห้างดังอรัญประเทศ ก่อนบิดมอไซค์หนีเข้าเมือง ตำรวจ-กู้ภัยประกาศเตือนภัย ใครพบเห็นวอนแจ้ง 191 ทันที,27 สิงหาคม 2569,"{'name': 'อาชญากรรม', 'id': '66c3c4ce350823a8c40ffd4e', 'path': '/news/crime'}",False,/news/crime/555942,27 ส.ค. 69,"{'id': '6a8fd8a3a39c0ef9d5096152', 'sm': 'https://static.amarintv.com/media/Dpe4A5wywPtetu2EfKgwJX5HaRpRHyCAHaQt8h532cFQDsikSZ2mjStXgSXoeHM5X.jpg', 'md': 'https://static.amarintv.com/media/Dpe4A5wywPtetu2EfKgwJX5HaRpRHyCAHaQt8h532cFQDsikSaqIxwL9e2djNBqqB.jpg', 'lg': 'https://static.amarintv.com/media/PJVlR0ljpO7045hQkrdUyuv0og6asOkQeodH0AHEsz7sTV8x14hhD9KCHq8yC66437.jpg', 'caption': 'ปาระเบิดร้านทอง (3).jpg'}",https://www.amarintv.com/news/crime/555942
สรุปคนร้ายป่วน จ.นราธิวาส 13 อำเภอ จำนวน 59 จุด ใช้ระเบิด 60 ลูก,555940,สรุปคนร้ายป่วน 3 จังหวัด ที่ จ.นราธิวาส คนร้ายได้ก่อเหตุรวมทั้งสิ้น 13 อำเภอ จำนวน 59 จุด ใช้ระเบิด 60 ลูก ชาวระแงะสุดทนออกมาแสดงพลังต้าน,27 สิงหาคม 2569,"{'name': 'อาชญากรรม', 'id': '66c3c4ce350823a8c40ffd4e', 'path': '/news/crime'}",False,/news/crime/555940,27 ส.ค. 69,"{'id': '6a8fd7c47ffc92422f080392', 'sm': 'https://static.amarintv.com/media/Dpe4A5wywPtetu2EamJ2eIiIyFBY3ml7dIwECLu9AeVNzen0SEKV0PBqOw5vISUHr.jpg', 'md': 'https://static.amarintv.com/media/Dpe4A5wywPtetu2EamJ2eIiIyFBY3ml7dIwECLu9AeVNzen0SE72EseSNXBp1Mx2V.jpg', 'lg': 'https://static.amarintv.com/media/PJVlR0ljpO7045hQR3iw8bS8WwtwxpatiUOcpCh94BRnGmgf4c2t951lZZHne00nwh.jpg', 'caption': 'News Web_16-9 - 2026-08-27T132047.245.jpg'}",https://www.amarintv.com/news/crime/555940
